,PLTR,PLTR,PLTR,PLTR,PLTR,PLTR,NVDA,NVDA,NVDA,NVDA,NVDA,NVDA,META,META,META,META,META,META,TTWO,TTWO,TTWO,TTWO,TTWO,TTWO,AMD,AMD,AMD,AMD,AMD,AMD,AAPL,AAPL,AAPL,AAPL,AAPL,AAPL,CCL,CCL,CCL,CCL,CCL,CCL,COST,COST,COST,COST,COST,COST
,Open,High,Low,Close,Adj Close,Volume,Open,High,Low,Close,Adj Close,Volume,Open,High,Low,Close,Adj Close,Volume,Open,High,Low,Close,Adj Close,Volume,Open,High,Low,Close,Adj Close,Volume,Open,High,Low,Close,Adj Close,Volume,Open,High,Low,Close,Adj Close,Volume,Open,High,Low,Close,Adj Close,Volume
Date,,,,,,,,,,,,,,,,,,,,,,,,,,,,,,,,,,,,,,,,,,,,,,,,
2020-09-30,10.0,11.40999984741211,9.109999656677246,9.5,9.5,338584400.0,13.157500267028809,13.6225004196167,13.150250434875488,13.530500411987305,13.492260932922363,689184000.0,261.9800109863281,266.0799865722656,260.1000061035156,261.8999938964844,260.9033508300781,20142500.0,164.7899932861328,166.25,162.80999755859375,165.22000122070312,165.22000122070312,929100.0,81.75,82.94000244140625,80.66000366210938,81.98999786376953,81.98999786376953,51533700,113.79000091552734,117.26000213623047,113.62000274658203,115.80999755859375,112.92619323730469,142675200.0,15.420000076293945,15.960000038146973,15.109999656677246,15.180000305175781,15.180000305175781,44374800.0,352.55999755859375,357.70001220703125,351.1700134277344,355.0,328.03289794921875,2525800.0
2020-10-01,9.6899995803833,10.100000381469727,9.229999542236328,9.460000038146973,9.460000038146973,124297600.0,13.758000373840332,13.762749671936035,13.460749626159668,13.614500045776367,13.57602310180664,525004000.0,265.3500061035156,268.3299865722656,264.79998779296875,266.6300048828125,265.6153564453125,20009800.0,166.47999572753906,168.02999877929688,165.67999267578125,166.11000061035156,166.11000061035156,1047400.0,83.05999755859375,85.25,82.86000061035156,84.86000061035156,84.86000061035156,52177100,117.63999938964844,117.72000122070312,115.83000183105469,116.79000091552734,113.88177490234375,116120400.0,15.430000305175781,15.430000305175781,14.699999809265137,15.029999732971191,15.029999732971191,28158400.0,356.260009765625,359.69000244140625,354.82000732421875,358.4599914550781,331.2301025390625,2053000.0
2020-10-02,9.0600004196167,9.279999732971191,8.9399995803833,9.199999809265137,9.199999809265137,55018300.0,13.225000381469727,13.519499778747559,13.050999641418457,13.062250137329102,13.025334358215332,552496000.0,261.2099914550781,265.1499938964844,259.17999267578125,259.94000244140625,258.9508056640625,16367600.0,162.6199951171875,164.1999969482422,157.82000732421875,160.14999389648438,160.14999389648438,1255800.0,82.58000183105469,84.6500015258789,81.66000366210938,81.80000305175781,81.80000305175781,52855100,112.88999938964844,115.37000274658203,112.22000122070312,113.0199966430664,110.20567321777344,144712000.0,14.260000228881836,15.220000267028809,14.229999542236328,15.15999984741211,15.15999984741211,30936100.0,354.7300109863281,357.8399963378906,352.8500061035156,355.010009765625,328.0422668457031,2125000.0
2020-10-05,9.430000305175781,9.489999771118164,8.920000076293945,9.029999732971191,9.029999732971191,36316900.0,13.236000061035156,13.64424991607666,13.222749710083008,13.642499923706055,13.60394287109375,479820000.0,262.20001220703125,264.8699951171875,260.8399963378906,264.6499938964844,263.6429138183594,12822300.0,161.92999267578125,164.9600067138672,161.17999267578125,164.75999450683594,164.75999450683594,853600.0,82.55000305175781,86.27999877929688,82.55000305175781,86.1500015258789,86.1500015258789,47056500,113.91000366210938,116.6500015258789,113.55000305175781,116.5,113.59901428222656,106243800.0,15.109999656677246,15.229999542236328,14.800000190734863,14.960000038146973,14.960000038146973,22169300.0,355.3299865722656,358.9800109863281,355.3299865722656,358.5799865722656,331.3409729003906,2093500.0
2020-10-06,9.039999961853027,10.180000305175781,8.899999618530273,9.899999618530273,9.899999618530273,90864000.0,13.829999923706055,14.142000198364258,13.664999961853027,13.736499786376953,13.697678565979004,784420000.0,261.7799987792969,265.69000244140625,258.239990234375,258.6600036621094,257.6756896972656,18696900.0,164.89999389648438,167.0,161.39999389648438,162.1999969482422,162.1999969482422,1064400.0,86.20999908447266,87.25,83.54000091552734,84.4800033569336,84.4800033569336,52725400,115.69999694824219,116.12000274658203,112.25,113.16000366210938,110.34217834472656,161498200.0,15.260000228881836,15.970000267028809,15.119999885559082,15.1899995803833,15.1899995803833,43724300.0,361.8999938964844,363.0,357.0400085449219,358.3500061035156,331.1284484863281,2760400.0
2020-10-07,10.039999961853027,10.489999771118164,9.989999771118164,10.0,10.0,54672400.0,13.999750137329102,14.119250297546387,13.863499641418457,13.96399974822998,13.924535751342773,418084000.0,259.2099914550781,260.17999267578125,254.82000732421875,258.1199951171875,257.1377258300781,23133400.0,162.55999755859375,163.52999877929688,159.49000549316406,160.9600067138672,160.9600067138672,984800.0,86.0999984741211,87.79000091552734,85.6500015258789,86.69000244140625,86.69000244140625,43045700,114.62000274658203,115.55000305175781,114.12999725341797,115.08000183105469,112.2143783569336,96849000.0,15.479999542236328,16.049999237060547,15.289999961853027,15.989999771118164,15.989999771118164,30265000.0,360.4700012207031,364.739990234375,359.6600036621094,363.0199890136719,335.4437561035156,1959100.0
2020-10-08,10.289999961853027,10.399999618530273,9.989999771118164,10.0,10.0,34989200.0,14.074999809265137,14.084500312805176,13.758000373840332,13.838749885559082,13.799637794494629,378900000.0,259.75,264.6199951171875,259.1499938964844,263.760009765625,262.75628662109375,16312800.0,162.4600067138672,162.9199981689453,159.07000732421875,160.4199981689453,160.4199981689453,904800.0,88.11000061035156,88.72000122070312,85.94999694824219,86.51000213623047,86.51000213623047,54240700,116.25,116.4000015258789,114.58999633789062,114.97000122070312,112.10710144042969,83477200.0,16.15999984741211,16.170000076293945,15.369999885559082,15.609999656677246,15.609999656677246,40986000.0,364.79998779296875,365.9700012207031,361.75,365.0899963378906,337.3565368652344,1793100.0
2020-10-09,10.130000114440918,10.1899995803833,9.890000343322754,9.949999809265137,9.949999809265137,19653500.0,13.767000198364258,13.824250221252441,13.660750389099121,13.762749671936035,13.723854064941406,346892000.0,264.5199890136719,264.75,262.1700134277344,264.45001220703125,263.4436950683594,14107800.0,161.1300048828125,162.6999969482422,160.75999450683594,161.63999938964844,161.63999938964844,611900.0,84.73999786376953,85.75,82.3499984741211,83.0999984741211,83.0999984741211,80354400,115.27999877929688,117.0,114.91999816894531,116.97000122070312,114.05730438232422,100506900.0,15.720000267028809,16.06999969482422,15.539999961853027,15.6899995803833,15.6899995803833,33815700.0,366.0,369.75,365.70001220703125,369.4599914550781,341.3945007324219,1730700.0
2020-10-12,10.039999961853027,10.050000190734863,9.65999984741211,9.890000343322754,9.890000343322754,20623600.0,13.989500045776367,14.347000122070312,13.912500381469727,14.22599983215332,14.185795783996582,434744000.0,270.20001220703125,280.17999267578125,267.8699951171875,275.75,274.70062255859375,31019300.0,164.94000244140625,168.27000427246094,163.92999267578125,167.13999938964844,167.13999938964844,1784900.0,83.6500015258789,85.12999725341797,83.12000274658203,84.29000091552734,84.29000091552734,47669700,120.05999755859375,125.18000030517578,119.27999877929688,124.4000015258789,121.30228424072266,240226800.0,15.449999809265137,15.510000228881836,15.199999809265137,15.210000038146973,15.210000038146973,25968000.0,371.0,380.6600036621094,370.7699890136719,376.4800109863281,347.8812255859375,2806900.0
2020-10-13,9.880000114440918,9.880000114440918,9.40999984741211,9.470000267028809,9.470000267028809,21847200.0,14.296500205993652,14.34850025177002,14.018750190734863,14.248250007629395,14.207983016967773,344604000.0,277.5799865722656,279.1000061035156,273.3900146484375,276.1400146484375,275.0892028808594,18063300.0,167.27999877929688,170.1199951171875,164.66000366210938,169.16000366210938,169.16000366210938,1368900.0,84.86000061035156,86.08999633789062,83.97000122070312,85.27999877929688,85.27999877929688,42764100,125.2699966430664,125.38999938964844,119.6500015258789,121.0999984741211,118.08445739746094,262330500.0,14.710000038146973,14.829999923706055,13.979999542236328,14.029999732971191,14.029999732971191,49344200.0,378.4200134277344,382.2900085449219,376.4800109863281,380.67999267578125,351.7622375488281,1823300.0
2020-10-14,9.600000381469727,9.65999984741211,9.289999961853027,9.34000015258789,9.34000015258789,13652600.0,14.290499687194824,14.34274959564209,13.960000038146973,14.095250129699707,14.055414199829102,276100000.0,277.6199951171875,278.75,271.5,271.82000732421875,270.78564453125,15577800.0,170.41000366210938,170.99000549316406,166.3000030517578,168.94000244140625,168.94000244140625,1123700.0,85.86000061035156,85.95999908447266,83.45999908447266,84.20999908447266,84.20999908447266,40403000,121.0,123.02999877929688,119.62000274658203,121.19000244140625,118.17222595214844,150712000.0,14.329999923706055,14.430000305175781,13.90999984741211,13.970000267028809,13.970000267028809,34393700.0,382.8900146484375,383.8699951171875,376.70001220703125,378.3399963378906,349.5999450683594,1904400.0
2020-10-15,9.270000457763672,9.90999984741211,9.180000305175781,9.90999984741211,9.90999984741211,12924100.0,13.810750007629395,14.005749702453613,13.767749786376953,13.970000267028809,13.93051815032959,267224000.0,267.6000061035156,269.0400085449219,263.6700134277344,266.7200012207031,265.70501708984375,15416100.0,166.35000610351562,168.5,165.0500030517578,168.02999877929688,168.02999877929688,881400.0,83.4000015258789,84.72000122070312,82.41999816894531,83.12999725341797,83.12999725341797,33696400,118.72000122070312,121.19999694824219,118.1500015258789,120.70999908447266,117.70415496826172,112559200.0,13.720000267028809,14.039999961853027,13.619999885559082,14.020000457763672,14.020000457763672,29283600.0,376.4599914550781,378.3599853515625,373.05999755859375,376.5799865722656,347.9736633300781,1697800.0
2020-10-16,9.9399995803833,9.949999809265137,9.65999984741211,9.710000038146973,9.710000038146973,11142500.0,14.036749839782715,14.121500015258789,13.792499542236328,13.81149959564209,13.772466659545898,242392000.0,267.3800048828125,271.3699951171875,265.29998779296875,265.92999267578125,264.9180603027344,16622700.0,169.0,170.8000030517578,167.83999633789062,168.22000122070312,168.22000122070312,2043700.0,83.54000091552734,83.98999786376953,82.41000366210938,83.16999816894531,83.16999816894531,31474300,121.27999877929688,121.55000305175781,118.80999755859375,119.0199966430664,116.0562515258789,115393800.0,14.050000190734863,14.329999923706055,13.710000038146973,14.079999923706055,14.079999923706055,39528600.0,380.5,384.8699951171875,379.1199951171875,381.5400085449219,352.5570068359375,2459400.0
2020-10-19,9.789999961853027,9.819999694824219,9.529999732971191,9.569999694824219,9.569999694824219,9126400.0,13.902999877929688,13.983499526977539,13.406749725341797,13.497750282287598,13.459603309631348,298068000.0,265.5299987792969,268.54998779296875,259.8800048828125,261.3999938964844,260.4052429199219,13587000.0,170.52000427246094,172.0,164.4199981689453,165.52999877929688,165.52999877929688,1005400.0,83.62000274658203,84.6500015258789,81.52999877929688,82.0,82.0,36689100,119.95999908447266,120.41999816894531,115.66000366210938,115.9800033569336,113.09196472167969,120639300.0,14.210000038146973,14.5,13.989999771118164,14.149999618530273,14.149999618530273,28037800.0,382.0299987792969,383.0899963378906,374.7099914550781,375.55999755859375,347.0311584472656,1938100.0
2020-10-20,9.600000381469727,9.65999984741211,9.270000457763672,9.270000457763672,9.270000457763672,11138200.0,13.583499908447266,13.799750328063965,13.506999969482422,13.645500183105469,13.606934547424316,229212000.0,263.05999755859375,269.70001220703125,262.8800048828125,267.55999755859375,266.5418395996094,18763200.0,166.6999969482422,167.11000061035156,164.02999877929688,164.44000244140625,164.44000244140625,1003100.0,82.16000366210938,82.69000244140625,80.58000183105469,81.55999755859375,81.55999755859375,38219400,116.19999694824219,118.9800033569336,115.62999725341797,117.51000213623047,114.58385467529297,124423700.0,14.420000076293945,14.710000038146973,14.229999542236328,14.609999656677246,14.609999656677246,27572800.0,377.69000244140625,382.0799865722656,376.1199951171875,378.30999755859375,349.572265625,1282300.0
2020-10-21,9.300000190734863,9.479999542236328,9.199999809265137,9.199999809265137,9.199999809265137,9190000.0,13.625,13.791500091552734,13.477499961853027,13.524749755859375,13.48652458190918,219596000.0,279.55999755859375,283.04998779296875,276.3699951171875,278.7300109863281,277.6693420410156,28998600.0,165.75,166.61000061035156,163.50999450683594,164.5500030517578,164.5500030517578,782500.0,81.72000122070312,81.93000030517578,79.19000244140625,79.19999694824219,79.19999694824219,36426400,116.66999816894531,118.70999908447266,116.44999694824219,116.87000274658203,113.95979309082031,89946000.0,14.600000381469727,14.630000114440918,14.3100004196167,14.479999542236328,14.479999542236328,17538900.0,378.55999755859375,381.2799987792969,377.0199890136719,377.82000732421875,349.1195068359375,1466500.0
2020-10-22,9.369999885559082,9.75,9.220000267028809,9.680000305175781,9.680000305175781,17928600.0,13.522500038146973,13.611749649047852,13.231749534606934,13.361000061035156,13.323241233825684,290480000.0,279.8699951171875,282.45001220703125,275.0400085449219,278.1199951171875,277.0616149902344,16720000.0,164.27999877929688,164.5500030517578,159.47999572753906,163.2899932861328,163.2899932861328,1387000.0,79.6500015258789,80.81999969482422,78.41999816894531,79.41999816894531,79.41999816894531,38006800,117.44999694824219,118.04000091552734,114.58999633789062,115.75,112.86769104003906,101988000.0,14.529999732971191,15.239999771118164,14.470000267028809,15.1899995803833,15.1899995803833,32572800.0,377.3500061035156,378.3800048828125,372.0299987792969,375.75,347.20672607421875,1813200.0
2020-10-23,9.710000038146973,9.829999923706055,9.470000267028809,9.489999771118164,9.489999771118164,12618000.0,13.449999809265137,13.593250274658203,13.291250228881836,13.590250015258789,13.551841735839844,233484000.0,278.79998779296875,285.239990234375,276.82000732421875,284.7900085449219,283.7062683105469,17535200.0,164.2899932861328,164.75,161.80999755859375,164.42999267578125,164.42999267578125,646200.0,80.93000030517578,81.98999786376953,79.33000183105469,81.95999908447266,81.95999908447266,46557700,116.38999938964844,116.55000305175781,114.27999877929688,115.04000091552734,112.17536926269531,82572600.0,15.1899995803833,15.5,15.029999732971191,15.359999656677246,15.359999656677246,25638400.0,375.6099853515625,376.5199890136719,373.55999755859375,374.6000061035156,346.14404296875,1108000.0
2020-10-26,9.720000267028809,9.970000267028809,9.600000381469727,9.949999809265137,9.949999809265137,23767300.0,13.427000045776367,13.692749977111816,13.03849983215332,13.141249656677246,13.104109764099121,336896000.0,283.1600036621094,285.2300109863281,274.260009765625,277.1099853515625,276.0554504394531,21322900.0,163.9600067138672,166.66000366210938,162.02999877929688,165.0500030517578,165.0500030517578,830000.0,82.55000305175781,84.97000122070312,80.86000061035156,82.2300033569336,82.2300033569336,69423700,114.01000213623047,116.55000305175781,112.87999725341797,115.05000305175781,112.18511962890625,111850700.0,14.75,14.829999923706055,13.819999694824219,14.029999732971191,14.029999732971191,49748400.0,366.67999267578125,372.6300048828125,366.1199951171875,370.7099914550781,342.549560546875,2145000.0
2020-10-27,10.0,11.039999961853027,9.920000076293945,10.949999809265137,10.949999809265137,53695900.0,13.305999755859375,13.442000389099121,13.191499710083008,13.396750450134277,13.358890533447266,250520000.0,278.760009765625,284.510009765625,276.30999755859375,283.2900085449219,282.21197509765625,16287200.0,166.3000030517578,167.88999938964844,165.14999389648438,167.36000061035156,167.36000061035156,722200.0,82.0,82.37000274658203,77.56999969482422,78.87999725341797,78.87999725341797,156669500,115.48999786376953,117.27999877929688,114.54000091552734,116.5999984741211,113.6965103149414,92276800.0,14.039999961853027,14.170000076293945,13.729999542236328,13.760000228881836,13.760000228881836,24449800.0,368.7699890136719,374.9100036621094,368.7699890136719,372.7200012207031,344.4069519042969,1525400.0
2020-10-28,10.65999984741211,10.984999656677246,10.100000381469727,10.850000381469727,10.850000381469727,30941700.0,13.197999954223633,13.260000228881836,12.609000205993652,12.626999855041504,12.591316223144531,376520000.0,278.7900085449219,278.7900085449219,267.260009765625,267.6700134277344,266.6513977050781,23121800.0,165.97999572753906,166.75999450683594,163.52999877929688,164.38999938964844,164.38999938964844,845300.0,78.7300033569336,78.95999908447266,75.76000213623047,76.4000015258789,76.4000015258789,76529900,115.05000305175781,115.43000030517578,111.0999984741211,111.19999694824219,108.43098449707031,143937800.0,13.239999771118164,13.270000457763672,12.289999961853027,12.300000190734863,12.300000190734863,58953200.0,367.3299865722656,372.4100036621094,364.6700134277344,364.9599914550781,337.236328125,1908300.0
2020-10-29,10.899999618530273,11.100000381469727,10.5600004196167,10.75,10.75,20515700.0,12.838500022888184,13.192749977111816,12.75,13.02400016784668,12.987192153930664,320080000.0,276.54998779296875,283.6000061035156,273.7799987792969,280.8299865722656,279.7613220214844,32368100.0,164.66000366210938,165.61000061035156,160.5,162.77000427246094,162.77000427246094,1257400.0,76.75,79.18000030517578,76.29000091552734,78.0199966430664,78.0199966430664,52784100,112.37000274658203,116.93000030517578,112.19999694824219,115.31999969482422,112.4483871459961,146129200.0,12.34000015258789,13.09000015258789,12.109999656677246,12.979999542236328,12.979999542236328,31579500.0,363.2300109863281,369.0899963378906,362.510009765625,364.8599853515625,337.7917785644531,1838500.0
2020-10-30,10.609999656677246,10.680000305175781,9.850000381469727,10.130000114440918,10.130000114440918,19705500.0,12.850000381469727,12.93649959564209,12.300000190734863,12.534000396728516,12.498576164245605,416820000.0,274.5,276.70001220703125,259.1000061035156,263.1099853515625,262.1087341308594,47247800.0,162.4600067138672,162.77000427246094,153.94000244140625,154.9199981689453,154.9199981689453,1678700.0,77.08999633789062,77.69999694824219,74.2300033569336,75.29000091552734,75.29000091552734,51349000,111.05999755859375,111.98999786376953,107.72000122070312,108.86000061035156,106.14924621582031,190272600.0,12.779999732971191,14.479999542236328,12.619999885559082,13.710000038146973,13.710000038146973,76419100.0,361.1300048828125,363.8500061035156,355.7900085449219,357.6199951171875,331.0889892578125,2724100.0
2020-11-02,10.229999542236328,10.569999694824219,10.229999542236328,10.539999961853027,10.539999961853027,11677800.0,12.657750129699707,12.836750030517578,12.395000457763672,12.580750465393066,12.545197486877441,299652000.0,264.6000061035156,270.4700012207031,257.3399963378906,261.3599853515625,260.3653869628906,27165700.0,156.83999633789062,157.11000061035156,151.0,154.02999877929688,154.02999877929688,1127000.0,75.8499984741211,76.33999633789062,73.76000213623047,74.69999694824219,74.69999694824219,45760700,109.11000061035156,110.68000030517578,107.31999969482422,108.7699966430664,106.06148529052734,122866900.0,13.489999771118164,13.649999618530273,12.930000305175781,13.550000190734863,13.550000190734863,31928100.0,362.2200012207031,365.6600036621094,360.7099914550781,364.3900146484375,337.3567199707031,1646300.0
2020-11-03,10.569999694824219,10.9399995803833,10.4399995803833,10.5,10.5,21652800.0,12.708499908447266,13.104999542236328,12.602749824523926,13.019499778747559,12.982705116271973,272900000.0,263.1600036621094,270.04998779296875,260.8800048828125,265.29998779296875,264.2903747558594,17961900.0,154.77999877929688,160.19000244140625,154.1999969482422,158.8800048828125,158.8800048828125,1163300.0,74.93000030517578,77.08000183105469,74.5999984741211,76.58000183105469,76.58000183105469,41231800,109.66000366210938,111.48999786376953,108.7300033569336,110.44000244140625,107.68989562988281,107624400.0,13.59000015258789,13.979999542236328,13.470000267028809,13.710000038146973,13.710000038146973,26494900.0,368.94000244140625,374.79998779296875,367.8900146484375,371.9599914550781,344.36517333984375,2013100.0
2020-11-04,10.819999694824219,10.920000076293945,10.550000190734863,10.720000267028809,10.720000267028809,15783400.0,13.389249801635742,13.827500343322754,13.336999893188477,13.794249534606934,13.755265235900879,410228000.0,281.0,288.94000244140625,278.6199951171875,287.3800048828125,286.2864074707031,35364400.0,161.6300048828125,166.58999633789062,161.19000244140625,163.72000122070312,163.72000122070312,1301300.0,80.25,81.8499984741211,78.97000122070312,81.3499984741211,81.3499984741211,66579700,114.13999938964844,115.58999633789062,112.3499984741211,114.94999694824219,112.08760070800781,138235500.0,13.6899995803833,13.869999885559082,13.260000228881836,13.34000015258789,13.34000015258789,27613000.0,374.0199890136719,381.6400146484375,374.0,376.1700134277344,348.2627868652344,2449800.0
2020-11-05,10.899999618530273,12.130000114440918,10.850000381469727,11.880000114440918,11.880000114440918,48560400.0,14.162500381469727,14.33899974822998,13.991000175476074,14.15999984741211,14.119980812072754,319028000.0,291.8999938964844,297.3800048828125,288.95001220703125,294.67999267578125,293.55859375,23823600.0,167.10000610351562,171.5399932861328,164.64999389648438,168.67999267578125,168.67999267578125,2131000.0,83.2699966430664,83.5,81.8499984741211,83.0,83.0,46542300,117.94999694824219,119.62000274658203,116.87000274658203,119.02999877929688,116.06600952148438,126387100.0,13.529999732971191,14.229999542236328,13.449999809265137,14.180000305175781,14.180000305175781,27600300.0,382.4800109863281,386.5799865722656,379.5,385.2300109863281,356.650634765625,2255800.0
2020-11-06,12.220000267028809,14.960000038146973,12.050000190734863,13.829999923706055,13.829999923706055,89977600.0,14.109749794006348,14.588749885559082,13.895000457763672,14.562000274658203,14.520848274230957,383348000.0,293.95001220703125,294.6000061035156,288.05999755859375,293.4100036621094,292.29345703125,13891000.0,172.77999877929688,179.4600067138672,164.24000549316406,175.19000244140625,175.19000244140625,3182000.0,83.5199966430664,86.08999633789062,82.66999816894531,85.87999725341797,85.87999725341797,53829900,118.31999969482422,119.19999694824219,116.12999725341797,118.69000244140625,115.93415069580078,114457900.0,13.90999984741211,14.140000343322754,13.65999984741211,13.819999694824219,13.819999694824219,19585600.0,381.8800048828125,386.79998779296875,380.8900146484375,385.6600036621094,357.0487060546875,1950200.0
2020-11-09,14.960000038146973,15.899999618530273,14.109999656677246,14.670000076293945,14.670000076293945,60099000.0,14.552499771118164,14.691499710083008,13.610750198364258,13.630749702453613,13.592227935791016,582976000.0,289.8699951171875,292.5799865722656,278.5299987792969,278.7699890136719,277.70916748046875,25117700.0,169.5,169.83999633789062,156.16000366210938,159.99000549316406,159.99000549316406,3189300.0,84.23999786376953,87.05000305175781,82.7699966430664,83.12000274658203,83.12000274658203,58580700,120.5,121.98999786376953,116.05000305175781,116.31999969482422,113.6191635131836,154515300.0,18.489999771118164,19.860000610351562,17.709999084472656,19.25,19.25,185304300.0,388.25,389.5,364.760009765625,365.0,337.9214782714844,4371300.0
2020-11-10,14.989999771118164,15.010000228881836,13.180000305175781,14.0,14.0,38078700.0,13.606499671936035,13.606499671936035,12.628250122070312,12.770000457763672,12.733909606933594,644068000.0,273.1000061035156,274.0,264.0,272.42999267578125,271.3932800292969,29067700.0,157.75999450683594,157.97999572753906,152.8800048828125,154.88999938964844,154.88999938964844,3032000.0,81.93000030517578,82.12999725341797,77.62999725341797,77.98999786376953,77.98999786376953,67137200,115.55000305175781,117.58999633789062,114.12999725341797,115.97000122070312,113.27729034423828,138023400.0,18.540000915527344,18.670000076293945,16.399999618530273,16.729999542236328,16.729999542236328,119449500.0,363.8800048828125,371.5400085449219,360.5899963378906,366.6199951171875,339.4212951660156,2662600.0
2020-11-11,14.569999694824219,15.970000267028809,14.399999618530273,15.960000038146973,15.960000038146973,47027900.0,13.053750038146973,13.4350004196167,12.948249816894531,13.418000221252441,13.380080223083496,404744000.0,273.4700012207031,278.3999938964844,272.4800109863281,276.4800109863281,275.4278869628906,14957000.0,157.2100067138672,161.80999755859375,156.50999450683594,161.57000732421875,161.57000732421875,1534700.0,79.38999938964844,81.47000122070312,78.97000122070312,81.27999877929688,81.27999877929688,44611300,117.19000244140625,119.62999725341797,116.44000244140625,119.48999786376953,116.71556854248047,112295000.0,16.950000762939453,16.989999771118164,16.079999923706055,16.209999084472656,16.209999084472656,57841400.0,369.67999267578125,374.70001220703125,368.1600036621094,372.9200134277344,345.2539367675781,1688800.0
2020-11-12,16.65999984741211,17.059999465942383,14.40999984741211,14.579999923706055,14.579999923706055,97904000.0,13.479000091552734,13.765999794006348,13.315999984741211,13.45674991607666,13.418719291687012,365812000.0,277.17999267578125,279.75,274.42999267578125,275.0799865722656,274.033203125,12899500.0,162.1999969482422,163.99000549316406,159.5800018310547,160.22000122070312,160.22000122070312,1410800.0,81.31999969482422,83.0,80.30000305175781,81.83999633789062,81.83999633789062,37242600,119.62000274658203,120.52999877929688,118.56999969482422,119.20999908447266,116.44207000732422,103162300.0,15.640000343322754,15.850000381469727,14.880000114440918,14.930000305175781,14.930000305175781,87592200.0,376.95001220703125,378.239990234375,373.5,375.7099914550781,347.83685302734375,1535900.0
2020-11-13,14.489999771118164,16.0,14.489999771118164,15.800000190734863,15.800000190734863,76354800.0,13.627249717712402,13.668749809265137,13.059249877929688,13.29699993133545,13.259420394897461,346312000.0,277.7200012207031,277.760009765625,273.1000061035156,276.95001220703125,275.8961181640625,10391200.0,160.1999969482422,162.88999938964844,159.39999389648438,161.8300018310547,161.8300018310547,1148600.0,82.7300033569336,83.11000061035156,80.69999694824219,81.43000030517578,81.43000030517578,30423200,119.44000244140625,119.66999816894531,117.87000274658203,119.26000213623047,116.49091339111328,81581900.0,15.1899995803833,16.200000762939453,14.979999542236328,16.010000228881836,16.010000228881836,159666300.0,376.5199890136719,379.8299865722656,374.989990234375,378.8399963378906,350.7347412109375,1274600.0
2020-11-16,15.960000038146973,16.100000381469727,15.010000228881836,15.930000305175781,15.930000305175781,65326000.0,13.172499656677246,13.649499893188477,13.156000137329102,13.515250205993652,13.477054595947266,413776000.0,275.04998779296875,279.4100036621094,274.6300048828125,278.9599914550781,277.8984375,12970400.0,161.35000610351562,162.64999389648438,159.55999755859375,162.38999938964844,162.38999938964844,1047000.0,81.20999908447266,83.77999877929688,80.4800033569336,83.7300033569336,83.7300033569336,38640800,118.91999816894531,120.98999786376953,118.1500015258789,120.30000305175781,117.50677490234375,91183000.0,17.34000015258789,18.0,16.90999984741211,17.56999969482422,17.56999969482422,112274700.0,376.9100036621094,381.2799987792969,376.9100036621094,379.7900085449219,351.6142272949219,1691500.0
2020-11-17,16.290000915527344,18.75,16.18000030517578,17.850000381469727,17.850000381469727,116618500.0,13.552499771118164,13.5962495803833,13.303750038146973,13.422249794006348,13.38431453704834,312028000.0,277.67999267578125,277.67999267578125,273.2900085449219,275.0,273.9535217285156,15040300.0,162.35000610351562,164.9499969482422,161.7899932861328,162.1999969482422,162.1999969482422,946300.0,83.93000030517578,84.80999755859375,82.91000366210938,83.36000061035156,83.36000061035156,29473500,119.55000305175781,120.66999816894531,118.95999908447266,119.38999938964844,116.61790466308594,74271000.0,17.200000762939453,18.579999923706055,16.940000534057617,18.049999237060547,18.049999237060547,63499700.0,387.32000732421875,388.4800109863281,381.7900085449219,381.9200134277344,353.58624267578125,3299100.0
2020-11-18,18.280000686645508,19.25,17.540000915527344,17.899999618530273,17.899999618530273,89957900.0,13.465250015258789,13.60575008392334,13.1850004196167,13.428750038146973,13.390798568725586,510924000.0,274.5199890136719,277.3900146484375,271.8399963378906,271.9700012207031,270.9350280761719,12152900.0,161.8800048828125,163.32000732421875,159.83999633789062,161.55999755859375,161.55999755859375,985500.0,83.01000213623047,83.95999908447266,82.22000122070312,82.54000091552734,82.54000091552734,29968000,118.61000061035156,119.81999969482422,118.0,118.02999877929688,115.28945922851562,76322100.0,17.540000915527344,18.299999237060547,17.440000534057617,17.59000015258789,17.59000015258789,72257800.0,382.8900146484375,388.04998779296875,381.7300109863281,382.2300109863281,353.87322998046875,2134600.0
2020-11-19,18.5,18.979999542236328,17.959999084472656,18.979999542236328,18.979999542236328,56225400.0,13.212750434875488,13.487500190734863,13.100000381469727,13.440250396728516,13.402266502380371,565936000.0,271.0199890136719,273.4700012207031,269.19000244140625,272.94000244140625,271.9013977050781,12963700.0,160.1999969482422,168.07000732421875,159.5500030517578,165.5800018310547,165.5800018310547,1688300.0,82.38999938964844,85.63999938964844,81.72000122070312,85.54000091552734,85.54000091552734,50116800,117.58999633789062,119.05999755859375,116.80999755859375,118.63999938964844,115.88529205322266,74113000.0,17.670000076293945,18.25,17.459999084472656,18.190000534057617,18.190000534057617,44098300.0,383.6099853515625,384.7099914550781,380.30999755859375,383.5400085449219,355.0860900878906,1768900.0
2020-11-20,19.030000686645508,19.65999984741211,18.0,18.149999618530273,18.149999618530273,72104000.0,13.454000473022461,13.494500160217285,13.0649995803833,13.087750434875488,13.050762176513672,341088000.0,272.55999755859375,273.0,269.4100036621094,269.70001220703125,268.6737060546875,18114700.0,165.99000549316406,172.52999877929688,165.22999572753906,170.0500030517578,170.0500030517578,1455300.0,85.27999877929688,86.0999984741211,84.47000122070312,84.63999938964844,84.63999938964844,35008400,118.63999938964844,118.7699966430664,117.29000091552734,117.33999633789062,114.61549377441406,73604300.0,18.15999984741211,18.280000686645508,17.329999923706055,17.3700008392334,17.3700008392334,52433300.0,383.95001220703125,385.5,381.010009765625,381.1199951171875,352.8455505371094,1807600.0
2020-11-23,18.6299991607666,21.450000762939453,18.56999969482422,21.040000915527344,21.040000915527344,84716300.0,13.171250343322754,13.382499694824219,13.01550006866455,13.140000343322754,13.102865219116211,361356000.0,270.8900146484375,270.95001220703125,264.5299987792969,268.42999267578125,267.4085388183594,20990800.0,170.0500030517578,171.58999633789062,166.88999938964844,171.19000244140625,171.19000244140625,1138100.0,85.5199966430664,87.54000091552734,84.62000274658203,85.30999755859375,85.30999755859375,46505000,117.18000030517578,117.62000274658203,113.75,113.8499984741211,111.2065200805664,127959300.0,17.8700008392334,18.360000610351562,17.6299991607666,18.18000030517578,18.18000030517578,50751300.0,383.0,383.05999755859375,380.3399963378906,381.7099914550781,353.39178466796875,1679600.0
2020-11-24,22.350000381469727,24.270000457763672,20.6299991607666,23.81999969482422,23.81999969482422,115468800.0,13.142499923706055,13.161999702453613,12.885000228881836,12.95775032043457,12.92112922668457,346500000.0,268.489990234375,277.82000732421875,267.8699951171875,276.9200134277344,275.8662109375,16930400.0,171.10000610351562,171.27000427246094,167.2899932861328,169.8300018310547,169.8300018310547,1222100.0,85.72000122070312,86.11000061035156,83.31999969482422,85.06999969482422,85.06999969482422,36839200,113.91000366210938,115.8499984741211,112.58999633789062,115.16999816894531,112.4958724975586,113874200.0,19.389999389648438,20.43000030517578,19.059999465942383,20.229999542236328,20.229999542236328,80233200.0,383.69000244140625,386.04998779296875,380.7099914550781,384.2200012207031,355.71563720703125,2061100.0
2020-11-25,23.959999084472656,29.75,23.690000534057617,29.049999237060547,29.049999237060547,202563700.0,13.032500267028809,13.269499778747559,13.020000457763672,13.234749794006348,13.197345733642578,259916000.0,278.1400146484375,280.17999267578125,272.6499938964844,275.5899963378906,274.5412902832031,12467000.0,170.5500030517578,174.44000244140625,170.5500030517578,173.97999572753906,173.97999572753906,889200.0,85.76000213623047,87.83999633789062,85.5199966430664,86.70999908447266,86.70999908447266,41349700,115.55000305175781,116.75,115.16999816894531,116.02999877929688,113.33589935302734,76499200.0,20.479999542236328,20.899999618530273,19.920000076293945,20.649999618530273,20.649999618530273,60387900.0,385.7900085449219,388.3399963378906,385.55999755859375,387.75,358.9837646484375,2034200.0
2020-11-27,31.190000534057617,33.5,26.1200008392334,27.65999984741211,27.65999984741211,207834000.0,13.375,13.407500267028809,13.170499801635742,13.261249542236328,13.223770141601562,167276000.0,277.3900146484375,279.1300048828125,274.82000732421875,277.80999755859375,276.7528381347656,7808400.0,175.8699951171875,177.94000244140625,174.35000610351562,176.41000366210938,176.41000366210938,615100.0,87.98999786376953,88.0,86.36000061035156,87.19000244140625,87.19000244140625,22717600,116.56999969482422,117.48999786376953,116.22000122070312,116.58999633789062,113.88288116455078,46691300.0,21.0,22.25,20.860000610351562,21.579999923706055,21.579999923706055,46919100.0,390.4599914550781,390.6700134277344,387.75,388.3900146484375,359.5762939453125,1329400.0
2020-11-30,28.239999771118164,30.149999618530273,24.110000610351562,27.110000610351562,27.110000610351562,137243000.0,13.265000343322754,13.412500381469727,12.972249984741211,13.40149974822998,13.36362361907959,286952000.0,276.0299987792969,277.70001220703125,271.010009765625,276.9700012207031,275.916015625,16693300.0,176.77999877929688,181.7100067138672,175.13999938964844,180.50999450683594,180.50999450683594,2667000.0,87.33000183105469,92.73999786376953,86.52999877929688,92.66000366210938,92.66000366210938,84483000,116.97000122070312,120.97000122070312,116.80999755859375,119.05000305175781,116.2857894897461,169410200.0,21.770000457763672,21.770000457763672,19.829999923706055,19.979999542236328,19.979999542236328,86740700.0,391.75,393.1499938964844,385.2300109863281,391.7699890136719,362.7054443359375,3733800.0
2020-12-01,28.09000015258789,28.139999389648438,24.450000762939453,25.670000076293945,25.670000076293945,84050000.0,13.492250442504883,13.5287504196167,13.228249549865723,13.390000343322754,13.352157592773438,296948000.0,279.1600036621094,289.29998779296875,278.9599914550781,286.54998779296875,285.45953369140625,20738900.0,181.5,181.5,175.25,180.05999755859375,180.05999755859375,1151200.0,92.25,93.9000015258789,90.77999877929688,92.62999725341797,92.62999725341797,58583600,121.01000213623047,123.47000122070312,120.01000213623047,122.72000122070312,119.87055206298828,127728200.0,20.989999771118164,21.010000228881836,20.049999237060547,20.149999618530273,20.149999618530273,47884200.0,384.5,388.07000732421875,381.17999267578125,387.55999755859375,368.2062683105469,2996800.0
2020-12-02,22.239999771118164,23.399999618530273,21.149999618530273,22.510000228881836,22.510000228881836,149062100.0,13.350500106811523,13.673500061035156,13.23425006866455,13.544500350952148,13.506221771240234,283360000.0,285.3599853515625,291.7799987792969,280.8299865722656,287.5199890136719,286.4258728027344,17361600.0,178.9499969482422,181.47999572753906,177.7899932861328,181.3000030517578,181.3000030517578,703000.0,92.88999938964844,96.37000274658203,92.52999877929688,93.73999786376953,93.73999786376953,57988800,122.0199966430664,123.37000274658203,120.88999938964844,123.08000183105469,120.22219848632812,89004200.0,19.809999465942383,21.270000457763672,19.229999542236328,21.15999984741211,21.15999984741211,52282400.0,385.4700012207031,386.8800048828125,381.57000732421875,383.5,364.3490905761719,2212800.0
2020-12-03,23.549999237060547,25.6200008392334,23.5,24.030000686645508,24.030000686645508,85634300.0,13.587499618530273,13.65999984741211,13.329000473022461,13.395999908447266,13.36208724975586,199520000.0,286.25,286.6499938964844,281.07000732421875,281.8500061035156,280.7774353027344,12921700.0,181.3300018310547,184.42999267578125,180.22000122070312,180.75999450683594,180.75999450683594,950900.0,94.05999755859375,94.69999694824219,92.01000213623047,92.30999755859375,92.30999755859375,35859700,123.5199966430664,123.77999877929688,122.20999908447266,122.94000244140625,120.08544158935547,78967600.0,21.479999542236328,23.5,21.3700008392334,22.8799991607666,22.8799991607666,92899300.0,378.0,378.7300109863281,373.2799987792969,374.04998779296875,355.3710021972656,3976400.0
2020-12-04,24.8799991607666,25.239999771118164,23.510000228881836,23.850000381469727,23.850000381469727,56044100.0,13.44849967956543,13.5600004196167,13.388750076293945,13.558250427246094,13.523926734924316,202244000.0,280.29998779296875,283.4599914550781,279.29998779296875,279.70001220703125,278.6356506347656,10880300.0,180.10000610351562,181.64999389648438,178.88999938964844,180.72999572753906,180.72999572753906,1126600.0,92.58000183105469,94.58000183105469,90.62999725341797,94.04000091552734,94.04000091552734,45570300,122.5999984741211,122.86000061035156,121.5199966430664,122.25,119.41148376464844,78260400.0,23.540000915527344,23.709999084472656,22.600000381469727,23.450000762939453,23.450000762939453,65203900.0,375.2099914550781,375.30999755859375,371.8900146484375,373.42999267578125,354.781982421875,2839700.0
2020-12-07,24.440000534057617,29.0,24.440000534057617,28.940000534057617,28.940000534057617,118463700.0,13.601249694824219,13.731249809265137,13.5,13.606749534606934,13.57230281829834,223244000.0,279.19000244140625,288.489990234375,278.20001220703125,285.5799865722656,284.49322509765625,13007700.0,181.3800048828125,184.6999969482422,180.77000427246094,183.38999938964844,183.38999938964844,1335600.0,94.94999694824219,95.0,92.97000122070312,94.06999969482422,94.06999969482422,39815700,122.30999755859375,124.56999969482422,122.25,123.75,120.87667083740234,86712000.0,23.389999389648438,23.450000762939453,22.700000762939453,23.200000762939453,23.200000762939453,47155000.0,374.2699890136719,376.5,372.6499938964844,373.3299865722656,354.6869201660156,2652900.0
2020-12-08,30.6299991607666,31.239999771118164,27.25,28.59000015258789,28.59000015258789,124754300.0,13.585000038146973,13.598750114440918,13.281499862670898,13.350000381469727,13.316205024719238,271920000.0,286.010009765625,286.42999267578125,281.54998779296875,283.3999938964844,282.3215026855469,10747700.0,184.41000366210938,186.72999572753906,182.44000244140625,183.60000610351562,183.60000610351562,1784900.0,94.05000305175781,94.73999786376953,91.9000015258789,92.91999816894531,92.91999816894531,33907500,124.37000274658203,124.9800033569336,123.08999633789062,124.37999725341797,121.49202728271484,82225500.0,23.010000228881836,23.920000076293945,22.950000762939453,23.56999969482422,23.56999969482422,42765200.0,373.95001220703125,379.5199890136719,370.75,377.6000061035156,358.74371337890625,2685500.0
2020-12-09,28.68000030517578,28.850000381469727,25.329999923706055,26.6299991607666,26.6299991607666,79634700.0,13.30049991607666,13.413999557495117,12.868249893188477,12.930749893188477,12.898014068603516,401300000.0,283.6600036621094,287.6300048828125,271.75,277.9200134277344,276.8623962402344,25189700.0,181.25,185.13999938964844,181.0,183.67999267578125,183.67999267578125,1305800.0,92.76000213623047,94.69999694824219,89.16000366210938,89.83000183105469,89.83000183105469,52170400,124.52999877929688,125.94999694824219,121.0,121.77999877929688,118.95240020751953,115089200.0,23.969999313354492,24.3799991607666,21.969999313354492,22.690000534057617,22.690000534057617,66956200.0,379.8800048828125,381.0,372.79998779296875,374.2900085449219,355.5989685058594,2461600.0
2020-12-10,25.541000366210938,28.040000915527344,25.149999618530273,27.040000915527344,27.040000915527344,57774800.0,12.869000434875488,13.068750381469727,12.849499702453613,12.972249984741211,12.939409255981445,207764000.0,275.5400085449219,278.7300109863281,271.8599853515625,277.1199951171875,276.0654296875,20065100.0,182.8300018310547,188.5399932861328,182.35000610351562,187.82000732421875,187.82000732421875,1507500.0,89.55000305175781,92.08999633789062,89.02999877929688,91.66000366210938,91.66000366210938,33804400,120.5,123.87000274658203,120.1500015258789,123.23999786376953,120.37849426269531,81312200.0,22.25,23.06999969482422,22.15999984741211,22.31999969482422,22.31999969482422,50011800.0,374.2900085449219,375.0,371.55999755859375,372.7900085449219,354.1739196777344,2566300.0
2020-12-11,27.149999618530273,28.270000457763672,26.059999465942383,27.200000762939453,27.200000762939453,52764400.0,12.967249870300293,13.020000457763672,12.822999954223633,13.013250350952148,12.980307579040527,209264000.0,274.5299987792969,276.4800109863281,270.25,273.54998779296875,272.5090637207031,14391400.0,188.19000244140625,191.0,186.83999633789062,190.2100067138672,190.2100067138672,1585800.0,91.54000091552734,92.33000183105469,90.16000366210938,91.6500015258789,91.6500015258789,28368100,122.43000030517578,122.76000213623047,120.55000305175781,122.41000366210938,119.5677719116211,86939800.0,22.639999389648438,22.81999969482422,21.280000686645508,21.31999969482422,21.31999969482422,52517400.0,379.7699890136719,379.7699890136719,372.5400085449219,375.1000061035156,356.3686218261719,3483900.0
2020-12-14,28.260000228881836,28.260000228881836,26.729999542236328,27.239999771118164,27.239999771118164,44734500.0,13.088000297546387,13.388750076293945,13.077500343322754,13.30875015258789,13.27505874633789,270156000.0,273.3699951171875,277.2200012207031,271.55999755859375,274.19000244140625,273.1466064453125,16376900.0,193.3800048828125,203.69000244140625,193.0,195.1999969482422,195.1999969482422,3660300.0,92.20999908447266,95.41000366210938,91.8499984741211,94.77999877929688,94.77999877929688,48026400,122.5999984741211,123.3499984741211,121.54000091552734,121.77999877929688,118.95240020751953,79184500.0,22.31999969482422,22.75,20.93000030517578,20.93000030517578,20.93000030517578,55423500.0,376.55999755859375,378.17999267578125,373.2099914550781,374.3800048828125,355.6844787597656,2778400.0
2020-12-15,26.81999969482422,27.100000381469727,25.520000457763672,26.43000030517578,26.43000030517578,49273200.0,13.439749717712402,13.46399974822998,13.186750411987305,13.36050033569336,13.326677322387695,193016000.0,274.8299865722656,276.0799865722656,267.4700012207031,275.54998779296875,274.50140380859375,23979500.0,195.99000549316406,197.19000244140625,193.6300048828125,194.6999969482422,194.6999969482422,2440200.0,95.93000030517578,97.9800033569336,95.44999694824219,97.12000274658203,97.12000274658203,57232700,124.33999633789062,127.9000015258789,124.12999725341797,127.87999725341797,124.91075134277344,157243700.0,21.219999313354492,21.709999084472656,19.950000762939453,21.530000686645508,21.530000686645508,56761600.0,374.5,375.69000244140625,369.29998779296875,371.8800048828125,353.309326171875,2133900.0
2020-12-16,25.709999084472656,26.15999984741211,25.110000610351562,25.920000076293945,25.920000076293945,44013400.0,13.422499656677246,13.437250137329102,13.212499618530273,13.242500305175781,13.208976745605469,223116000.0,274.760009765625,277.8599853515625,272.510009765625,275.6700134277344,274.6210021972656,15885000.0,194.5399932861328,197.8800048828125,193.75,195.1199951171875,195.1199951171875,2920400.0,97.04000091552734,97.2699966430664,95.45999908447266,96.8499984741211,96.8499984741211,34909000,127.41000366210938,128.3699951171875,126.55999755859375,127.80999755859375,124.8423843383789,98208600.0,21.530000686645508,22.209999084472656,21.309999465942383,21.760000228881836,21.760000228881836,35103700.0,371.1600036621094,372.8399963378906,368.8500061035156,369.44000244140625,350.9911193847656,2385100.0
2020-12-17,26.520000457763672,27.450000762939453,26.049999237060547,27.229999542236328,27.229999542236328,53829800.0,13.36674976348877,13.379500389099121,13.178500175476074,13.3412504196167,13.307475090026855,231384000.0,277.07000732421875,280.44000244140625,273.6099853515625,274.4800109863281,273.4355163574219,16377800.0,197.00999450683594,197.4499969482422,191.75999450683594,197.39999389648438,197.39999389648438,2128400.0,97.55000305175781,97.91999816894531,96.25,96.83999633789062,96.83999633789062,32023700,128.89999389648438,129.5800018310547,128.0399932861328,128.6999969482422,125.71170806884766,94359800.0,21.889999389648438,21.899999618530273,21.309999465942383,21.6299991607666,21.6299991607666,25810800.0,370.260009765625,370.9700012207031,368.0,370.2900085449219,351.79876708984375,2314200.0
2020-12-18,26.270000457763672,26.850000381469727,25.799999237060547,25.969999313354492,25.969999313354492,71042900.0,13.378999710083008,13.404999732971191,13.070500373840332,13.272000312805176,13.238402366638184,342064000.0,275.7699890136719,278.0,271.1400146484375,276.3999938964844,275.3481750488281,26693200.0,197.99000549316406,205.83999633789062,197.39999389648438,203.38999938964844,203.38999938964844,5178300.0,97.2699966430664,97.68000030517578,93.55999755859375,95.91999816894531,95.91999816894531,51823100,128.9600067138672,129.10000610351562,126.12000274658203,126.66000366210938,123.71910095214844,192541500.0,21.610000610351562,21.979999542236328,21.0,21.459999084472656,21.459999084472656,68420700.0,371.1000061035156,371.3599853515625,365.92999267578125,367.0,348.67303466796875,4140000.0
2020-12-21,26.190000534057617,28.700000762939453,25.399999618530273,28.510000228881836,28.510000228881836,76729100.0,13.074749946594238,13.369999885559082,12.967499732971191,13.332249641418457,13.298498153686523,302332000.0,272.9800109863281,274.6700134277344,267.7900085449219,272.7900085449219,271.751953125,16553700.0,203.9600067138672,204.4199981689453,198.27999877929688,201.77000427246094,201.77000427246094,1087700.0,94.25,95.27999877929688,91.08000183105469,93.2300033569336,93.2300033569336,47093900,125.0199966430664,128.30999755859375,123.44999694824219,128.22999572753906,125.25263977050781,121251600.0,20.219999313354492,21.299999237060547,20.030000686645508,21.059999465942383,21.059999465942383,51476700.0,365.0899963378906,366.1199951171875,361.80999755859375,364.9700012207031,346.74444580078125,2329700.0
2020-12-22,29.030000686645508,29.420000076293945,26.81999969482422,28.040000915527344,28.040000915527344,66033100.0,13.319250106811523,13.337249755859375,13.053999900817871,13.278249740600586,13.244633674621582,185580000.0,271.5,271.5,264.6300048828125,267.0899963378906,266.0735778808594,17312900.0,202.74000549316406,204.16000366210938,200.5800018310547,201.86000061035156,201.86000061035156,706000.0,93.36000061035156,93.55000305175781,90.52999877929688,93.16000366210938,93.16000366210938,35673700,131.61000061035156,134.41000366210938,129.64999389648438,131.8800048828125,128.81790161132812,168904800.0,21.06999969482422,21.260000228881836,19.75,19.809999465942383,19.809999465942383,39933700.0,364.1000061035156,364.760009765625,360.6099853515625,362.0299987792969,343.951171875,2105500.0
2020-12-23,28.950000762939453,29.389999389648438,28.049999237060547,28.690000534057617,28.690000534057617,58772200.0,13.255999565124512,13.274999618530273,13.005000114440918,13.009249687194824,12.97631549835205,179144000.0,266.8900146484375,272.1700134277344,266.2300109863281,268.1099853515625,267.0897216796875,14329000.0,202.8000030517578,203.44000244140625,199.92999267578125,201.82000732421875,201.82000732421875,684500.0,93.08000183105469,93.12999725341797,91.45999908447266,91.55000305175781,91.55000305175781,25993300,132.16000366210938,132.42999267578125,130.77999877929688,130.9600067138672,127.91926574707031,88223700.0,20.1200008392334,21.079999923706055,20.030000686645508,20.940000534057617,20.940000534057617,31385200.0,362.45001220703125,363.1000061035156,359.5,361.8900146484375,343.8182678222656,1782100.0
2020-12-24,28.79800033569336,29.15999984741211,27.520000457763672,27.75,27.75,26306800.0,13.037249565124512,13.132499694824219,12.938750267028809,12.993749618530273,12.960854530334473,97884000.0,268.8800048828125,270.3999938964844,266.20001220703125,267.3999938964844,266.3824462890625,6702000.0,202.47000122070312,204.44000244140625,201.49000549316406,202.5,202.5,211600.0,91.80000305175781,92.51000213623047,91.30999755859375,91.80999755859375,91.80999755859375,16705900,131.32000732421875,133.4600067138672,131.10000610351562,131.97000122070312,128.90579223632812,54930100.0,20.979999542236328,21.079999923706055,20.43000030517578,20.84000015258789,20.84000015258789,14819300.0,361.4100036621094,365.3399963378906,361.4100036621094,364.5799865722656,346.3738098144531,972500.0
2020-12-28,28.389999389648438,28.59000015258789,25.399999618530273,25.6299991607666,25.6299991607666,55878700.0,13.0625,13.0625,12.763250350952148,12.899999618530273,12.867341995239258,212564000.0,268.739990234375,277.29998779296875,265.6600036621094,277.0,275.9458923339844,23299700.0,204.7899932861328,204.7899932861328,200.5500030517578,201.1199951171875,201.1199951171875,631500.0,92.93000030517578,93.13999938964844,90.81999969482422,91.5999984741211,91.5999984741211,30627300,133.99000549316406,137.33999633789062,133.50999450683594,136.69000244140625,133.51622009277344,124486200.0,21.309999465942383,22.049999237060547,21.020000457763672,21.709999084472656,21.709999084472656,33112800.0,365.5,371.69000244140625,365.0799865722656,371.05999755859375,352.53033447265625,3207700.0
2020-12-29,25.75,26.18199920654297,24.34000015258789,24.65999984741211,24.65999984741211,47302400.0,12.925000190734863,13.072500228881836,12.842249870300293,12.943249702453613,12.910483360290527,170372000.0,276.95001220703125,280.510009765625,276.2799987792969,276.7799987792969,275.72674560546875,16383000.0,202.14999389648438,204.86000061035156,200.94000244140625,202.4499969482422,202.4499969482422,879200.0,91.66000366210938,92.45999908447266,89.43000030517578,90.62000274658203,90.62000274658203,31748200,138.0500030517578,138.7899932861328,134.33999633789062,134.8699951171875,131.7384490966797,121047300.0,22.219999313354492,22.270000457763672,21.360000610351562,21.43000030517578,21.43000030517578,26851200.0,372.25,373.260009765625,370.260009765625,372.7200012207031,354.1074523925781,2072600.0
2020-12-30,24.969999313354492,25.90999984741211,24.6299991607666,25.100000381469727,25.100000381469727,34586700.0,12.990249633789062,13.213749885559082,12.896750450134277,13.145750045776367,13.112471580505371,225396000.0,277.95001220703125,278.0799865722656,271.7099914550781,271.8699951171875,270.8354187011719,11803800.0,203.97999572753906,209.25999450683594,202.1699981689453,206.35000610351562,206.35000610351562,1524100.0,90.77999877929688,92.8499984741211,90.19000244140625,92.29000091552734,92.29000091552734,25845000,135.5800018310547,135.99000549316406,133.39999389648438,133.72000122070312,130.61517333984375,96452100.0,21.520000457763672,22.09000015258789,21.3799991607666,21.790000915527344,21.790000915527344,23606400.0,374.20001220703125,375.8599853515625,373.2799987792969,374.45001220703125,355.7510681152344,1778000.0
2020-12-31,24.6299991607666,24.719999313354492,23.520000457763672,23.549999237060547,23.549999237060547,39922500.0,13.136500358581543,13.151000022888184,12.914999961853027,13.055000305175781,13.02194881439209,192424000.0,272.0,277.0899963378906,269.80999755859375,273.1600036621094,272.1205139160156,12900400.0,207.0,207.97999572753906,206.05999755859375,207.7899932861328,207.7899932861328,643900.0,92.0999984741211,92.30000305175781,90.87000274658203,91.70999908447266,91.70999908447266,24930700,134.0800018310547,134.74000549316406,131.72000122070312,132.69000244140625,129.60906982421875,99116600.0,21.6200008392334,21.790000915527344,20.899999618530273,21.65999984741211,21.65999984741211,25679300.0,374.989990234375,377.0400085449219,372.4599914550781,376.7799987792969,357.9646911621094,1628900.0
2021-01-04,23.90999984741211,24.5,22.5,23.3700008392334,23.3700008392334,44970400.0,13.104249954223633,13.65250015258789,12.962499618530273,13.113499641418457,13.080299377441406,560640000.0,274.7799987792969,275.0,265.20001220703125,268.94000244140625,267.91656494140625,15106100.0,208.6699981689453,208.6699981689453,199.0399932861328,201.85000610351562,201.85000610351562,1849900.0,92.11000061035156,96.05999755859375,90.91999816894531,92.30000305175781,92.30000305175781,51802600,133.52000427246094,133.61000061035156,126.76000213623047,129.41000366210938,126.40523529052734,143301900.0,21.700000762939453,21.709999084472656,20.040000915527344,20.3799991607666,20.3799991607666,40642500.0,377.42999267578125,381.54998779296875,374.80999755859375,380.1499938964844,361.1663818359375,3322200.0
2021-01-05,23.18000030517578,24.670000076293945,22.889999389648438,24.600000381469727,24.600000381469727,29050400.0,13.099749565124512,13.443499565124512,13.086999893188477,13.404749870300293,13.370813369750977,322760000.0,268.2900085449219,272.3999938964844,268.2099914550781,270.9700012207031,269.9388427734375,9871600.0,202.11000061035156,205.0800018310547,200.1199951171875,204.74000549316406,204.74000549316406,878000.0,92.0999984741211,93.20999908447266,91.41000366210938,92.7699966430664,92.7699966430664,34208000,128.88999938964844,131.74000549316406,128.42999267578125,131.00999450683594,127.96807861328125,97664900.0,20.18000030517578,20.850000381469727,20.149999618530273,20.600000381469727,20.600000381469727,32464400.0,378.8599853515625,380.2099914550781,375.25,375.739990234375,356.97662353515625,2748400.0
2021-01-06,24.1200008392334,24.459999084472656,23.25,23.540000915527344,23.540000915527344,32732900.0,13.22249984741211,13.244999885559082,12.586000442504883,12.614500045776367,12.582565307617188,580424000.0,262.0,267.75,260.010009765625,263.30999755859375,262.3079833984375,24354100.0,202.4499969482422,206.63999938964844,199.89999389648438,201.52999877929688,201.52999877929688,1140400.0,91.62000274658203,92.27999877929688,89.45999908447266,90.33000183105469,90.33000183105469,51911700,127.72000122070312,131.0500030517578,126.37999725341797,126.5999984741211,123.66046905517578,155088000.0,20.540000915527344,20.920000076293945,20.15999984741211,20.399999618530273,20.399999618530273,35295900.0,373.82000732421875,375.79998779296875,369.6499938964844,370.0199890136719,351.5422058105469,2661400.0
2021-01-07,24.020000457763672,25.190000534057617,23.670000076293945,25.0,25.0,32240000.0,12.967499732971191,13.377750396728516,12.886500358581543,13.343999862670898,13.31021785736084,461480000.0,265.8999938964844,271.6099853515625,264.7799987792969,268.739990234375,267.71734619140625,15789800.0,204.38999938964844,208.61000061035156,203.1999969482422,208.00999450683594,208.00999450683594,944200.0,91.33000183105469,95.51000213623047,91.19999694824219,95.16000366210938,95.16000366210938,42897200,128.36000061035156,131.6300048828125,127.86000061035156,130.9199981689453,127.88018035888672,109578200.0,20.479999542236328,21.280000686645508,20.469999313354492,20.739999771118164,20.739999771118164,28989000.0,371.010009765625,371.6499938964844,366.7900085449219,367.9200134277344,349.54718017578125,2849500.0
2021-01-08,25.700000762939453,26.440000534057617,24.700000762939453,25.200000762939453,25.200000762939453,41313800.0,13.362500190734863,13.420999526977539,13.041999816894531,13.276749610900879,13.243136405944824,292528000.0,268.30999755859375,268.95001220703125,263.17999267578125,267.57000732421875,266.5517883300781,18528300.0,209.07000732421875,211.44000244140625,207.6300048828125,210.42999267578125,210.42999267578125,899700.0,95.9800033569336,96.4000015258789,93.2699966430664,94.58000183105469,94.58000183105469,39816400,132.42999267578125,132.6300048828125,130.22999572753906,132.0500030517578,128.98391723632812,105158200.0,20.8700008392334,21.020000457763672,20.18000030517578,20.469999313354492,20.469999313354492,30370000.0,368.1199951171875,370.260009765625,364.2900085449219,369.94000244140625,351.46624755859375,2599700.0
2021-01-11,24.610000610351562,26.600000381469727,24.309999465942383,25.93000030517578,25.93000030517578,32609000.0,13.418749809265137,13.961000442504883,13.362500190734863,13.621500015258789,13.587017059326172,518344000.0,260.4800109863281,263.4700012207031,255.89999389648438,256.8399963378906,255.8626251220703,30412300.0,208.47999572753906,209.1300048828125,206.0800018310547,206.5399932861328,206.5399932861328,839800.0,94.02999877929688,99.2300033569336,93.76000213623047,97.25,97.25,48600200,129.19000244140625,130.1699981689453,128.5,128.97999572753906,125.98519134521484,100384500.0,20.170000076293945,20.440000534057617,19.6299991607666,20.139999389648438,20.139999389648438,31213700.0,368.5799865722656,371.0,363.8599853515625,364.010009765625,345.8323974609375,2562500.0
2021-01-12,26.34000015258789,26.420000076293945,25.510000228881836,26.18000030517578,26.18000030517578,26887200.0,13.7524995803833,13.754500389099121,13.345000267028809,13.484749794006348,13.45061206817627,291476000.0,256.6300048828125,259.7200012207031,250.3000030517578,251.08999633789062,250.13449096679688,26383500.0,206.82000732421875,207.1300048828125,198.86000061035156,199.14999389648438,199.14999389648438,1596700.0,97.86000061035156,98.97000122070312,94.06999969482422,95.36000061035156,95.36000061035156,67672300,128.5,129.69000244140625,126.86000061035156,128.8000030517578,125.80939483642578,91951100.0,20.049999237060547,20.139999389648438,19.610000610351562,20.1299991607666,20.1299991607666,33169500.0,364.0,365.07000732421875,360.25,364.20001220703125,346.0127868652344,2387600.0
2021-01-13,25.709999084472656,27.43000030517578,25.1299991607666,25.5,25.5,51216600.0,13.489999771118164,13.625,13.385000228881836,13.531749725341797,13.497493743896484,210028000.0,251.5500030517578,253.9499969482422,249.1999969482422,251.63999938964844,250.68240356445312,19528900.0,198.4499969482422,202.38999938964844,197.0,199.5,199.5,1281400.0,93.01000213623047,93.88999938964844,90.83999633789062,91.77999877929688,91.77999877929688,60712900,128.75999450683594,131.4499969482422,128.49000549316406,130.88999938964844,127.85089111328125,88636800.0,19.860000610351562,20.200000762939453,19.68000030517578,20.100000381469727,20.100000381469727,24791400.0,364.3699951171875,368.739990234375,363.0,366.95001220703125,348.6255187988281,1968800.0
2021-01-14,25.450000762939453,25.6200008392334,24.3700008392334,24.920000076293945,24.920000076293945,32908000.0,13.574999809265137,13.599749565124512,13.180500030517578,13.200249671936035,13.16683292388916,283120000.0,253.39999389648438,255.02999877929688,244.61000061035156,245.63999938964844,244.7052459716797,29739400.0,199.16000366210938,201.35000610351562,194.52999877929688,195.47000122070312,195.47000122070312,1407800.0,91.7699966430664,92.36000061035156,90.44999694824219,90.79000091552734,90.79000091552734,53408200,130.8000030517578,131.0,128.75999450683594,128.91000366210938,125.91685485839844,90221800.0,20.459999084472656,21.549999237060547,20.450000762939453,20.920000076293945,20.920000076293945,46177600.0,366.0,366.5,361.55999755859375,362.3500061035156,344.2552795410156,2363900.0
2021-01-15,26.260000228881836,28.0,25.459999084472656,25.639999389648438,25.639999389648438,92285500.0,13.227999687194824,13.325249671936035,12.84850025177002,12.85949993133545,12.826945304870605,277780000.0,247.89999389648438,253.86000061035156,247.16000366210938,251.36000061035156,250.40345764160156,24942900.0,195.6999969482422,197.9499969482422,191.80999755859375,196.27999877929688,196.27999877929688,1688200.0,90.75,91.58999633789062,87.86000061035156,88.20999908447266,88.20999908447266,49340300,128.77999877929688,130.22000122070312,127.0,127.13999938964844,124.18795013427734,111598500.0,20.780000686645508,21.399999618530273,20.56999969482422,20.790000915527344,20.790000915527344,33762400.0,361.05999755859375,364.9100036621094,360.79998779296875,362.1600036621094,344.0747375488281,2340400.0
2021-01-19,26.809999465942383,27.540000915527344,26.0,26.6200008392334,26.6200008392334,48675800.0,13.016249656677246,13.093999862670898,12.843999862670898,13.025250434875488,12.992278099060059,226188000.0,256.8999938964844,262.20001220703125,252.72000122070312,261.1000061035156,260.1064147949219,28028500.0,195.85000610351562,200.02999877929688,195.25,198.72999572753906,198.72999572753906,1678900.0,89.55999755859375,89.58000183105469,87.23999786376953,89.44999694824219,89.44999694824219,45115100,127.77999877929688,128.7100067138672,126.94000244140625,127.83000183105469,124.86190795898438,90757300.0,21.0,21.260000228881836,20.610000610351562,20.8700008392334,20.8700008392334,21273500.0,362.3599853515625,362.95001220703125,352.44000244140625,354.4700012207031,336.768798828125,4533800.0
2021-01-20,27.290000915527344,27.299999237060547,25.700000762939453,26.34000015258789,26.34000015258789,37459000.0,13.111749649047852,13.430500030517578,13.056750297546387,13.365750312805176,13.331912994384766,258572000.0,268.92999267578125,270.32000732421875,263.6000061035156,267.4800109863281,266.462158203125,25199900.0,201.02999877929688,207.3699951171875,199.83999633789062,207.0500030517578,207.0500030517578,1727100.0,90.55000305175781,90.77999877929688,88.5999984741211,88.75,88.75,35185800,128.66000366210938,132.49000549316406,128.5500030517578,132.02999877929688,128.9644317626953,104319500.0,21.010000228881836,21.209999084472656,20.59000015258789,20.780000686645508,20.780000686645508,21272500.0,354.3900146484375,361.8999938964844,353.4100036621094,361.29998779296875,343.25762939453125,2767200.0
2021-01-21,26.420000076293945,26.68000030517578,25.299999237060547,25.979999542236328,25.979999542236328,29891400.0,13.418499946594238,13.999250411987305,13.253000259399414,13.867500305175781,13.832391738891602,337780000.0,269.260009765625,273.6000061035156,267.489990234375,272.8699951171875,271.83160400390625,20838700.0,207.42999267578125,208.72000122070312,203.4199981689453,205.55999755859375,205.55999755859375,890000.0,89.33999633789062,92.06999969482422,88.43000030517578,91.52999877929688,91.52999877929688,54221900,133.8000030517578,139.6699981689453,133.58999633789062,136.8699951171875,133.6920166015625,120150900.0,20.700000762939453,20.8799991607666,20.31999969482422,20.739999771118164,20.739999771118164,20209300.0,361.29998779296875,363.989990234375,359.94000244140625,362.79998779296875,344.6827392578125,2121600.0
2021-01-22,25.850000381469727,32.650001525878906,25.81999969482422,32.58000183105469,32.58000183105469,156844700.0,13.739999771118164,13.841750144958496,13.627249717712402,13.712499618530273,13.677783966064453,246820000.0,272.010009765625,278.4700012207031,272.0,274.5,273.4554138183594,21954000.0,204.9199981689453,206.6999969482422,202.7899932861328,204.66000366210938,204.66000366210938,906600.0,94.41999816894531,95.94999694824219,91.87999725341797,92.79000091552734,92.79000091552734,71294700,136.27999877929688,139.85000610351562,135.02000427246094,139.07000732421875,135.84097290039062,114459400.0,20.309999465942383,20.43000030517578,20.040000915527344,20.219999313354492,20.219999313354492,24748800.0,363.20001220703125,364.6300048828125,359.8500061035156,362.29998779296875,344.20770263671875,1960300.0
2021-01-25,34.459999084472656,39.58000183105469,29.559999465942383,36.22999954223633,36.22999954223633,191345300.0,13.781749725341797,13.828499794006348,13.236499786376953,13.653249740600586,13.618687629699707,251112000.0,278.1400146484375,280.1000061035156,271.510009765625,278.010009765625,276.95208740234375,19087000.0,207.77000427246094,208.7100067138672,201.6699981689453,203.99000549316406,203.99000549316406,787400.0,94.13999938964844,95.73999786376953,91.4000015258789,94.12999725341797,94.12999725341797,55086900,143.07000732421875,145.08999633789062,136.5399932861328,142.9199981689453,139.6015625,157611700.0,19.799999237060547,19.809999465942383,18.729999542236328,19.219999313354492,19.219999313354492,55839500.0,360.8599853515625,361.9599914550781,356.82000732421875,361.8800048828125,343.8087158203125,2735900.0
2021-01-26,35.13999938964844,36.869998931884766,34.31999969482422,35.369998931884766,35.369998931884766,65870000.0,13.580499649047852,13.644749641418457,13.387499809265137,13.435250282287598,13.401238441467285,163980000.0,278.1400146484375,285.3900146484375,277.80999755859375,282.04998779296875,280.9766845703125,19373600.0,203.77000427246094,204.0800018310547,199.2899932861328,199.77999877929688,199.77999877929688,856000.0,94.91000366210938,95.72000122070312,93.62999725341797,94.70999908447266,94.70999908447266,59449100,143.60000610351562,144.3000030517578,141.3699951171875,143.16000366210938,139.8360137939453,98390600.0,19.399999618530273,19.510000228881836,18.6200008392334,18.719999313354492,18.719999313354492,44110700.0,360.20001220703125,365.8999938964844,358.8800048828125,364.9800109863281,346.7538757324219,1807000.0
2021-01-27,32.970001220703125,45.0,32.25,39.0,39.0,170758800.0,13.229999542236328,13.232749938964844,12.793749809265137,12.917750358581543,12.885048866271973,371272000.0,282.5299987792969,283.45001220703125,268.1199951171875,272.1400146484375,271.1044006347656,35346200.0,200.27999877929688,201.07000732421875,193.75,195.3800048828125,195.3800048828125,1284900.0,91.0999984741211,91.87999725341797,86.22000122070312,88.83999633789062,88.83999633789062,73341200,143.42999267578125,144.3000030517578,140.41000366210938,142.05999755859375,138.7615203857422,140843800.0,18.40999984741211,19.420000076293945,17.959999084472656,18.979999542236328,18.979999542236328,50578900.0,362.989990234375,365.79998779296875,354.8500061035156,356.3900146484375,338.5929260253906,3120800.0
2021-01-28,39.540000915527344,42.0,33.099998474121094,35.65999984741211,35.65999984741211,85250700.0,12.99625015258789,13.339750289916992,12.96049976348877,13.050999641418457,13.017959594726562,228316000.0,277.17999267578125,286.7900085449219,264.70001220703125,265.0,263.9915771484375,37758800.0,195.47999572753906,203.0,195.47999572753906,200.3000030517578,200.3000030517578,1160800.0,89.83000183105469,89.87999725341797,87.30000305175781,87.5199966430664,87.5199966430664,47048400,139.52000427246094,141.99000549316406,136.6999969482422,137.08999633789062,133.9069061279297,142621100.0,20.100000381469727,20.670000076293945,19.65999984741211,19.739999771118164,19.739999771118164,59670200.0,356.8500061035156,361.6099853515625,356.07000732421875,357.05999755859375,339.22943115234375,2251100.0
2021-01-29,36.61000061035156,38.0099983215332,34.65999984741211,35.18000030517578,35.18000030517578,42030900.0,13.074999809265137,13.334750175476074,12.911499977111816,12.989749908447266,12.956866264343262,271552000.0,265.29998779296875,266.55999755859375,254.85000610351562,258.3299865722656,257.3469543457031,30389500.0,198.83999633789062,204.24000549316406,198.61000061035156,200.4499969482422,200.4499969482422,1000100.0,87.55999755859375,88.33000183105469,85.0199966430664,85.63999938964844,85.63999938964844,56735800,135.8300018310547,136.74000549316406,130.2100067138672,131.9600067138672,128.89605712890625,177523800.0,19.700000762939453,19.809999465942383,18.3799991607666,18.670000076293945,18.670000076293945,50346100.0,354.75,356.2900085449219,351.8800048828125,352.42999267578125,334.8305358886719,2598700.0
2021-02-01,35.33000183105469,35.619998931884766,32.58000183105469,33.959999084472656,33.959999084472656,43460900.0,13.053250312805176,13.270750045776367,12.902750015258789,13.237000465393066,13.203489303588867,217204000.0,259.5199890136719,264.1700134277344,254.91000366210938,262.010009765625,261.012939453125,22914300.0,201.7899932861328,203.91000366210938,198.9499969482422,200.94000244140625,200.94000244140625,1067900.0,86.83000183105469,87.94999694824219,84.66000366210938,87.66000366210938,87.66000366210938,42359300,133.75,135.3800048828125,130.92999267578125,134.13999938964844,131.02537536621094,106239800.0,18.959999084472656,19.1299991607666,18.40999984741211,18.799999237060547,18.799999237060547,27139000.0,351.2099914550781,352.7900085449219,349.2099914550781,350.5199890136719,333.0159912109375,2371200.0
2021-02-02,34.099998474121094,34.20000076293945,30.5,31.020000457763672,31.020000457763672,69647900.0,13.398750305175781,13.571999549865723,13.285499572753906,13.556750297546387,13.522430419921875,220440000.0,264.0,268.8500061035156,263.2699890136719,267.0799865722656,266.06365966796875,17320800.0,203.5399932861328,208.14999389648438,201.30999755859375,207.11000061035156,207.11000061035156,1122300.0,88.48999786376953,89.27999877929688,86.94999694824219,88.86000061035156,88.86000061035156,33850000,135.72999572753906,136.30999755859375,134.61000061035156,134.99000549316406,131.85568237304688,83305400.0,19.219999313354492,19.600000381469727,18.979999542236328,19.450000762939453,19.450000762939453,27697100.0,351.760009765625,357.70001220703125,350.7200012207031,355.5799865722656,337.8232727050781,1905000.0
2021-02-03,32.38999938964844,32.95000076293945,31.3799991607666,31.760000228881836,31.760000228881836,35312000.0,13.63599967956543,13.931750297546387,13.516500473022461,13.530500411987305,13.496248245239258,245408000.0,265.6199951171875,269.20001220703125,263.8399963378906,266.6499938964844,265.63531494140625,14223400.0,207.5500030517578,207.6699981689453,201.8000030517578,202.39999389648438,202.39999389648438,867000.0,88.5999984741211,89.4800033569336,87.33999633789062,87.88999938964844,87.88999938964844,32312900,135.75999450683594,135.77000427246094,133.61000061035156,133.94000244140625,130.8300323486328,89880900.0,19.6299991607666,20.489999771118164,19.440000534057617,20.440000534057617,20.440000534057617,33548800.0,356.2300109863281,357.5299987792969,353.2099914550781,355.2099914550781,337.4717102050781,1759800.0
2021-02-04,32.58000183105469,33.18000030517578,31.049999237060547,32.04999923706055,32.04999923706055,31565000.0,13.531000137329102,13.673500061035156,13.337750434875488,13.664250373840332,13.629659652709961,201340000.0,267.010009765625,268.1600036621094,264.0,266.489990234375,265.47589111328125,16060000.0,202.7100067138672,205.55999755859375,200.75,201.49000549316406,201.49000549316406,813200.0,88.22000122070312,88.5999984741211,87.05999755859375,87.83999633789062,87.83999633789062,30791600,136.3000030517578,137.39999389648438,134.58999633789062,137.38999938964844,134.199951171875,84183100.0,21.0,21.329999923706055,20.65999984741211,21.049999237060547,21.049999237060547,32541100.0,356.7099914550781,358.3800048828125,353.8500061035156,355.8500061035156,338.74737548828125,3411600.0
2021-02-05,32.61000061035156,35.20000076293945,31.75,34.04999923706055,34.04999923706055,62375300.0,13.725000381469727,13.737250328063965,13.54574966430664,13.590999603271484,13.55659294128418,169152000.0,266.79998779296875,269.1700134277344,265.6700134277344,268.1000061035156,267.07977294921875,12454400.0,206.27000427246094,211.39999389648438,205.61000061035156,207.49000549316406,207.49000549316406,1586600.0,88.1500015258789,88.36000061035156,86.87999725341797,87.9000015258789,87.9000015258789,30268700,137.35000610351562,137.4199981689453,135.86000061035156,136.75999450683594,133.7842254638672,75693800.0,21.389999389648438,21.75,21.1299991607666,21.309999465942383,21.309999465942383,29887300.0,356.54998779296875,356.8500061035156,354.1000061035156,355.1700134277344,338.10003662109375,2165600.0
2021-02-08,37.220001220703125,39.220001220703125,35.88999938964844,36.04999923706055,36.04999923706055,72376000.0,13.727250099182129,14.473750114440918,13.727250099182129,14.438750267028809,14.402198791503906,434624000.0,268.75,269.8599853515625,265.0,266.5799865722656,265.5655517578125,13755200.0,210.47999572753906,214.91000366210938,209.44000244140625,213.33999633789062,213.33999633789062,3019400.0,88.30999755859375,91.98999786376953,87.9800033569336,91.47000122070312,91.47000122070312,47639900,136.02999877929688,136.9600067138672,134.9199981689453,136.91000366210938,133.93092346191406,71297200.0,21.600000381469727,21.809999465942383,21.25,21.610000610351562,21.610000610351562,22166600.0,356.57000732421875,360.0400085449219,355.57000732421875,359.8299865722656,342.5361022949219,2520700.0
2021-02-09,36.900001525878906,38.255001068115234,36.130001068115234,38.16999816894531,38.16999816894531,44243200.0,14.340749740600586,14.583250045776367,14.22249984741211,14.263250350952148,14.227141380310059,287560000.0,266.44000244140625,273.3900146484375,265.75,269.45001220703125,268.4246826171875,14613400.0,202.69000244140625,203.86000061035156,197.64999389648438,200.30999755859375,200.30999755859375,5866000.0,91.38999938964844,93.30000305175781,90.55000305175781,90.91000366210938,90.91000366210938,37596400,136.6199951171875,137.8800048828125,135.85000610351562,136.00999450683594,133.05050659179688,76774200.0,21.420000076293945,21.420000076293945,20.68000030517578,21.049999237060547,21.049999237060547,26144100.0,360.0400085449219,361.6700134277344,358.29998779296875,359.55999755859375,342.27911376953125,2154000.0
2021-02-10,38.150001525878906,38.2400016784668,35.0,35.70000076293945,35.70000076293945,45177200.0,14.463250160217285,14.904999732971191,14.341500282287598,14.764249801635742,14.726873397827148,485352000.0,272.45001220703125,273.79998779296875,267.7200012207031,271.8699951171875,270.8354187011719,14687200.0,202.50999450683594,203.75,198.5,199.82000732421875,199.82000732421875,2599400.0,91.5,93.2699966430664,90.45999908447266,92.3499984741211,92.3499984741211,42441300,136.47999572753906,136.99000549316406,134.39999389648438,135.38999938964844,132.4439697265625,73046600.0,21.149999618530273,21.649999618530273,20.8700008392334,20.93000030517578,20.93000030517578,27930900.0,361.0,361.0,355.1199951171875,356.1199951171875,339.00439453125,2162400.0
2021-02-11,35.790000915527344,35.97999954223633,32.61000061035156,33.11000061035156,33.11000061035156,52094900.0,14.980250358581543,15.272250175476074,14.925000190734863,15.250749588012695,15.212141990661621,450828000.0,271.8900146484375,273.5799865722656,268.489990234375,270.3900146484375,269.3610534667969,12828600.0,201.69000244140625,201.72999572753906,196.0,197.1199951171875,197.1199951171875,1443000.0,92.9000015258789,93.6500015258789,91.33000183105469,92.66000366210938,92.66000366210938,35571000,135.89999389648438,136.38999938964844,133.77000427246094,135.1300048828125,132.18971252441406,64280000.0,20.899999618530273,21.1299991607666,20.459999084472656,20.719999313354492,20.719999313354492,22698400.0,355.7300109863281,356.5,351.3900146484375,352.20001220703125,335.2728576660156,2088400.0
2021-02-12,33.36000061035156,33.650001525878906,31.34000015258789,31.90999984741211,31.90999984741211,60925600.0,15.050000190734863,15.291250228881836,14.774999618530273,14.961250305175781,14.923375129699707,374756000.0,270.5199890136719,271.17999267578125,268.3399963378906,270.5,269.47064208984375,9097600.0,196.5,200.27999877929688,194.72000122070312,199.86000061035156,199.86000061035156,1264800.0,92.75,94.22000122070312,91.9000015258789,93.7699966430664,93.7699966430664,38538400,134.35000610351562,135.52999877929688,133.69000244140625,135.3699951171875,132.4244384765625,60145100.0,20.100000381469727,20.829999923706055,20.049999237060547,20.600000381469727,20.600000381469727,25063700.0,351.989990234375,352.9800109863281,350.1000061035156,352.75,335.79638671875,2096600.0
2021-02-16,30.020000457763672,30.440000534057617,27.299999237060547,27.84000015258789,27.84000015258789,180294300.0,15.064249992370605,15.3725004196167,14.949999809265137,15.330249786376953,15.291439056396484,321960000.0,270.79998779296875,276.6000061035156,270.04998779296875,273.9700012207031,272.92742919921875,15417200.0,200.72999572753906,201.0,194.4499969482422,195.7899932861328,195.7899932861328,1534200.0,93.9000015258789,94.0,90.75,91.45999908447266,91.45999908447266,35105900,135.49000549316406,136.00999450683594,132.7899932861328,133.19000244140625,130.29190063476562,80576300.0,21.15999984741211,22.559999465942383,20.959999084472656,22.469999313354492,22.469999313354492,55038100.0,353.0799865722656,355.3599853515625,352.0400085449219,354.0,336.98638916015625,1829000.0
2021-02-17,27.989999771118164,29.729999542236328,27.0,27.079999923706055,27.079999923706055,151007000.0,15.170999526977539,15.22350025177002,14.779999732971191,14.906000137329102,14.868264198303223,274756000.0,271.239990234375,273.9700012207031,269.5799865722656,273.57000732421875,272.5289611816406,12763200.0,194.6300048828125,196.1699981689453,191.10000610351562,195.92999267578125,195.92999267578125,1066800.0,90.55999755859375,90.95999908447266,88.56999969482422,89.94000244140625,89.94000244140625,32245500,131.25,132.22000122070312,129.47000122070312,130.83999633789062,127.99299621582031,97918500.0,22.280000686645508,24.059999465942383,21.8799991607666,23.200000762939453,23.200000762939453,59742500.0,353.1099853515625,358.1700134277344,351.9100036621094,358.0400085449219,340.8321228027344,2143000.0
2021-02-18,24.989999771118164,26.309999465942383,24.5,25.170000076293945,25.170000076293945,313175100.0,14.729000091552734,14.873250007629395,14.574999809265137,14.829000473022461,14.791460990905762,233868000.0,269.57000732421875,271.95001220703125,266.0299987792969,269.3900146484375,268.3648986816406,15249100.0,192.63999938964844,196.77000427246094,192.55999755859375,196.22999572753906,196.22999572753906,808700.0,89.08999633789062,89.5999984741211,87.30999755859375,88.63999938964844,88.63999938964844,35624900,129.1999969482422,130.0,127.41000366210938,129.7100067138672,126.88761901855469,96856700.0,22.969999313354492,23.149999618530273,22.3799991607666,22.889999389648438,22.889999389648438,26606400.0,352.2799987792969,358.20001220703125,352.2799987792969,356.9200134277344,339.7659606933594,1914900.0
2021-02-19,27.020000457763672,29.959999084472656,26.899999618530273,29.0,29.0,320063700.0,15.024499893188477,15.177000045776367,14.846750259399414,14.92650032043457,14.888715744018555,271724000.0,269.8599853515625,270.2699890136719,260.1499938964844,261.55999755859375,260.5646667480469,25622600.0,197.9499969482422,198.1300048828125,193.77000427246094,194.86000061035156,194.86000061035156,1087800.0,89.75,90.41999816894531,88.69000244140625,89.58000183105469,89.58000183105469,29548300,130.24000549316406,130.7100067138672,128.8000030517578,129.8699951171875,127.04411315917969,87668800.0,23.6200008392334,24.719999313354492,23.479999542236328,24.59000015258789,24.59000015258789,52483300.0,356.69000244140625,357.92999267578125,354.5799865722656,354.7699890136719,337.71923828125,1839400.0
2021-02-22,29.959999084472656,30.190000534057617,27.535999298095703,28.0,28.0,183049500.0,14.774749755859375,15.13325023651123,14.324999809265137,14.35575008392334,14.319408416748047,325884000.0,257.95001220703125,263.07000732421875,257.5299987792969,260.3299865722656,259.3393249511719,17434900.0,191.6199951171875,195.39999389648438,189.52000427246094,189.85000610351562,189.85000610351562,1705400.0,88.1500015258789,88.30000305175781,85.20999908447266,85.37000274658203,85.37000274658203,36930200,128.00999450683594,129.72000122070312,125.5999984741211,126.0,123.25831604003906,103916400.0,25.139999389648438,27.329999923706055,24.649999618530273,25.969999313354492,25.969999313354492,87361900.0,352.75,353.2900085449219,348.82000732421875,350.2099914550781,333.3784484863281,2215600.0
2021-02-23,25.959999084472656,27.459999084472656,23.899999618530273,26.75,26.75,145289400.0,14.075249671936035,14.238750457763672,13.38949966430664,14.142000198364258,14.106200218200684,391780000.0,259.5,267.4599914550781,254.9600067138672,265.8599853515625,264.8482971191406,21924600.0,184.0500030517578,187.13999938964844,181.11000061035156,185.9499969482422,185.9499969482422,2062400.0,83.4000015258789,85.11000061035156,79.36000061035156,84.73999786376953,84.73999786376953,49720900,123.76000213623047,126.70999908447266,118.38999938964844,125.86000061035156,123.12137603759766,158273000.0,25.079999923706055,26.729999542236328,23.459999084472656,26.459999084472656,26.459999084472656,115819500.0,349.79998779296875,351.0,342.0299987792969,342.1499938964844,325.7058410644531,3692600.0
2021-02-24,26.709999084472656,27.229999542236328,25.75,26.389999389648438,26.389999389648438,90095700.0,14.122750282287598,14.506750106811523,13.755999565124512,14.49899959564209,14.46229362487793,448320000.0,262.3299865722656,266.3800048828125,258.3900146484375,264.30999755859375,263.3042297363281,15736100.0,184.8000030517578,187.42999267578125,182.3800048828125,186.99000549316406,186.99000549316406,1218900.0,84.33000183105469,87.08999633789062,82.80999755859375,86.94000244140625,86.94000244140625,40821200,124.94000244140625,125.55999755859375,122.2300033569336,125.3499984741211,122.6224594116211,111039900.0,27.09000015258789,28.18000030517578,26.729999542236328,27.010000228881836,27.010000228881836,92985300.0,341.7900085449219,342.5,337.8900146484375,340.70001220703125,324.3255615234375,3305800.0
2021-02-25,25.81999969482422,26.440000534057617,23.149999618530273,23.959999084472656,23.959999084472656,161776400.0,14.045499801635742,14.374750137329102,13.2162504196167,13.307499885559082,13.273810386657715,824436000.0,262.29998779296875,266.94000244140625,254.0399932861328,254.69000244140625,253.72080993652344,19053100.0,186.38999938964844,188.5,181.92999267578125,184.67999267578125,184.67999267578125,1217400.0,86.16999816894531,87.08999633789062,81.91999816894531,82.41999816894531,82.41999816894531,54625100,124.68000030517578,126.45999908447266,120.54000091552734,120.98999786376953,118.35734558105469,148199500.0,27.90999984741211,28.239999771118164,25.06999969482422,25.469999313354492,25.469999313354492,71020500.0,340.8500061035156,343.0,333.3500061035156,333.8999938964844,317.8523254394531,3618100.0
2021-02-26,24.200000762939453,24.5,22.700000762939453,23.899999618530273,23.899999618530273,119588600.0,13.7524995803833,13.854499816894531,13.361000061035156,13.714500427246094,13.679780960083008,500932000.0,256.4700012207031,265.54998779296875,256.4700012207031,257.6199951171875,256.6396484375,26619500.0,185.3800048828125,186.99000549316406,182.3800048828125,184.4600067138672,184.4600067138672,1476400.0,83.56999969482422,85.58999633789062,82.91000366210938,84.51000213623047,84.51000213623047,48962900,122.58999633789062,124.8499984741211,121.19999694824219,121.26000213623047,118.62147521972656,164560400.0,25.889999389648438,26.860000610351562,25.270000457763672,26.75,26.75,58092900.0,335.510009765625,335.8900146484375,330.94000244140625,331.0,315.0916442871094,3362200.0
2021-03-01,25.190000534057617,25.899999618530273,24.6200008392334,24.809999465942383,24.809999465942383,85059900.0,13.875,13.925000190734863,13.553250312805176,13.841750144958496,13.806706428527832,353184000.0,260.82000732421875,266.6499938964844,257.8999938964844,264.9100036621094,263.90191650390625,22157300.0,186.0,188.1999969482422,185.1699981689453,187.4499969482422,187.4499969482422,671300.0,85.37000274658203,86.5,83.97000122070312,86.38999938964844,86.38999938964844,32746200,123.75,127.93000030517578,122.79000091552734,127.79000091552734,125.00936889648438,116307900.0,27.549999237060547,27.920000076293945,26.020000457763672,26.309999465942383,26.309999465942383,59643100.0,335.2099914550781,336.0,331.3599853515625,331.7699890136719,315.82476806640625,4653200.0
2021-03-02,25.0,25.59000015258789,24.260000228881836,24.479999542236328,24.479999542236328,73997000.0,13.899999618530273,13.920499801635742,13.395999908447266,13.40625,13.372312545776367,264116000.0,265.7799987792969,266.7099914550781,258.6499938964844,259.0,258.0144348144531,15191700.0,188.4499969482422,190.80999755859375,186.30999755859375,188.1699981689453,188.1699981689453,1086900.0,86.91999816894531,86.94999694824219,84.04000091552734,84.12999725341797,84.12999725341797,34828200,128.41000366210938,128.72000122070312,125.01000213623047,125.12000274658203,122.3974609375,102260900.0,26.90999984741211,27.850000381469727,26.540000915527344,27.59000015258789,27.59000015258789,49295000.0,333.69000244140625,334.69000244140625,328.4200134277344,328.4599914550781,312.673828125,4660100.0
2021-03-03,24.989999771118164,25.167999267578125,23.43000030517578,23.59000015258789,23.59000015258789,79046200.0,13.426250457763672,13.451499938964844,12.798749923706055,12.804750442504883,12.772335052490234,377592000.0,260.2900085449219,260.989990234375,255.10000610351562,255.41000366210938,254.43807983398438,15513500.0,188.1999969482422,188.1999969482422,179.11000061035156,180.14999389648438,180.14999389648438,1178200.0,84.27999877929688,84.37999725341797,80.8499984741211,80.86000061035156,80.86000061035156,43541000,124.80999755859375,125.70999908447266,121.83999633789062,122.05999755859375,119.40406036376953,112966300.0,28.450000762939453,29.59000015258789,28.18000030517578,28.670000076293945,28.670000076293945,71576000.0,328.1700134277344,328.4200134277344,323.760009765625,323.9200134277344,308.3519592285156,4064200.0
2021-03-04,24.850000381469727,25.559999465942383,23.049999237060547,24.729999542236328,24.729999542236328,161611200.0,12.800749778747559,12.975000381469727,12.083749771118164,12.37024974822998,12.338933944702148,573344000.0,256.4700012207031,266.489990234375,253.5,257.6400146484375,256.65960693359375,31626500.0,178.97999572753906,180.72000122070312,170.27999877929688,174.02999877929688,174.02999877929688,1624900.0,80.2300033569336,81.80999755859375,76.77999877929688,77.75,77.75,60549400,121.75,123.5999984741211,118.62000274658203,120.12999725341797,117.51604461669922,178155000.0,29.09000015258789,29.43000030517578,26.229999542236328,27.399999618530273,27.399999618530273,74016500.0,323.3699951171875,325.6000061035156,315.0400085449219,319.0400085449219,303.7066345214844,5501200.0
2021-03-05,24.360000610351562,24.68000030517578,20.18000030517578,23.950000762939453,23.950000762939453,173468600.0,12.550000190734863,12.550000190734863,11.67924976348877,12.46150016784668,12.429951667785645,542840000.0,260.6700134277344,265.45001220703125,255.61000061035156,264.2799987792969,263.2742919921875,26820100.0,173.27999877929688,173.83999633789062,168.33999633789062,170.80999755859375,170.80999755859375,2226400.0,79.0,79.4800033569336,74.19999694824219,78.5199966430664,78.5199966430664,58548900,120.9800033569336,121.94000244140625,117.56999969482422,121.41999816894531,118.77798461914062,153766600.0,27.110000610351562,27.15999984741211,23.260000228881836,26.09000015258789,26.09000015258789,83747400.0,315.3299865722656,318.42999267578125,307.0,317.32000732421875,302.06915283203125,8102800.0
2021-03-08,23.770000457763672,24.579999923706055,22.399999618530273,22.520000457763672,22.520000457763672,94432800.0,12.449999809265137,12.4712495803833,11.566499710083008,11.593250274658203,11.563899993896484,543112000.0,265.54998779296875,265.5799865722656,255.0500030517578,255.30999755859375,254.33843994140625,18391800.0,170.17999267578125,171.2100067138672,161.3300018310547,161.6199951171875,161.6199951171875,2608600.0,78.02999877929688,79.0,73.86000061035156,73.95999908447266,73.95999908447266,54563900,120.93000030517578,121.0,116.20999908447266,116.36000061035156,113.82805633544922,154376600.0,27.040000915527344,27.270000457763672,25.799999237060547,26.690000534057617,26.690000534057617,48007700.0,318.9100036621094,322.3299865722656,310.9200134277344,311.4200134277344,296.4527282714844,4873500.0
2021-03-09,23.3799991607666,24.739999771118164,23.100000381469727,24.260000228881836,24.260000228881836,99586500.0,12.130249977111816,12.61674976348877,12.059249877929688,12.52025032043457,12.492863655090332,521824000.0,261.17999267578125,268.5299987792969,259.80999755859375,265.739990234375,264.728759765625,22039700.0,169.0,169.89999389648438,166.6699981689453,168.57000732421875,168.57000732421875,1972300.0,76.7300033569336,79.22000122070312,75.7699966430664,78.52999877929688,78.52999877929688,45088300,119.02999877929688,122.05999755859375,118.79000091552734,121.08999633789062,118.45516204833984,129525800.0,26.989999771118164,27.850000381469727,25.799999237060547,27.579999923706055,27.579999923706055,42549100.0,313.760009765625,320.2799987792969,312.7099914550781,318.7799987792969,303.45904541015625,5426800.0
2021-03-10,25.030000686645508,26.239999771118164,24.270000457763672,24.75,24.75,103212800.0,12.840499877929688,12.979999542236328,12.457500457763672,12.468250274658203,12.44097900390625,384376000.0,268.6400146484375,268.9700012207031,262.8699951171875,264.8999938964844,263.8919372558594,14210300.0,170.33999633789062,171.39999389648438,163.0,164.82000732421875,164.82000732421875,1194600.0,79.75,80.04000091552734,77.41000366210938,77.5199966430664,77.5199966430664,45416600,121.69000244140625,122.16999816894531,119.44999694824219,119.9800033569336,117.36932373046875,111943300.0,27.399999618530273,28.420000076293945,26.670000076293945,26.700000762939453,26.700000762939453,41997600.0,321.1400146484375,327.3900146484375,317.32000732421875,323.8299865722656,308.2662353515625,4523500.0
2021-03-11,25.950000762939453,26.84000015258789,25.579999923706055,26.729999542236328,26.729999542236328,84788700.0,12.949999809265137,13.046250343322754,12.73449993133545,12.993499755859375,12.965079307556152,299916000.0,268.1099853515625,277.8999938964844,267.82000732421875,273.8800048828125,272.8377685546875,21834000.0,168.94000244140625,171.52000427246094,167.8000030517578,170.61000061035156,170.61000061035156,1021800.0,79.4000015258789,81.88999938964844,79.37000274658203,81.2300033569336,81.2300033569336,43583700,122.54000091552734,123.20999908447266,121.26000213623047,121.95999908447266,119.30623626708984,103026500.0,27.020000457763672,27.770000457763672,26.479999542236328,27.469999313354492,27.469999313354492,33297300.0,330.4100036621094,331.25,326.7200012207031,328.6499938964844,312.8546142578125,4338900.0
2021-03-12,25.739999771118164,26.920000076293945,25.18000030517578,26.920000076293945,26.920000076293945,58721900.0,12.648249626159668,12.888750076293945,12.59000015258789,12.855999946594238,12.827880859375,243964000.0,269.1400146484375,269.739990234375,264.0199890136719,268.3999938964844,267.3786315917969,20600200.0,169.13999938964844,170.63999938964844,166.38999938964844,170.25,170.25,642100.0,79.7300033569336,81.19000244140625,79.2300033569336,81.05000305175781,81.05000305175781,32938000,120.4000015258789,121.16999816894531,119.16000366210938,121.02999877929688,118.39647674560547,88105100.0,27.3799991607666,28.5,27.290000915527344,28.459999084472656,28.459999084472656,32490600.0,328.1000061035156,331.6300048828125,325.6000061035156,331.1400146484375,315.2249755859375,3182100.0
2021-03-15,27.350000381469727,27.469999313354492,26.309999465942383,26.790000915527344,26.790000915527344,56101500.0,12.864749908447266,13.20674991607666,12.767250061035156,13.19124984741211,13.162396430969238,221988000.0,269.0799865722656,275.9599914550781,268.5,273.75,272.7082824707031,16844800.0,171.77000427246094,171.77000427246094,167.9199981689453,169.1699981689453,169.1699981689453,827700.0,81.91000366210938,83.38999938964844,81.19999694824219,82.5,82.5,39086800,121.41000366210938,124.0,120.41999816894531,123.98999786376953,121.29206085205078,92403800.0,28.979999542236328,30.1200008392334,28.899999618530273,29.790000915527344,29.790000915527344,53480800.0,333.6000061035156,333.67999267578125,327.32000732421875,330.510009765625,314.625244140625,3243000.0
2021-03-16,26.75,27.100000381469727,25.229999542236328,25.610000610351562,25.610000610351562,73615100.0,13.356499671936035,13.512499809265137,13.11674976348877,13.291250228881836,13.262178421020508,272128000.0,276.0799865722656,282.1400146484375,274.79998779296875,279.2799987792969,278.21722412109375,22437700.0,172.0,174.52000427246094,169.75,173.00999450683594,173.00999450683594,1716600.0,83.66000366210938,84.75,82.26000213623047,82.75,82.75,42971600,125.69999694824219,127.22000122070312,124.72000122070312,125.56999969482422,122.8376693725586,115227900.0,29.950000762939453,29.979999542236328,27.850000381469727,28.25,28.25,51042700.0,329.6700134277344,330.0299987792969,326.6400146484375,327.25,311.5219421386719,3066700.0
2021-03-17,24.520000457763672,25.729999542236328,24.299999237060547,25.209999084472656,25.209999084472656,77081700.0,13.039750099182129,13.45324993133545,12.989500045776367,13.3412504196167,13.312068939208984,243864000.0,275.7099914550781,286.2300109863281,275.4100036621094,284.010009765625,282.92919921875,21315000.0,171.4499969482422,171.80999755859375,165.5,168.91000366210938,168.91000366210938,1611700.0,81.75,83.25,80.41000366210938,82.62999725341797,82.62999725341797,43320600,124.05000305175781,125.86000061035156,122.33999633789062,124.76000213623047,122.0453109741211,111932600.0,28.149999618530273,28.950000762939453,27.81999969482422,28.93000030517578,28.93000030517578,30463300.0,326.0,330.5,324.1199951171875,329.19000244140625,313.3687438964844,2672400.0
2021-03-18,24.729999542236328,25.18000030517578,23.780000686645508,23.979999542236328,23.979999542236328,57141400.0,13.136500358581543,13.184000015258789,12.717000007629395,12.72249984741211,12.694673538208008,293896000.0,279.8699951171875,285.19000244140625,278.2799987792969,278.6199951171875,277.55975341796875,18728300.0,167.88999938964844,170.4199981689453,166.55999755859375,167.22000122070312,167.22000122070312,2264300.0,81.05999755859375,81.62000274658203,78.01000213623047,78.12000274658203,78.12000274658203,51036500,122.87999725341797,123.18000030517578,120.31999969482422,120.52999877929688,117.90735626220703,121229700.0,29.489999771118164,29.739999771118164,28.020000457763672,28.270000457763672,28.270000457763672,46998200.0,326.4800109863281,328.1400146484375,322.3800048828125,322.9800109863281,307.4571838378906,2736900.0
2021-03-19,24.010000228881836,24.56999969482422,23.389999389648438,24.31999969482422,24.31999969482422,57915900.0,12.75,12.921500205993652,12.612500190734863,12.845749855041504,12.817651748657227,299208000.0,281.2200012207031,292.79998779296875,281.20001220703125,290.1099853515625,289.0059814453125,38930500.0,169.1699981689453,171.49000549316406,168.0800018310547,169.74000549316406,169.74000549316406,1804500.0,78.48999786376953,79.33999633789062,77.58999633789062,79.05999755859375,79.05999755859375,42283400,119.9000015258789,121.43000030517578,119.68000030517578,119.98999786376953,117.37909698486328,185549500.0,28.479999542236328,29.09000015258789,27.1299991607666,28.959999084472656,28.959999084472656,41506400.0,323.6099853515625,329.25,322.3900146484375,328.9100036621094,313.1021728515625,4859300.0
2021-03-22,24.889999389648438,24.920000076293945,23.860000610351562,24.219999313354492,24.219999313354492,46208100.0,12.912750244140625,13.394499778747559,12.906749725341797,13.186249732971191,13.157407760620117,297804000.0,290.45001220703125,299.7099914550781,286.75,293.5400085449219,292.4229736328125,28273100.0,171.2899932861328,173.39999389648438,170.8699951171875,171.8800048828125,171.8800048828125,1127400.0,79.98999786376953,81.2699966430664,79.22000122070312,80.30000305175781,80.30000305175781,39648600,120.33000183105469,123.87000274658203,120.26000213623047,123.38999938964844,120.7051010131836,111912300.0,28.309999465942383,28.469999313354492,27.350000381469727,27.479999542236328,27.479999542236328,33792000.0,328.45001220703125,336.1700134277344,328.19000244140625,334.489990234375,318.4139709472656,4064900.0
2021-03-23,24.0,24.104999542236328,23.100000381469727,23.260000228881836,23.260000228881836,50169700.0,13.254249572753906,13.344499588012695,13.021249771118164,13.07075023651123,13.042159080505371,222048000.0,293.1499938964844,298.0,289.80999755859375,290.6300048828125,289.5240478515625,23000900.0,172.3300018310547,177.0800018310547,171.55999755859375,173.85000610351562,173.85000610351562,1622700.0,80.12999725341797,80.33999633789062,77.94999694824219,78.37999725341797,78.37999725341797,40466600,123.33000183105469,124.23999786376953,122.13999938964844,122.54000091552734,119.87361145019531,95467100.0,27.0,27.34000015258789,25.18000030517578,25.329999923706055,25.329999923706055,51242200.0,333.8900146484375,342.510009765625,333.79998779296875,340.3399963378906,323.9827880859375,3641200.0
2021-03-24,23.299999237060547,23.485000610351562,21.75,21.8799991607666,21.8799991607666,69271900.0,13.151249885559082,13.159250259399414,12.636750221252441,12.642999649047852,12.61534595489502,245840000.0,291.0,291.7200012207031,281.1600036621094,282.1400146484375,281.0663757324219,18675000.0,174.49000549316406,174.49000549316406,169.3300018310547,170.25999450683594,170.25999450683594,1126400.0,77.55000305175781,78.80000305175781,76.4000015258789,76.4800033569336,76.4800033569336,43753600,122.81999969482422,122.9000015258789,120.06999969482422,120.08999633789062,117.47691345214844,88530500.0,26.25,27.3700008392334,24.149999618530273,24.850000381469727,24.850000381469727,72339100.0,342.2200012207031,342.510009765625,336.8299865722656,338.0400085449219,321.79339599609375,3006400.0
2021-03-25,21.200000762939453,22.799999237060547,21.049999237060547,22.579999923706055,22.579999923706055,74592600.0,12.499500274658203,12.714750289916992,12.272000312805176,12.535249710083008,12.507832527160645,295144000.0,280.9800109863281,288.05999755859375,277.75,278.739990234375,277.67926025390625,24505600.0,169.58999633789062,170.49000549316406,167.11000061035156,169.7899932861328,169.7899932861328,806000.0,75.8499984741211,76.94999694824219,74.95999908447266,76.22000122070312,76.22000122070312,44735100,119.54000091552734,121.66000366210938,119.0,120.58999633789062,117.96603393554688,98844700.0,23.90999984741211,26.040000915527344,23.719999313354492,25.850000381469727,25.850000381469727,47085000.0,337.80999755859375,347.7799987792969,337.2699890136719,346.3399963378906,329.6944580078125,4307100.0
2021-03-26,22.6299991607666,23.049999237060547,21.760000228881836,22.579999923706055,22.579999923706055,57916400.0,12.554499626159668,12.856249809265137,12.373499870300293,12.839249610900879,12.811166763305664,363968000.0,278.29998779296875,284.5,277.7699890136719,283.0199890136719,281.9429626464844,17629200.0,169.2100067138672,174.38999938964844,168.75999450683594,174.2899932861328,174.2899932861328,1066000.0,76.62000274658203,77.5,75.02999877929688,77.41000366210938,77.41000366210938,49148700,120.3499984741211,121.4800033569336,118.91999816894531,121.20999908447266,118.57254791259766,94071200.0,26.25,26.510000228881836,25.209999084472656,26.059999465942383,26.059999465942383,28542000.0,346.2099914550781,352.4599914550781,344.1000061035156,352.0199890136719,335.1014404296875,3061200.0
2021-03-29,22.479999542236328,22.5,21.389999389648438,21.729999542236328,21.729999542236328,57647400.0,12.820249557495117,13.0625,12.699999809265137,12.948249816894531,12.919929504394531,273520000.0,285.7699890136719,293.17999267578125,284.70001220703125,290.82000732421875,289.7132873535156,21718800.0,173.1199951171875,177.47999572753906,172.80999755859375,176.2899932861328,176.2899932861328,1208600.0,77.02999877929688,78.0199966430664,76.26000213623047,77.13999938964844,77.13999938964844,37144300,121.6500015258789,122.58000183105469,120.7300033569336,121.38999938964844,118.74862670898438,80819200.0,26.049999237060547,26.139999389648438,25.25,25.6299991607666,25.6299991607666,19988900.0,351.45001220703125,357.7699890136719,351.010009765625,356.1499938964844,339.032958984375,3012000.0
2021-03-30,21.360000610351562,22.09000015258789,20.860000610351562,22.040000915527344,22.040000915527344,52039700.0,12.842000007629395,12.975250244140625,12.704999923706055,12.871749877929688,12.843595504760742,200204000.0,289.8299865722656,292.4700012207031,286.70001220703125,288.0,286.904052734375,17474500.0,176.1699981689453,177.3699951171875,174.86000061035156,177.08999633789062,177.08999633789062,2053200.0,76.47000122070312,76.55999755859375,74.8499984741211,76.0,76.0,39169300,120.11000061035156,120.4000015258789,118.86000061035156,119.9000015258789,117.29105377197266,85671900.0,25.700000762939453,26.829999923706055,25.65999984741211,26.649999618530273,26.649999618530273,23735600.0,353.5799865722656,354.7699890136719,348.8399963378906,349.75,332.9405517578125,2602400.0
2021-03-31,22.5,23.850000381469727,22.3799991607666,23.290000915527344,23.290000915527344,61458500.0,13.01550006866455,13.470499992370605,12.982500076293945,13.348250389099121,13.319053649902344,314776000.0,289.989990234375,296.5,288.6099853515625,294.5299987792969,293.4091796875,19498200.0,177.38999938964844,178.49000549316406,176.50999450683594,176.6999969482422,176.6999969482422,1134100.0,76.56999969482422,79.12999725341797,76.5199966430664,78.5,78.5,43659500,121.6500015258789,123.5199966430664,121.1500015258789,122.1500015258789,119.49211883544922,118323800.0,26.579999923706055,26.799999237060547,25.90999984741211,26.540000915527344,26.540000915527344,21560400.0,350.6600036621094,357.45001220703125,349.2300109863281,352.4800109863281,335.53936767578125,2832200.0
2021-04-01,23.950000762939453,23.950000762939453,22.729999542236328,23.06999969482422,23.06999969482422,51788800.0,13.572250366210938,13.869999885559082,13.511249542236328,13.811750411987305,13.78154182434082,308276000.0,298.3999938964844,302.3999938964844,296.6000061035156,298.6600036621094,297.5234680175781,17616000.0,177.72999572753906,180.42999267578125,177.67999267578125,180.14999389648438,180.14999389648438,1211600.0,80.16000366210938,81.30999755859375,79.4800033569336,81.08999633789062,81.08999633789062,40182400,123.66000366210938,124.18000030517578,122.48999786376953,123.0,120.3236083984375,75089100.0,26.989999771118164,27.100000381469727,26.530000686645508,26.860000610351562,26.860000610351562,19640300.0,352.5400085449219,357.32000732421875,351.6300048828125,354.94000244140625,337.8811340332031,2938600.0
2021-04-05,23.780000686645508,24.450000762939453,23.34000015258789,23.440000534057617,23.440000534057617,65374300.0,13.867500305175781,14.013999938964844,13.732999801635742,13.987500190734863,13.956903457641602,255672000.0,300.8900146484375,310.7699890136719,300.67999267578125,308.9100036621094,307.7344665527344,28237000.0,180.58999633789062,184.33999633789062,178.77000427246094,183.3800048828125,183.3800048828125,1330100.0,81.73999786376953,81.9000015258789,80.38999938964844,81.43000030517578,81.43000030517578,32610600,123.87000274658203,126.16000366210938,123.06999969482422,125.9000015258789,123.16049194335938,88651200.0,27.799999237060547,28.729999542236328,27.690000534057617,28.110000610351562,28.110000610351562,40105700.0,357.5,362.6700134277344,356.8399963378906,360.82000732421875,343.4785461425781,2705700.0
2021-04-06,23.549999237060547,23.610000610351562,22.829999923706055,23.270000457763672,23.270000457763672,41933500.0,13.999750137329102,14.05424976348877,13.773500442504883,13.861499786376953,13.831181526184082,191744000.0,308.8399963378906,311.3500061035156,305.25,306.260009765625,305.0945739746094,17335200.0,183.30999755859375,185.2899932861328,182.77999877929688,184.0,184.0,1198100.0,81.20999908447266,82.45999908447266,80.87999725341797,81.44000244140625,81.44000244140625,29327900,126.5,127.12999725341797,125.6500015258789,126.20999908447266,123.4637451171875,80171300.0,28.170000076293945,29.09000015258789,27.850000381469727,28.600000381469727,28.600000381469727,35528100.0,359.79998779296875,362.79998779296875,359.0,360.1199951171875,342.8121643066406,2142000.0
2021-04-07,23.0,23.549999237060547,22.809999465942383,22.899999618530273,22.899999618530273,32766200.0,13.880749702453613,14.243499755859375,13.71150016784668,14.143500328063965,14.112565994262695,251284000.0,306.3399963378906,314.25,305.5,313.0899963378906,311.8985595703125,22855200.0,184.0800018310547,185.05999755859375,182.50999450683594,183.64999389648438,183.64999389648438,875800.0,81.31999969482422,83.0999984741211,80.3499984741211,82.19999694824219,82.19999694824219,35590900,125.83000183105469,127.91999816894531,125.13999938964844,127.9000015258789,125.11698150634766,83466700.0,29.420000076293945,30.6299991607666,28.8700008392334,29.0,29.0,70953700.0,360.8699951171875,361.4599914550781,357.6099853515625,358.80999755859375,341.5650939941406,1808400.0
2021-04-08,23.200000762939453,23.600000381469727,22.739999771118164,23.40999984741211,23.40999984741211,35905500.0,14.252750396728516,14.471500396728516,14.24899959564209,14.317000389099121,14.285684585571289,244416000.0,314.8500061035156,315.8800048828125,310.04998779296875,313.0199890136719,311.8288269042969,20894100.0,185.75999450683594,186.2100067138672,182.1300048828125,183.60000610351562,183.60000610351562,1020300.0,83.31999969482422,83.79000091552734,82.44000244140625,83.3499984741211,83.3499984741211,41925300,128.9499969482422,130.38999938964844,128.52000427246094,130.36000061035156,127.52342224121094,88844600.0,29.1299991607666,29.1299991607666,27.81999969482422,28.559999465942383,28.559999465942383,37870800.0,362.79998779296875,366.0199890136719,359.6000061035156,361.2200012207031,343.8592834472656,2839200.0
2021-04-09,23.459999084472656,24.350000381469727,23.3700008392334,24.040000915527344,24.040000915527344,54082700.0,14.21399974822998,14.407999992370605,14.175000190734863,14.399999618530273,14.36850357055664,195172000.0,311.3999938964844,314.739990234375,310.3299865722656,312.4599914550781,311.2709655761719,15988600.0,183.57000732421875,184.47999572753906,180.5500030517578,184.02000427246094,184.02000427246094,850900.0,82.80000305175781,83.58999633789062,82.16000366210938,82.76000213623047,82.76000213623047,32759900,129.8000030517578,133.0399932861328,129.47000122070312,133.0,130.10601806640625,106686700.0,28.799999237060547,29.579999923706055,28.489999771118164,29.299999237060547,29.299999237060547,36287700.0,360.9100036621094,363.7099914550781,359.6000061035156,363.2099914550781,345.7536926269531,1610800.0
2021-04-12,24.520000457763672,24.549999237060547,22.729999542236328,23.34000015258789,23.34000015258789,68620800.0,14.289750099182129,15.352499961853027,14.139249801635742,15.208999633789062,15.175732612609863,869324000.0,311.04998779296875,312.1499938964844,307.92999267578125,311.5400085449219,310.3544616699219,10881900.0,182.35000610351562,182.9499969482422,180.6999969482422,182.75999450683594,182.75999450683594,861700.0,82.05999755859375,82.18000030517578,78.02999877929688,78.58000183105469,78.58000183105469,62098800,132.52000427246094,132.85000610351562,130.6300048828125,131.24000549316406,128.38427734375,91420000.0,28.899999618530273,29.079999923706055,27.479999542236328,27.75,27.75,39161600.0,362.8399963378906,365.25,361.3399963378906,364.80999755859375,347.27679443359375,1836600.0
2021-04-13,23.190000534057617,25.659000396728516,23.1200008392334,25.420000076293945,25.420000076293945,83913500.0,15.231499671936035,15.699999809265137,15.125749588012695,15.679499626159668,15.645204544067383,676212000.0,312.2099914550781,314.42999267578125,309.32000732421875,309.760009765625,308.58123779296875,14036900.0,184.3699951171875,185.6300048828125,181.63999938964844,182.66000366210938,182.66000366210938,1041800.0,79.66999816894531,80.72000122070312,78.9800033569336,80.19000244140625,80.19000244140625,37767300,132.44000244140625,134.66000366210938,131.92999267578125,134.42999267578125,131.5048828125,91266500.0,27.110000610351562,27.940000534057617,26.729999542236328,27.81999969482422,27.81999969482422,27690600.0,365.3399963378906,367.29998779296875,364.2699890136719,365.2099914550781,347.65753173828125,1796400.0
2021-04-14,25.350000381469727,26.200000762939453,23.649999618530273,23.700000762939453,23.700000762939453,108793800.0,15.625,15.720499992370605,15.227499961853027,15.277000427246094,15.243583679199219,385500000.0,307.29998779296875,308.0299987792969,301.95001220703125,302.82000732421875,301.6676330566406,17421400.0,183.6300048828125,184.8300018310547,180.7899932861328,181.44000244140625,181.44000244140625,841200.0,79.87999725341797,80.12999725341797,77.94000244140625,78.55000305175781,78.55000305175781,34263800,134.94000244140625,135.0,131.66000366210938,132.02999877929688,129.1571502685547,87222800.0,28.010000228881836,28.75,27.850000381469727,27.940000534057617,27.940000534057617,23267500.0,364.8500061035156,364.8500061035156,362.54998779296875,363.1700134277344,345.715576171875,1509400.0
2021-04-15,24.010000228881836,24.059999465942383,22.690000534057617,23.149999618530273,23.149999618530273,58849300.0,15.662500381469727,16.214250564575195,15.631500244140625,16.137250900268555,16.10195541381836,598480000.0,306.3399963378906,310.1400146484375,304.1000061035156,307.82000732421875,306.64862060546875,14558300.0,181.11000061035156,183.2100067138672,180.5,182.5,182.5,857000.0,80.31999969482422,83.94999694824219,79.97000122070312,83.01000213623047,83.01000213623047,68942800,133.82000732421875,135.0,133.63999938964844,134.5,131.5733642578125,89347100.0,28.18000030517578,28.200000762939453,27.1200008392334,27.31999969482422,27.31999969482422,24024400.0,364.8800048828125,369.54998779296875,364.2699890136719,368.79998779296875,351.0749816894531,1850100.0
2021-04-16,22.860000610351562,23.260000228881836,22.299999237060547,22.469999313354492,22.469999313354492,46627700.0,16.05299949645996,16.16575050354004,15.865249633789062,15.912500381469727,15.877696990966797,335208000.0,308.1700134277344,308.95001220703125,304.6099853515625,306.17999267578125,305.0148620605469,13059200.0,182.75,182.75,177.6699981689453,178.8000030517578,178.8000030517578,1137200.0,83.30000305175781,83.58999633789062,81.52999877929688,82.1500015258789,82.1500015258789,47280600,134.3000030517578,134.6699981689453,133.27999877929688,134.16000366210938,131.24078369140625,84922400.0,27.530000686645508,27.790000915527344,26.81999969482422,27.030000686645508,27.030000686645508,22092400.0,369.70001220703125,372.79998779296875,368.5799865722656,370.7200012207031,352.9027404785156,2249200.0
2021-04-19,22.149999618530273,22.329999923706055,21.530000686645508,21.940000534057617,21.940000534057617,45753900.0,15.536499977111816,15.807499885559082,15.232999801635742,15.361749649047852,15.32814884185791,404420000.0,305.010009765625,307.70001220703125,300.55999755859375,302.239990234375,301.0898742675781,14553500.0,178.25,179.50999450683594,176.11000061035156,177.91000366210938,177.91000366210938,873700.0,82.12999725341797,83.18000030517578,80.38999938964844,81.11000061035156,81.11000061035156,39115500,133.50999450683594,135.47000122070312,133.33999633789062,134.83999633789062,131.90594482421875,94264200.0,27.100000381469727,27.270000457763672,26.389999389648438,26.889999389648438,26.889999389648438,22214500.0,371.0,371.5299987792969,368.20001220703125,369.54998779296875,351.7889099121094,1560000.0
2021-04-20,21.959999084472656,22.549999237060547,21.239999771118164,21.780000686645508,21.780000686645508,47123100.0,15.323249816894531,15.496999740600586,14.963000297546387,15.171250343322754,15.138067245483398,334132000.0,301.989990234375,305.1000061035156,297.2099914550781,302.6499938964844,301.4983215332031,16796400.0,178.57000732421875,178.57000732421875,175.89999389648438,177.89999389648438,177.89999389648438,865100.0,80.81999969482422,81.11000061035156,78.51000213623047,79.2699966430664,79.2699966430664,34977800,135.02000427246094,135.52999877929688,131.80999755859375,133.11000061035156,130.21360778808594,94812300.0,26.479999542236328,26.510000228881836,25.1200008392334,25.719999313354492,25.719999313354492,31217000.0,369.0,375.3599853515625,368.7300109863281,371.7300109863281,353.86419677734375,2330700.0
2021-04-21,21.649999618530273,22.639999389648438,21.43000030517578,22.6299991607666,22.6299991607666,42641400.0,15.118749618530273,15.362500190734863,15.102250099182129,15.36050033569336,15.326903343200684,216776000.0,301.95001220703125,301.9800109863281,297.3900146484375,301.4700012207031,300.32281494140625,14863500.0,176.61000061035156,177.17999267578125,174.0500030517578,176.4499969482422,176.4499969482422,1269300.0,78.98999786376953,81.66000366210938,78.86000061035156,81.61000061035156,81.61000061035156,35069000,132.36000061035156,133.75,131.3000030517578,133.5,130.59512329101562,68847100.0,25.649999618530273,27.350000381469727,25.25,27.329999923706055,27.329999923706055,31354100.0,371.6099853515625,374.5799865722656,371.4700012207031,374.0899963378906,356.1107482910156,1531800.0
2021-04-22,22.940000534057617,23.510000228881836,22.510000228881836,22.860000610351562,22.860000610351562,51346400.0,15.375,15.43850040435791,14.783499717712402,14.850250244140625,14.817768096923828,277788000.0,301.3299865722656,302.9200134277344,296.0400085449219,296.5199890136719,295.3916015625,16375400.0,176.3699951171875,179.6999969482422,176.3699951171875,178.3800048828125,178.3800048828125,993200.0,81.61000061035156,81.79000091552734,78.58999633789062,79.05999755859375,79.05999755859375,38846100,133.0399932861328,134.14999389648438,131.41000366210938,131.94000244140625,129.06906127929688,84566500.0,26.969999313354492,27.899999618530273,26.770000457763672,26.90999984741211,26.90999984741211,29698400.0,374.3399963378906,375.44000244140625,370.0299987792969,371.260009765625,353.4167785644531,2138000.0
2021-04-23,22.889999389648438,23.549999237060547,22.739999771118164,23.40999984741211,23.40999984741211,32052800.0,14.934249877929688,15.335000038146973,14.900250434875488,15.265250205993652,15.231861114501953,227500000.0,298.760009765625,302.5899963378906,297.1499938964844,301.1300048828125,299.98406982421875,17536800.0,178.35000610351562,179.4600067138672,174.75999450683594,176.19000244140625,176.19000244140625,1125200.0,80.20999908447266,83.30000305175781,79.95999908447266,82.76000213623047,82.76000213623047,49194000,132.16000366210938,135.1199951171875,132.16000366210938,134.32000732421875,131.3972930908203,78657500.0,27.0,27.40999984741211,26.56999969482422,27.270000457763672,27.270000457763672,19297600.0,371.260009765625,374.8500061035156,370.4100036621094,373.2799987792969,355.3397216796875,1404500.0
2021-04-26,23.690000534057617,24.260000228881836,23.459999084472656,24.110000610351562,24.110000610351562,33667600.0,15.1850004196167,15.479000091552734,15.125,15.477999687194824,15.444146156311035,197796000.0,303.3399963378906,305.79998779296875,301.55999755859375,303.0400085449219,301.8868408203125,16172600.0,175.47999572753906,177.49000549316406,174.6300048828125,176.42999267578125,176.42999267578125,759600.0,83.3499984741211,85.9000015258789,82.69999694824219,85.41000366210938,85.41000366210938,57594500,134.8300018310547,135.05999755859375,133.55999755859375,134.72000122070312,131.78857421875,66905100.0,27.81999969482422,28.5,27.309999465942383,27.549999237060547,27.549999237060547,20033500.0,373.8999938964844,373.8999938964844,368.2099914550781,368.5199890136719,350.8084411621094,2059700.0
2021-04-27,24.170000076293945,24.260000228881836,23.56999969482422,23.8799991607666,23.8799991607666,27678300.0,15.578499794006348,15.670499801635742,15.354499816894531,15.381750106811523,15.34810733795166,164572000.0,304.2799987792969,305.3399963378906,301.1099853515625,303.57000732421875,302.4148254394531,15309300.0,176.80999755859375,177.36000061035156,173.3800048828125,174.27999877929688,174.27999877929688,1067600.0,85.66999816894531,87.1500015258789,85.12999725341797,85.20999908447266,85.20999908447266,61909900,135.00999450683594,135.41000366210938,134.11000061035156,134.38999938964844,131.4657440185547,66015800.0,27.59000015258789,27.8799991607666,27.139999389648438,27.809999465942383,27.809999465942383,18145200.0,368.1700134277344,370.9599914550781,365.2900085449219,370.2099914550781,352.4172058105469,1875900.0
2021-04-28,23.670000076293945,24.170000076293945,23.420000076293945,23.850000381469727,23.850000381469727,22068100.0,15.364500045776367,15.53225040435791,15.215499877929688,15.276749610900879,15.24333381652832,209416000.0,307.3599853515625,310.9200134277344,305.3699951171875,307.1000061035156,305.9313659667969,33907200.0,175.77999877929688,176.1199951171875,173.32000732421875,174.3800048828125,174.3800048828125,1150400.0,88.8499984741211,89.19999694824219,83.91999816894531,84.0199966430664,84.0199966430664,108920300,134.30999755859375,135.02000427246094,133.0800018310547,133.5800018310547,130.67340087890625,107760100.0,27.700000762939453,28.270000457763672,27.56999969482422,27.799999237060547,27.799999237060547,17273000.0,369.54998779296875,370.5,368.17999267578125,369.5899963378906,351.8269958496094,1305600.0
2021-04-29,23.8700008392334,24.139999389648438,22.809999465942383,23.3700008392334,23.3700008392334,36770100.0,15.399999618530273,15.43649959564209,15.071499824523926,15.324749946594238,15.291232109069824,173196000.0,330.1199951171875,331.80999755859375,321.6099853515625,329.510009765625,328.256103515625,56526800.0,175.3000030517578,176.7899932861328,174.11000061035156,176.47000122070312,176.47000122070312,940200.0,84.69999694824219,85.2699966430664,82.62999725341797,83.91000366210938,83.91000366210938,51294500,136.47000122070312,137.07000732421875,132.4499969482422,133.47999572753906,130.5755615234375,151101000.0,28.790000915527344,29.139999389648438,27.1299991607666,27.209999084472656,27.209999084472656,40714900.0,368.5400085449219,374.7099914550781,368.5299987792969,373.5400085449219,356.34893798828125,1848300.0
2021-04-30,23.18000030517578,23.549999237060547,22.84000015258789,23.040000915527344,23.040000915527344,24717300.0,15.174500465393066,15.364999771118164,14.996999740600586,15.009499549865723,14.976668357849121,201912000.0,326.1400146484375,329.82000732421875,324.5,325.0799865722656,323.84295654296875,26332400.0,174.52999877929688,176.44000244140625,174.11000061035156,175.3800048828125,175.3800048828125,672100.0,82.97000122070312,84.0999984741211,81.41999816894531,81.62000274658203,81.62000274658203,46601900,131.77999877929688,133.55999755859375,131.07000732421875,131.4600067138672,128.59951782226562,109839500.0,27.0,28.010000228881836,26.8700008392334,27.959999084472656,27.959999084472656,21653500.0,372.9100036621094,374.1600036621094,371.3299865722656,372.0899963378906,354.9656066894531,2118900.0
2021-05-03,23.010000228881836,23.079999923706055,22.209999084472656,22.299999237060547,22.299999237060547,33934400.0,15.125,15.246749877929688,14.787500381469727,14.836750030517578,14.804299354553223,203912000.0,326.1700134277344,328.54998779296875,321.8399963378906,322.5799865722656,321.3524475097656,18719500.0,175.3000030517578,176.2899932861328,169.91000366210938,170.3000030517578,170.3000030517578,1198300.0,81.97000122070312,82.0,78.45999908447266,78.55000305175781,78.55000305175781,66323300,132.0399932861328,134.07000732421875,131.8300018310547,132.5399932861328,129.656005859375,75135100.0,28.020000457763672,28.360000610351562,27.530000686645508,27.93000030517578,27.93000030517578,21866600.0,373.8399963378906,379.6199951171875,372.8900146484375,379.32000732421875,361.8629150390625,2685800.0
2021-05-04,21.940000534057617,22.200000762939453,20.8700008392334,21.639999389648438,21.639999389648438,63429600.0,14.637249946594238,14.637499809265137,14.010250091552734,14.351249694824219,14.319860458374023,405324000.0,320.0199890136719,322.19000244140625,313.1199951171875,318.3599853515625,317.14849853515625,24032600.0,168.35000610351562,169.3300018310547,164.2100067138672,167.52999877929688,167.52999877929688,1469500.0,77.94999694824219,78.66999816894531,77.04000091552734,78.61000061035156,78.61000061035156,59194300,131.19000244140625,131.49000549316406,126.69999694824219,127.8499984741211,125.06806182861328,137564700.0,27.479999542236328,27.559999465942383,26.200000762939453,26.68000030517578,26.68000030517578,33649300.0,379.0299987792969,379.2300109863281,373.75,375.2900085449219,358.01837158203125,2133800.0
2021-05-05,21.809999465942383,21.940000534057617,20.969999313354492,21.149999618530273,21.149999618530273,39134700.0,14.708999633789062,14.81350040435791,14.387499809265137,14.458499908447266,14.426872253417969,292024000.0,318.19000244140625,321.05999755859375,314.489990234375,315.0199890136719,313.8211975097656,15577600.0,168.1999969482422,171.32000732421875,167.0,167.47000122070312,167.47000122070312,1084000.0,79.05000305175781,79.30000305175781,77.36000061035156,77.83000183105469,77.83000183105469,42310200,129.1999969482422,130.4499969482422,127.97000122070312,128.10000610351562,125.31262969970703,84000900.0,26.81999969482422,27.309999465942383,26.3700008392334,26.520000457763672,26.520000457763672,25678100.0,376.3500061035156,377.5199890136719,372.04998779296875,372.5,355.35675048828125,1905300.0
2021-05-06,21.020000457763672,21.020000457763672,19.40999984741211,20.09000015258789,20.09000015258789,92201100.0,14.49524974822998,14.571249961853027,14.218000411987305,14.52299976348877,14.491233825683594,193380000.0,314.5199890136719,320.239990234375,313.2699890136719,320.0199890136719,318.80218505859375,19012200.0,166.74000549316406,168.97999572753906,166.10000610351562,168.63999938964844,168.63999938964844,1081200.0,77.62999725341797,78.05999755859375,76.47000122070312,77.88999938964844,77.88999938964844,38661300,127.88999938964844,129.75,127.12999725341797,129.74000549316406,126.91694641113281,78128300.0,26.479999542236328,26.829999923706055,25.520000457763672,25.950000762939453,25.950000762939453,25871400.0,373.19000244140625,382.94000244140625,373.19000244140625,382.760009765625,365.1445617675781,2641400.0
2021-05-07,20.299999237060547,20.75,19.579999923706055,19.75,19.75,63725500.0,14.808250427246094,14.970749855041504,14.67175006866455,14.812250137329102,14.779850959777832,229328000.0,322.3800048828125,322.94000244140625,318.75,319.0799865722656,317.86578369140625,15916700.0,170.22999572753906,171.49000549316406,169.08999633789062,170.07000732421875,170.07000732421875,822200.0,78.75,79.56999969482422,78.22000122070312,78.80999755859375,78.80999755859375,36954200,130.85000610351562,131.25999450683594,129.47999572753906,130.2100067138672,127.59309387207031,78973300.0,25.989999771118164,26.860000610351562,25.8799991607666,26.760000228881836,26.760000228881836,20185500.0,382.8299865722656,386.45001220703125,382.20001220703125,384.32000732421875,366.63275146484375,1817100.0
2021-05-10,19.280000686645508,19.299999237060547,18.18000030517578,18.469999313354492,18.469999313354492,104670500.0,14.787249565124512,14.805999755859375,14.25,14.26574993133545,14.234546661376953,268904000.0,314.3500061035156,314.5799865722656,304.8299865722656,305.9700012207031,304.8056640625,24239200.0,169.4600067138672,171.42999267578125,166.9199981689453,169.02000427246094,169.02000427246094,1274600.0,78.19999694824219,78.30000305175781,75.91999816894531,75.98999786376953,75.98999786376953,45134500,129.41000366210938,129.5399932861328,126.80999755859375,126.8499984741211,124.30059051513672,88071200.0,26.829999923706055,26.829999923706055,26.229999542236328,26.270000457763672,26.270000457763672,18093900.0,385.489990234375,387.8900146484375,381.2799987792969,381.4800109863281,363.9234619140625,1998700.0
2021-05-11,17.200000762939453,20.299999237060547,17.05500030517578,20.209999084472656,20.209999084472656,203230500.0,13.824999809265137,14.35474967956543,13.75,14.306249618530273,14.274958610534668,285584000.0,300.75,306.8399963378906,299.69000244140625,306.5299987792969,305.363525390625,18920100.0,166.47000122070312,169.25,166.47000122070312,167.99000549316406,167.99000549316406,1176300.0,73.56999969482422,76.93000030517578,72.75,76.83000183105469,76.83000183105469,51008200,123.5,126.2699966430664,122.7699966430664,125.91000366210938,123.37948608398438,126142800.0,25.329999923706055,26.1200008392334,25.09000015258789,25.8799991607666,25.8799991607666,28145500.0,379.30999755859375,380.9200134277344,376.0,378.17999267578125,360.7753601074219,1859700.0
2021-05-12,20.0,20.0,18.510000228881836,18.889999389648438,18.889999389648438,128281500.0,14.009499549865723,14.260250091552734,13.709250450134277,13.758500099182129,13.728405952453613,303408000.0,301.1300048828125,304.9599914550781,298.19000244140625,302.54998779296875,301.398681640625,24645500.0,166.5800018310547,167.47999572753906,162.35000610351562,164.25999450683594,164.25999450683594,1038600.0,75.08999633789062,76.12999725341797,74.16000366210938,74.63999938964844,74.63999938964844,42531400,123.4000015258789,124.63999938964844,122.25,122.7699966430664,120.3026123046875,112172300.0,25.5,25.84000015258789,24.68000030517578,24.780000686645508,24.780000686645508,24001500.0,376.0,376.94000244140625,371.1099853515625,372.20001220703125,355.0705261230469,2344600.0
2021-05-13,19.139999389648438,19.469999313354492,17.81999969482422,18.3700008392334,18.3700008392334,87811600.0,14.0337495803833,14.080750465393066,13.458999633789062,13.665249824523926,13.635361671447754,285404000.0,306.0799865722656,308.8599853515625,302.7699890136719,305.260009765625,304.0983581542969,18079200.0,164.0800018310547,165.49000549316406,161.6999969482422,162.74000549316406,162.74000549316406,813100.0,75.20999908447266,75.69999694824219,72.5,73.08999633789062,73.08999633789062,48646800,124.58000183105469,126.1500015258789,124.26000213623047,124.97000122070312,122.45838928222656,105861300.0,24.959999084472656,25.600000381469727,24.290000915527344,25.1200008392334,25.1200008392334,28167000.0,373.0899963378906,381.44000244140625,371.57000732421875,379.5299987792969,362.063232421875,2023100.0
2021-05-14,18.81999969482422,20.200000762939453,18.530000686645508,20.079999923706055,20.079999923706055,79409500.0,13.890000343322754,14.32800006866455,13.748499870300293,14.243000030517578,14.211847305297852,258616000.0,309.5400085449219,316.8500061035156,309.0799865722656,315.94000244140625,314.7377014160156,19245700.0,164.8000030517578,167.41000366210938,163.52999877929688,166.99000549316406,166.99000549316406,1524000.0,74.0199966430664,75.02999877929688,72.72000122070312,74.58999633789062,74.58999633789062,38355800,126.25,127.88999938964844,125.8499984741211,127.44999694824219,124.88853454589844,81918000.0,25.530000686645508,27.260000228881836,25.510000228881836,27.200000762939453,27.200000762939453,35569900.0,382.1400146484375,385.82000732421875,380.1000061035156,384.4200134277344,366.72821044921875,1876100.0
2021-05-17,19.729999542236328,20.489999771118164,19.6299991607666,20.459999084472656,20.459999084472656,50039600.0,14.156999588012695,14.169249534606934,13.853500366210938,14.165499687194824,14.134516716003418,216980000.0,313.54998779296875,315.67999267578125,311.5799865722656,315.4599914550781,314.2595520019531,15401300.0,166.1199951171875,169.0500030517578,165.6699981689453,168.22000122070312,168.22000122070312,1289700.0,74.22000122070312,75.5199966430664,73.41000366210938,74.6500015258789,74.6500015258789,40779200,126.81999969482422,126.93000030517578,125.16999816894531,126.2699966430664,123.73225402832031,74244600.0,27.299999237060547,27.600000381469727,26.790000915527344,27.520000457763672,27.520000457763672,29753400.0,385.0400085449219,387.04998779296875,382.8999938964844,383.9599914550781,366.289306640625,1830800.0
2021-05-18,20.520000457763672,21.6200008392334,20.260000228881836,21.239999771118164,21.239999771118164,59672400.0,14.267000198364258,14.404250144958496,14.003999710083008,14.01574993133545,13.985093116760254,186256000.0,315.5899963378906,316.5,309.80999755859375,309.9599914550781,308.7804870605469,14522400.0,168.6699981689453,171.4199981689453,166.72000122070312,167.69000244140625,167.69000244140625,3687000.0,74.73999786376953,75.7699966430664,74.23999786376953,74.44000244140625,74.44000244140625,31982500,126.55999755859375,126.98999786376953,124.77999877929688,124.8499984741211,122.3407974243164,63342900.0,27.649999618530273,28.6200008392334,27.420000076293945,28.0,28.0,33424800.0,386.45001220703125,389.45001220703125,382.510009765625,382.80999755859375,365.1922302246094,1698200.0
2021-05-19,20.100000381469727,21.03499984741211,19.940000534057617,20.670000076293945,20.670000076293945,45314000.0,13.566499710083008,14.079500198364258,13.54325008392334,14.065750122070312,14.03498649597168,344000000.0,304.19000244140625,314.6600036621094,303.57000732421875,313.5899963378906,312.39666748046875,19106200.0,171.0,179.89999389648438,170.7899932861328,179.35000610351562,179.35000610351562,4221600.0,73.16000366210938,76.97000122070312,72.76000213623047,76.2300033569336,76.2300033569336,73966200,123.16000366210938,124.91999816894531,122.86000061035156,124.69000244140625,122.18402862548828,92612000.0,27.010000228881836,27.799999237060547,26.739999771118164,27.68000030517578,27.68000030517578,26292100.0,377.1499938964844,381.7300109863281,376.1300048828125,379.6600036621094,362.1872253417969,1725000.0
2021-05-20,20.75,20.809999465942383,20.280000686645508,20.610000610351562,20.610000610351562,46302400.0,14.302499771118164,14.68375015258789,14.270500183105469,14.612500190734863,14.580540657043457,321592000.0,313.5799865722656,319.25,313.1600036621094,318.6099853515625,317.3975524902344,17320200.0,179.9499969482422,188.33999633789062,179.60000610351562,185.0800018310547,185.0800018310547,2254100.0,76.80999755859375,78.2699966430664,76.25,78.05999755859375,78.05999755859375,49135000,125.2300033569336,127.72000122070312,125.0999984741211,127.30999755859375,124.7513427734375,76857100.0,27.649999618530273,27.68000030517578,26.959999084472656,27.530000686645508,27.530000686645508,24022300.0,379.17999267578125,384.5199890136719,378.2799987792969,383.5799865722656,365.9267883300781,1427300.0
2021-05-21,20.84000015258789,21.15999984741211,20.469999313354492,20.75,20.75,35372900.0,15.163749694824219,15.222000122070312,14.869500160217285,14.99174976348877,14.95896053314209,672992000.0,319.2900085449219,319.92999267578125,315.80999755859375,316.2300109863281,315.026611328125,13600900.0,185.83999633789062,187.47999572753906,184.1699981689453,184.36000061035156,184.36000061035156,1365400.0,78.55000305175781,78.80999755859375,77.04000091552734,77.16999816894531,77.16999816894531,40201100,127.81999969482422,128.0,125.20999908447266,125.43000030517578,122.90912628173828,79295400.0,27.889999389648438,28.040000915527344,27.15999984741211,27.170000076293945,27.170000076293945,20551500.0,385.04998779296875,385.3500061035156,380.42999267578125,380.7200012207031,363.1984558105469,1706600.0
2021-05-24,21.059999465942383,21.520000457763672,20.674999237060547,21.219999313354492,21.219999313354492,46596800.0,15.212499618530273,15.744999885559082,15.175999641418457,15.612000465393066,15.577852249145508,554816000.0,318.2099914550781,325.95001220703125,318.0299987792969,324.6300048828125,323.3946228027344,16445400.0,184.36000061035156,186.8000030517578,184.25,185.02000427246094,185.02000427246094,1015100.0,77.26000213623047,78.01000213623047,76.80000305175781,77.44000244140625,77.44000244140625,33194300,126.01000213623047,127.94000244140625,125.94000244140625,127.0999984741211,124.54557800292969,63092900.0,27.3799991607666,28.149999618530273,26.899999618530273,27.899999618530273,27.899999618530273,26473300.0,384.3399963378906,385.760009765625,381.8900146484375,383.45001220703125,365.80279541015625,1657000.0
2021-05-25,21.420000076293945,22.110000610351562,21.280000686645508,21.479999542236328,21.479999542236328,49890800.0,15.765999794006348,15.818499565124512,15.482500076293945,15.647749900817871,15.613524436950684,435408000.0,327.0799865722656,329.17999267578125,324.79998779296875,327.7900085449219,326.5426330566406,16437000.0,186.0,186.3300018310547,183.5500030517578,184.6199951171875,184.6199951171875,807500.0,77.33000183105469,78.7699966430664,76.83999633789062,77.86000061035156,77.86000061035156,47353100,127.81999969482422,128.32000732421875,126.31999969482422,126.9000015258789,124.34959411621094,72009500.0,28.25,29.3700008392334,28.229999542236328,28.579999923706055,28.579999923706055,38680700.0,383.6199951171875,385.739990234375,382.0299987792969,385.3800048828125,367.6439514160156,1379700.0
2021-05-26,21.579999923706055,22.239999771118164,21.489999771118164,22.1200008392334,22.1200008392334,42958300.0,15.73425006866455,15.793749809265137,15.586250305175781,15.699999809265137,15.66565990447998,370440000.0,328.3500061035156,329.8299865722656,325.82000732421875,327.6600036621094,326.4130859375,9686900.0,185.47999572753906,188.36000061035156,184.60000610351562,185.6699981689453,185.6699981689453,816900.0,77.83000183105469,78.58999633789062,77.58999633789062,78.33999633789062,78.33999633789062,30354000,126.95999908447266,127.38999938964844,126.41999816894531,126.8499984741211,124.30059051513672,56575900.0,28.84000015258789,29.420000076293945,28.6299991607666,29.3700008392334,29.3700008392334,24530200.0,385.8599853515625,387.75,385.0199890136719,385.6199951171875,367.8729248046875,1648000.0
2021-05-27,22.010000228881836,22.700000762939453,21.649999618530273,22.700000762939453,22.700000762939453,76230500.0,15.699749946594238,15.75,15.460000038146973,15.48799991607666,15.454122543334961,581476000.0,328.0,333.7799987792969,326.760009765625,332.75,331.4837341308594,20477700.0,184.75,187.16000366210938,183.5800018310547,186.47999572753906,186.47999572753906,1549500.0,78.11000061035156,78.43000030517578,77.47000122070312,78.41999816894531,78.41999816894531,35883200,126.44000244140625,127.63999938964844,125.08000183105469,125.27999877929688,122.76216888427734,94625600.0,29.56999969482422,30.0,29.219999313354492,30.0,30.0,30294500.0,385.1300048828125,387.7699890136719,383.5,387.5,369.6664733886719,4452000.0
2021-05-28,23.0,24.75,22.760000228881836,22.950000762939453,22.950000762939453,111846000.0,15.50100040435791,16.27750015258789,15.50100040435791,16.24449920654297,16.208969116210938,644536000.0,331.0,332.8699951171875,328.3299865722656,328.7300109863281,327.4790344238281,12037400.0,186.27999877929688,187.67999267578125,185.2899932861328,185.55999755859375,185.55999755859375,753500.0,78.66000366210938,81.08999633789062,78.66000366210938,80.08000183105469,80.08000183105469,40952700,125.56999969482422,125.80000305175781,124.55000305175781,124.61000061035156,122.10562133789062,71311100.0,29.959999084472656,30.06999969482422,29.40999984741211,29.559999465942383,29.559999465942383,25635800.0,384.1499938964844,385.30999755859375,377.0299987792969,378.2699890136719,360.8611755371094,4681200.0
2021-06-01,23.190000534057617,23.350000381469727,22.360000610351562,23.059999465942383,23.059999465942383,52695500.0,16.270000457763672,16.38825035095215,15.903249740600586,16.26449966430664,16.228927612304688,472804000.0,330.1499938964844,331.4200134277344,326.6400146484375,329.1300048828125,327.8775329589844,11765900.0,186.8300018310547,187.24000549316406,182.52999877929688,182.75999450683594,182.75999450683594,1127800.0,81.01000213623047,82.91000366210938,80.66000366210938,80.80999755859375,80.80999755859375,43433000,125.08000183105469,125.3499984741211,123.94000244140625,124.27999877929688,121.78224182128906,67637100.0,30.190000534057617,30.75,29.90999984741211,30.149999618530273,30.149999618530273,36826700.0,379.92999267578125,380.20001220703125,375.5,378.2300109863281,360.8230285644531,2117800.0
2021-06-02,23.020000457763672,24.84000015258789,22.81999969482422,24.450000762939453,24.450000762939453,86473200.0,16.25225067138672,16.918750762939453,16.23550033569336,16.778249740600586,16.74155044555664,594168000.0,330.3800048828125,331.8699951171875,327.1199951171875,329.1499938964844,327.8974609375,11654300.0,181.05999755859375,182.50999450683594,176.0399932861328,176.91000366210938,176.91000366210938,1732500.0,81.0,82.5999984741211,80.66000366210938,81.97000122070312,81.97000122070312,35203200,124.27999877929688,125.23999786376953,124.05000305175781,125.05999755859375,122.54658508300781,59278900.0,30.309999465942383,31.5,29.93000030517578,31.309999465942383,31.309999465942383,36078200.0,378.3800048828125,381.9200134277344,377.7099914550781,380.5899963378906,363.0744934082031,1881000.0
2021-06-03,24.139999389648438,24.260000228881836,23.34000015258789,23.6299991607666,23.6299991607666,48164200.0,16.70075035095215,17.259000778198242,16.58300018310547,16.969749450683594,16.932634353637695,580008000.0,325.7799987792969,327.3800048828125,323.4800109863281,326.0400085449219,324.79931640625,12610800.0,178.50999450683594,179.86000061035156,176.52999877929688,177.72999572753906,177.72999572753906,1268300.0,81.12999725341797,81.88999938964844,80.26000213623047,80.27999877929688,80.27999877929688,29812000,124.68000030517578,124.8499984741211,123.12999725341797,123.54000091552734,121.05713653564453,76229200.0,31.139999389648438,31.299999237060547,30.350000381469727,30.670000076293945,30.670000076293945,24269800.0,379.6400146484375,384.19000244140625,378.8599853515625,383.8699951171875,366.2033996582031,1780300.0
2021-06-04,23.709999084472656,24.489999771118164,23.5,24.030000686645508,24.030000686645508,42537600.0,17.112499237060547,17.660999298095703,17.095500946044922,17.578250885009766,17.53980255126953,617120000.0,325.8999938964844,332.4599914550781,325.17999267578125,330.3500061035156,329.0928649902344,13289400.0,178.5399932861328,184.94000244140625,178.11000061035156,184.4499969482422,184.4499969482422,1321400.0,80.91999816894531,82.19000244140625,80.80999755859375,81.58000183105469,81.58000183105469,26387800,124.06999969482422,126.16000366210938,123.8499984741211,125.88999938964844,123.35990142822266,75169300.0,30.920000076293945,31.110000610351562,30.25,30.540000915527344,30.540000915527344,19384100.0,384.19000244140625,387.760009765625,383.7099914550781,387.5199890136719,369.6855163574219,1765900.0
2021-06-07,24.0,24.760000228881836,23.790000915527344,24.459999084472656,24.459999084472656,49641000.0,17.571250915527344,17.8125,17.192750930786133,17.618999481201172,17.580461502075195,575756000.0,329.4800109863281,337.69000244140625,328.92999267578125,336.5799865722656,335.2991943359375,20136700.0,183.3800048828125,185.42999267578125,183.3800048828125,184.25999450683594,184.25999450683594,1396800.0,81.4000015258789,81.68000030517578,80.37999725341797,81.3499984741211,81.3499984741211,29006800,126.16999816894531,126.31999969482422,124.83000183105469,125.9000015258789,123.36968994140625,71057600.0,30.75,31.459999084472656,30.649999618530273,30.889999389648438,30.889999389648438,24165700.0,385.4700012207031,386.45001220703125,378.57000732421875,380.3999938964844,362.8931884765625,2515800.0
2021-06-08,24.850000381469727,25.229999542236328,23.93000030517578,24.3799991607666,24.3799991607666,53488600.0,17.527250289916992,17.62150001525879,17.250999450683594,17.457000732421875,17.4188175201416,323848000.0,336.70001220703125,338.29998779296875,332.239990234375,333.67999267578125,332.4101867675781,14580500.0,184.92999267578125,186.58999633789062,184.3699951171875,184.8300018310547,184.8300018310547,891900.0,81.87000274658203,82.6500015258789,80.44999694824219,80.88999938964844,80.88999938964844,26956600,126.5999984741211,128.4600067138672,126.20999908447266,126.73999786376953,124.19281768798828,74403800.0,31.110000610351562,31.520000457763672,30.610000610351562,31.079999923706055,31.079999923706055,25061900.0,380.4100036621094,381.2099914550781,377.69000244140625,379.70001220703125,362.22540283203125,1553800.0
2021-06-09,24.450000762939453,24.739999771118164,24.170000076293945,24.170000076293945,24.170000076293945,36006200.0,17.515750885009766,17.575000762939453,17.25575065612793,17.35824966430664,17.324254989624023,381656000.0,335.739990234375,336.79998779296875,330.0,330.25,328.9932556152344,13727900.0,184.94000244140625,186.64999389648438,182.89999389648438,183.58999633789062,183.58999633789062,942600.0,81.08999633789062,81.68000030517578,79.80000305175781,79.95999908447266,79.95999908447266,28454600,127.20999908447266,127.75,126.5199966430664,127.12999725341797,124.5749740600586,56877900.0,31.299999237060547,31.350000381469727,30.43000030517578,30.450000762939453,30.450000762939453,18447300.0,380.2099914550781,381.7799987792969,379.1300048828125,379.9599914550781,362.4734802246094,1398900.0
2021-06-10,24.0,24.389999389648438,23.440000534057617,24.139999389648438,24.139999389648438,35482900.0,17.350000381469727,17.492000579833984,17.176000595092773,17.424999237060547,17.390871047973633,287772000.0,330.7900085449219,333.94000244140625,328.54998779296875,332.4599914550781,331.19482421875,13240200.0,183.41000366210938,185.4199981689453,182.61000061035156,184.97000122070312,184.97000122070312,913900.0,80.0199966430664,81.70999908447266,79.69999694824219,81.55999755859375,81.55999755859375,28606400,127.0199966430664,128.19000244140625,125.94000244140625,126.11000061035156,123.57548522949219,71186400.0,30.639999389648438,30.770000457763672,29.40999984741211,29.829999923706055,29.829999923706055,30486500.0,380.2699890136719,383.3599853515625,379.489990234375,383.010009765625,365.3830871582031,1404000.0
2021-06-11,24.1200008392334,24.709999084472656,24.030000686645508,24.670000076293945,24.670000076293945,33113100.0,17.47949981689453,17.939250946044922,17.443750381469727,17.82525062561035,17.79033851623535,416308000.0,332.5799865722656,332.8299865722656,328.92999267578125,331.260009765625,329.9994201660156,13587900.0,184.77000427246094,186.63999938964844,183.94000244140625,186.4199981689453,186.4199981689453,660800.0,81.61000061035156,82.33000183105469,80.69999694824219,81.30999755859375,81.30999755859375,24310900,126.52999877929688,127.44000244140625,126.0999984741211,127.3499984741211,124.79055786132812,53522400.0,29.5,30.040000915527344,29.290000915527344,29.93000030517578,29.93000030517578,20215000.0,383.8599853515625,383.8599853515625,380.5299987792969,381.8299865722656,364.25732421875,1404200.0
2021-06-14,24.729999542236328,25.149999618530273,24.469999313354492,25.0,25.0,51801500.0,17.9060001373291,18.039499282836914,17.662750244140625,18.018749237060547,17.983457565307617,321376000.0,331.8999938964844,336.82000732421875,329.80999755859375,336.7699890136719,335.48846435546875,12250800.0,186.5,187.89999389648438,185.4600067138672,186.75,186.75,853700.0,81.51000213623047,81.55000305175781,80.19999694824219,81.55000305175781,81.55000305175781,27830200,127.81999969482422,130.5399932861328,127.06999969482422,130.47999572753906,127.8576431274414,96906500.0,29.8700008392334,29.979999542236328,28.6299991607666,28.75,28.75,24538300.0,380.7900085449219,383.9800109863281,379.0799865722656,383.760009765625,366.0984802246094,1652600.0
2021-06-15,25.030000686645508,25.549999237060547,24.389999389648438,24.40999984741211,24.40999984741211,46693200.0,17.915000915527344,18.016250610351562,17.72800064086914,17.78849983215332,17.7536563873291,243032000.0,336.989990234375,339.9200134277344,335.0299987792969,336.75,335.4685363769531,15795200.0,186.35000610351562,186.41000366210938,178.0399932861328,178.60000610351562,178.60000610351562,1497900.0,81.58999633789062,81.68000030517578,80.22000122070312,80.47000122070312,80.47000122070312,26194300,129.94000244140625,130.60000610351562,129.38999938964844,129.63999938964844,127.0345458984375,62746300.0,28.81999969482422,29.389999389648438,28.40999984741211,28.610000610351562,28.610000610351562,19070900.0,383.760009765625,384.5,381.55999755859375,383.9100036621094,366.24163818359375,1252000.0
2021-06-16,24.09000015258789,24.940000534057617,23.860000610351562,24.799999237060547,24.799999237060547,58452600.0,17.79075050354004,17.954750061035156,17.58449935913086,17.81024932861328,17.77536392211914,307124000.0,336.70001220703125,337.54998779296875,328.7200012207031,331.0799865722656,329.8200988769531,17232200.0,177.0,177.52999877929688,168.9600067138672,171.64999389648438,171.64999389648438,3117400.0,80.75,81.44999694824219,78.95999908447266,80.11000061035156,80.11000061035156,29598300,130.3699951171875,130.88999938964844,128.4600067138672,130.14999389648438,127.5342788696289,91815000.0,28.979999542236328,29.489999771118164,28.690000534057617,29.280000686645508,29.280000686645508,25453900.0,384.3999938964844,386.44000244140625,377.1199951171875,379.4100036621094,361.94873046875,1801700.0
2021-06-17,24.68000030517578,25.459999084472656,24.549999237060547,25.450000762939453,25.450000762939453,64408400.0,17.774499893188477,18.834999084472656,17.756250381469727,18.657249450683594,18.62070655822754,809656000.0,330.489990234375,337.9800109863281,330.1499938964844,336.510009765625,335.2294616699219,17794100.0,170.80999755859375,173.44000244140625,169.92999267578125,170.5,170.5,1400900.0,80.7699966430664,85.37000274658203,80.56999969482422,84.55999755859375,84.55999755859375,77822800,129.8000030517578,132.5500030517578,129.64999389648438,131.7899932861328,129.1413116455078,96721700.0,29.200000762939453,29.719999313354492,28.40999984741211,28.420000076293945,28.420000076293945,26049300.0,380.3800048828125,386.4700012207031,379.2099914550781,384.75,367.0429992675781,1686500.0
2021-06-18,25.59000015258789,25.940000534057617,25.020000457763672,25.3700008392334,25.3700008392334,65852600.0,18.784000396728516,19.375,18.583999633789062,18.638750076293945,18.602243423461914,968856000.0,334.5299987792969,336.1499938964844,329.0,329.6600036621094,328.405517578125,23039500.0,170.85000610351562,172.0,168.67999267578125,171.27999877929688,171.27999877929688,1601600.0,84.27999877929688,85.7699966430664,83.4800033569336,84.6500015258789,84.6500015258789,58736800,130.7100067138672,131.50999450683594,130.24000549316406,130.4600067138672,127.83807373046875,108953300.0,28.1200008392334,28.520000457763672,27.729999542236328,28.18000030517578,28.18000030517578,26749900.0,384.75,384.9100036621094,380.29998779296875,380.8800048828125,363.3510437011719,3415700.0
2021-06-21,25.100000381469727,25.549999237060547,24.510000228881836,25.420000076293945,25.420000076293945,54805000.0,18.43524932861328,18.536500930786133,17.822750091552734,18.427249908447266,18.39116096496582,672384000.0,331.0899963378906,332.9200134277344,327.6499938964844,332.2900085449219,331.0255126953125,11337500.0,171.85000610351562,174.32000732421875,169.44000244140625,173.47000122070312,173.47000122070312,1290100.0,83.48999786376953,84.19000244140625,82.20999908447266,82.58999633789062,82.58999633789062,44417100,130.3000030517578,132.41000366210938,129.2100067138672,132.3000030517578,129.6410675048828,79663300.0,28.299999237060547,28.700000762939453,27.90999984741211,28.670000076293945,28.670000076293945,21897600.0,382.25,387.6499938964844,380.55999755859375,386.79998779296875,368.99859619140625,1631600.0
2021-06-22,25.389999389648438,25.520000457763672,24.959999084472656,25.399999618530273,25.399999618530273,46171100.0,18.471500396728516,18.9637508392334,18.38599967956543,18.886749267578125,18.84975814819336,580144000.0,332.69000244140625,339.9200134277344,332.6000061035156,339.0299987792969,337.7398376464844,15345300.0,173.72999572753906,175.25,172.92999267578125,174.22999572753906,174.22999572753906,1083100.0,82.9000015258789,84.04000091552734,82.4800033569336,83.58000183105469,83.58000183105469,32107700,132.1300048828125,134.0800018310547,131.6199951171875,133.97999572753906,131.2873077392578,74783600.0,28.649999618530273,28.690000534057617,27.799999237060547,28.059999465942383,28.059999465942383,18403400.0,387.0199890136719,392.5,386.55999755859375,392.17999267578125,374.1309814453125,1934800.0
2021-06-23,25.459999084472656,26.350000381469727,25.34000015258789,26.270000457763672,26.270000457763672,53362200.0,19.007749557495117,19.15275001525879,18.90774917602539,19.057249069213867,19.019926071166992,332356000.0,339.3500061035156,343.4200134277344,338.20001220703125,340.5899963378906,339.2939453125,14817800.0,173.7899932861328,173.8699951171875,170.1300048828125,171.8800048828125,171.8800048828125,1300200.0,83.83000183105469,84.48999786376953,83.16000366210938,83.81999969482422,83.81999969482422,25992400,133.77000427246094,134.32000732421875,133.22999572753906,133.6999969482422,131.01295471191406,60214200.0,28.110000610351562,28.489999771118164,28.020000457763672,28.149999618530273,28.149999618530273,17916700.0,393.0,393.44000244140625,390.5899963378906,391.9700012207031,373.9306945800781,1538000.0
2021-06-24,26.489999771118164,26.709999084472656,26.170000076293945,26.530000686645508,26.530000686645508,48419400.0,19.227750778198242,19.420000076293945,19.08824920654297,19.20549964904785,19.167882919311523,320924000.0,341.8500061035156,344.8999938964844,341.7900085449219,343.17999267578125,341.87408447265625,12329100.0,174.27000427246094,175.97999572753906,173.6999969482422,175.05999755859375,175.05999755859375,1375100.0,84.38999938964844,87.13999938964844,84.37000274658203,86.0999984741211,86.0999984741211,42217700,134.4499969482422,134.63999938964844,132.92999267578125,133.41000366210938,130.72877502441406,68711000.0,28.1299991607666,28.540000915527344,27.389999389648438,27.459999084472656,27.459999084472656,31193600.0,393.4200134277344,395.5,391.79998779296875,392.07000732421875,374.026123046875,1487300.0
2021-06-25,26.579999923706055,27.010000228881836,26.2450008392334,26.780000686645508,26.780000686645508,140832700.0,19.280500411987305,19.345500946044922,18.894500732421875,19.0310001373291,18.99372673034668,278364000.0,342.5899963378906,344.1199951171875,339.67999267578125,341.3699951171875,340.0709228515625,14594400.0,175.49000549316406,176.10000610351562,173.38999938964844,173.82000732421875,173.82000732421875,3315200.0,86.33999633789062,86.36000061035156,85.0999984741211,85.62000274658203,85.62000274658203,27804500,133.4600067138672,133.88999938964844,132.80999755859375,133.11000061035156,130.43478393554688,70783700.0,27.530000686645508,28.229999542236328,27.520000457763672,28.1299991607666,28.1299991607666,31580700.0,392.9700012207031,394.54998779296875,391.25,394.510009765625,376.35382080078125,2056100.0
2021-06-28,26.979999542236328,27.5,26.860000610351562,27.3799991607666,27.3799991607666,42184600.0,19.361249923706055,20.078750610351562,19.319000244140625,19.985000610351562,19.945859909057617,495436000.0,342.4599914550781,358.1400146484375,341.7699890136719,355.6400146484375,354.28662109375,29156100.0,175.25999450683594,178.9499969482422,174.97000122070312,178.08999633789062,178.08999633789062,1525400.0,86.37999725341797,88.0,86.1500015258789,87.08000183105469,87.08000183105469,30262000,133.41000366210938,135.25,133.35000610351562,134.77999877929688,132.0712127685547,62111300.0,27.420000076293945,27.530000686645508,26.0,26.149999618530273,26.149999618530273,63786300.0,395.0,397.4200134277344,393.1300048828125,396.5400085449219,378.2903747558594,1645500.0
2021-06-29,27.3799991607666,27.440000534057617,26.440000534057617,26.6299991607666,26.6299991607666,38478900.0,19.88249969482422,20.0987491607666,19.656999588012695,20.026750564575195,19.987524032592773,367632000.0,356.2699890136719,356.739990234375,349.04998779296875,351.8900146484375,350.5509338378906,21417300.0,178.00999450683594,179.0500030517578,176.16000366210938,178.10000610351562,178.10000610351562,818100.0,87.41000366210938,90.30000305175781,86.66000366210938,89.5199966430664,89.5199966430664,46181000,134.8000030517578,136.49000549316406,134.35000610351562,136.3300018310547,133.590087890625,64556100.0,26.15999984741211,26.489999771118164,25.760000228881836,25.780000686645508,25.780000686645508,33185800.0,396.29998779296875,399.44000244140625,395.4700012207031,398.7900085449219,380.4368591308594,1523600.0
2021-06-30,26.479999542236328,26.920000076293945,26.209999084472656,26.360000610351562,26.360000610351562,28957100.0,19.999250411987305,20.162500381469727,19.863750457763672,20.002500534057617,19.963321685791016,326568000.0,352.1700134277344,352.9200134277344,347.1700134277344,347.7099914550781,346.3868408203125,15107500.0,177.8000030517578,178.77999877929688,176.35000610351562,177.02000427246094,177.02000427246094,1013600.0,90.81999969482422,94.33999633789062,90.5999984741211,93.93000030517578,93.93000030517578,70721500,136.1699981689453,137.41000366210938,135.8699951171875,136.9600067138672,134.20741271972656,63261400.0,25.790000915527344,26.479999542236328,25.690000534057617,26.360000610351562,26.360000610351562,22820200.0,397.9700012207031,400.4700012207031,395.0,395.6700134277344,377.4604187011719,2031700.0
2021-07-01,26.100000381469727,26.1299991607666,24.59000015258789,24.719999313354492,24.719999313354492,55429800.0,20.125,20.45599937438965,20.018999099731445,20.211999893188477,20.172414779663086,480136000.0,346.82000732421875,354.6700134277344,346.5,354.3900146484375,353.04144287109375,17137000.0,177.52999877929688,179.83999633789062,176.61000061035156,178.97000122070312,178.97000122070312,1052500.0,94.04000091552734,94.18000030517578,91.69999694824219,93.30999755859375,93.30999755859375,58059000,136.60000610351562,137.3300018310547,135.75999450683594,137.27000427246094,134.51121520996094,52485800.0,26.59000015258789,26.850000381469727,26.1200008392334,26.360000610351562,26.360000610351562,19363500.0,396.29998779296875,397.69000244140625,393.8800048828125,394.5299987792969,376.3728942871094,1523400.0
2021-07-02,25.0,25.34000015258789,24.329999923706055,24.440000534057617,24.440000534057617,29389500.0,20.440250396728516,20.505250930786133,20.287750244140625,20.48699951171875,20.44687271118164,342764000.0,355.1000061035156,356.44000244140625,352.6199951171875,354.70001220703125,353.3502197265625,11521300.0,180.3000030517578,180.97000122070312,176.02999877929688,177.3000030517578,177.3000030517578,737800.0,93.27999877929688,95.2699966430664,92.20999908447266,94.69999694824219,94.69999694824219,51316700,137.89999389648438,140.0,137.75,139.9600067138672,137.1471405029297,78852600.0,26.260000228881836,26.299999237060547,25.700000762939453,26.059999465942383,26.059999465942383,20454000.0,396.2099914550781,400.7699890136719,396.1099853515625,398.94000244140625,380.57989501953125,1676600.0
2021-07-06,24.600000381469727,25.200000762939453,24.469999313354492,24.68000030517578,24.68000030517578,28764500.0,20.737499237060547,20.841999053955078,20.350250244140625,20.69849967956543,20.657960891723633,446708000.0,356.5,358.7900085449219,349.17999267578125,352.7799987792969,351.4375,13488500.0,177.39999389648438,177.83999633789062,171.6300048828125,174.07000732421875,174.07000732421875,1176400.0,94.87999725341797,95.41000366210938,93.31999969482422,94.47000122070312,94.47000122070312,44930100,140.07000732421875,143.14999389648438,140.07000732421875,142.02000427246094,139.16574096679688,108181800.0,26.079999923706055,26.280000686645508,24.93000030517578,25.020000457763672,25.020000457763672,30647200.0,399.8399963378906,401.3999938964844,397.1099853515625,398.8599853515625,380.50360107421875,2113100.0
2021-07-07,24.229999542236328,24.260000228881836,22.719999313354492,22.889999389648438,22.889999389648438,66937300.0,20.853500366210938,20.875,20.332000732421875,20.371749877929688,20.331850051879883,418428000.0,355.260009765625,356.489990234375,350.0,350.489990234375,349.15625,14218900.0,174.3699951171875,175.05999755859375,172.63999938964844,173.69000244140625,173.69000244140625,712700.0,95.0199966430664,95.44000244140625,90.30999755859375,90.54000091552734,90.54000091552734,51498500,143.5399932861328,144.88999938964844,142.66000366210938,144.57000732421875,141.6644744873047,104911600.0,24.860000610351562,25.290000915527344,23.8700008392334,24.079999923706055,24.079999923706055,36383500.0,399.20001220703125,406.1199951171875,399.20001220703125,404.67999267578125,386.0557556152344,2308600.0
2021-07-08,22.43000030517578,23.209999084472656,22.25,23.079999923706055,23.079999923706055,34612600.0,19.85650062561035,20.132999420166016,19.70075035095215,19.90275001525879,19.863767623901367,503300000.0,345.7300109863281,348.3299865722656,342.55999755859375,345.6499938964844,344.3346252441406,14406500.0,171.39999389648438,171.8300018310547,170.0800018310547,170.6699981689453,170.6699981689453,940500.0,87.86000061035156,90.33999633789062,87.44999694824219,89.73999786376953,89.73999786376953,45673500,141.5800018310547,144.05999755859375,140.6699981689453,143.24000549316406,140.36122131347656,105575500.0,23.139999389648438,24.15999984741211,22.84000015258789,23.719999313354492,23.719999313354492,37066500.0,403.5,408.6400146484375,403.1600036621094,407.1499938964844,388.4120178222656,2235500.0
2021-07-09,22.959999084472656,23.389999389648438,22.760000228881836,23.290000915527344,23.290000915527344,22492400.0,19.962499618530273,20.080249786376953,19.754249572753906,20.050249099731445,20.0109806060791,296624000.0,345.32000732421875,350.7099914550781,345.2699890136719,350.4200134277344,349.0865173339844,13018700.0,170.6699981689453,171.1699981689453,169.17999267578125,170.3699951171875,170.3699951171875,917400.0,90.04000091552734,91.26000213623047,88.52999877929688,90.9000015258789,90.9000015258789,35278400,142.75,145.64999389648438,142.64999389648438,145.11000061035156,142.19361877441406,99890800.0,24.06999969482422,24.34000015258789,23.6200008392334,24.260000228881836,24.260000228881836,23124400.0,408.54998779296875,414.0,407.5899963378906,412.3699951171875,393.3918151855469,2304200.0
2021-07-12,23.260000228881836,23.4950008392334,22.8799991607666,22.950000762939453,22.950000762939453,23457200.0,20.239999771118164,20.53274917602539,20.1877498626709,20.512500762939453,20.472326278686523,321984000.0,351.2300109863281,354.19000244140625,349.6400146484375,353.1600036621094,351.81610107421875,10018600.0,172.3699951171875,173.47999572753906,171.47999572753906,172.10000610351562,172.10000610351562,875300.0,91.22000122070312,91.9000015258789,89.6500015258789,90.80999755859375,90.80999755859375,28526600,146.2100067138672,146.32000732421875,144.0,144.5,141.5958709716797,76299700.0,23.969999313354492,24.010000228881836,23.559999465942383,23.860000610351562,23.860000610351562,23022800.0,414.0400085449219,414.3500061035156,404.5299987792969,407.8800048828125,389.1085205078125,2491300.0
2021-07-13,22.979999542236328,22.989999771118164,22.420000076293945,22.450000762939453,22.450000762939453,24748800.0,20.40049934387207,20.46125030517578,20.11400032043457,20.25,20.210336685180664,290708000.0,351.5,358.489990234375,348.79998779296875,352.0899963378906,350.7501525878906,11456000.0,172.5800018310547,175.25,172.08999633789062,173.5500030517578,173.5500030517578,1207200.0,90.4800033569336,91.41000366210938,89.83000183105469,90.26000213623047,90.26000213623047,30367600,144.02999877929688,147.4600067138672,143.6300048828125,145.63999938964844,142.71298217773438,100827100.0,23.559999465942383,23.559999465942383,22.81999969482422,22.850000381469727,22.850000381469727,27175500.0,404.70001220703125,409.2900085449219,404.70001220703125,407.05999755859375,388.3262023925781,1540300.0
2021-07-14,22.489999771118164,22.6200008392334,21.510000228881836,21.559999465942383,21.559999465942383,33796200.0,20.357749938964844,20.417749404907227,19.752750396728516,19.84149932861328,19.802637100219727,380100000.0,354.55999755859375,355.20001220703125,346.7300109863281,347.6300048828125,346.30712890625,13894200.0,173.8699951171875,174.5500030517578,170.02000427246094,171.8800048828125,171.8800048828125,692600.0,90.76000213623047,91.4000015258789,88.94000244140625,89.05000305175781,89.05000305175781,28108500,148.10000610351562,149.57000732421875,147.67999267578125,149.14999389648438,146.15243530273438,127050800.0,23.010000228881836,23.360000610351562,22.479999542236328,22.579999923706055,22.579999923706055,26614200.0,408.5799865722656,410.4700012207031,407.260009765625,409.95001220703125,391.0832214355469,1265800.0
2021-07-15,21.719999313354492,22.05500030517578,21.010000228881836,21.469999313354492,21.469999313354492,31871000.0,19.811750411987305,19.847000122070312,18.85849952697754,18.966249465942383,18.929101943969727,550564000.0,349.2300109863281,349.2300109863281,340.2200012207031,344.4599914550781,343.1492004394531,14781600.0,171.66000366210938,171.72000122070312,167.05999755859375,168.24000549316406,168.24000549316406,1030200.0,89.77999877929688,89.77999877929688,86.18000030517578,86.93000030517578,86.93000030517578,38944700,149.24000549316406,150.0,147.08999633789062,148.47999572753906,145.4958953857422,106820300.0,22.299999237060547,22.459999084472656,21.3700008392334,21.950000762939453,21.950000762939453,43232200.0,410.4599914550781,412.20001220703125,407.8800048828125,411.82000732421875,392.8671569824219,1894100.0
2021-07-16,21.600000381469727,21.709999084472656,21.239999771118164,21.3700008392334,21.3700008392334,19503100.0,19.030500411987305,19.156999588012695,18.072999954223633,18.160999298095703,18.12542724609375,688224000.0,344.9100036621094,345.989990234375,340.1400146484375,341.1600036621094,339.86175537109375,11026100.0,168.25999450683594,170.89999389648438,168.25999450683594,170.52000427246094,170.52000427246094,899800.0,87.31999969482422,88.02999877929688,85.68000030517578,85.88999938964844,85.88999938964844,35860700,148.4600067138672,149.75999450683594,145.8800048828125,146.38999938964844,143.4479217529297,93251400.0,22.260000228881836,22.360000610351562,20.799999237060547,20.920000076293945,20.920000076293945,41516000.0,412.1199951171875,413.4200134277344,409.7699890136719,410.3699951171875,391.48388671875,1413900.0
2021-07-19,20.969999313354492,21.690000534057617,20.549999237060547,21.540000915527344,21.540000915527344,30314400.0,17.915250778198242,19.04199981689453,17.86549949645996,18.77975082397461,18.74296760559082,749060000.0,337.57000732421875,339.7900085449219,334.5400085449219,336.95001220703125,335.66778564453125,14372300.0,169.94000244140625,172.22999572753906,166.61000061035156,168.9600067138672,168.9600067138672,2109700.0,84.98999786376953,87.2300033569336,84.23999786376953,86.58000183105469,86.58000183105469,39244800,143.75,144.07000732421875,141.6699981689453,142.4499969482422,139.5870819091797,121434600.0,19.719999313354492,20.299999237060547,19.190000534057617,19.719999313354492,19.719999313354492,85011700.0,410.05999755859375,415.32000732421875,410.04998779296875,414.1499938964844,395.0899353027344,2293100.0
2021-07-20,21.6299991607666,22.350000381469727,21.219999313354492,22.18000030517578,22.18000030517578,22954000.0,18.729999542236328,18.83799934387207,18.163999557495117,18.61199951171875,18.575550079345703,434687000.0,338.79998779296875,343.45001220703125,334.5,341.6600036621094,340.35986328125,11024300.0,170.91000366210938,171.10000610351562,167.97000122070312,170.02000427246094,170.02000427246094,861600.0,87.08999633789062,87.7699966430664,85.16999816894531,87.11000061035156,87.11000061035156,28089000,143.4600067138672,147.10000610351562,142.9600067138672,146.14999389648438,143.21270751953125,96350000.0,19.920000076293945,21.3799991607666,19.6200008392334,21.190000534057617,21.190000534057617,68222400.0,414.0,418.07000732421875,412.8500061035156,416.239990234375,397.083740234375,2045400.0
2021-07-21,22.270000457763672,22.68000030517578,22.1200008392334,22.520000457763672,22.520000457763672,20437300.0,18.881999969482422,19.527000427246094,18.742000579833984,19.40999984741211,19.371984481811523,371017000.0,341.5,346.5199890136719,341.25,346.2300109863281,344.9124755859375,9279700.0,170.47000122070312,171.57000732421875,170.13999938964844,170.89999389648438,170.89999389648438,903400.0,87.25,89.48999786376953,86.9000015258789,89.41000366210938,89.41000366210938,29469900,145.52999877929688,146.1300048828125,144.6300048828125,145.39999389648438,142.477783203125,74993500.0,21.739999771118164,23.360000610351562,21.670000076293945,23.190000534057617,23.190000534057617,76771400.0,417.1099853515625,417.1099853515625,412.2200012207031,415.010009765625,395.9103088378906,1480000.0
2021-07-22,22.549999237060547,22.670000076293945,21.8799991607666,22.06999969482422,22.06999969482422,17468900.0,19.642000198364258,19.886999130249023,19.275999069213867,19.5939998626709,19.555622100830078,323826000.0,346.67999267578125,351.5400085449219,345.2099914550781,351.19000244140625,349.8536071777344,12385400.0,170.67999267578125,171.58999633789062,169.1999969482422,171.27999877929688,171.27999877929688,606200.0,89.4000015258789,91.36000061035156,89.08000183105469,91.20999908447266,91.20999908447266,33730100,145.94000244140625,148.1999969482422,145.80999755859375,146.8000030517578,143.84967041015625,77338200.0,22.760000228881836,22.8799991607666,22.190000534057617,22.709999084472656,22.709999084472656,40877000.0,416.0,418.6000061035156,413.54998779296875,417.5400085449219,398.323974609375,1339200.0
2021-07-23,22.010000228881836,22.079999923706055,21.510000228881836,21.809999465942383,21.809999465942383,17653300.0,19.6560001373291,19.700000762939453,19.25,19.558000564575195,19.51969337463379,195672000.0,360.9100036621094,375.3299865722656,357.19000244140625,369.7900085449219,368.3828125,33694300.0,171.14999389648438,174.08999633789062,169.27000427246094,173.2899932861328,173.2899932861328,1253500.0,91.3499984741211,92.37000274658203,90.19000244140625,92.1500015258789,92.1500015258789,31708900,147.5500030517578,148.72000122070312,146.9199981689453,148.55999755859375,145.5742645263672,71447400.0,22.709999084472656,22.799999237060547,21.889999389648438,21.959999084472656,21.959999084472656,32632400.0,418.2900085449219,423.989990234375,417.04998779296875,423.42999267578125,403.9428405761719,1344500.0
2021-07-26,21.799999237060547,22.299999237060547,21.479999542236328,22.1299991607666,22.1299991607666,16267900.0,19.31100082397461,19.441999435424805,18.913999557495117,19.29400062561035,19.25621223449707,203943000.0,369.5799865722656,374.44000244140625,368.2200012207031,372.4599914550781,371.0426330566406,14925200.0,173.6999969482422,173.6999969482422,171.1199951171875,172.89999389648438,172.89999389648438,816900.0,92.01000213623047,92.75,91.12000274658203,91.81999969482422,91.81999969482422,27668500,148.27000427246094,149.8300018310547,147.6999969482422,148.99000549316406,145.99563598632812,72434100.0,21.75,23.200000762939453,21.709999084472656,23.15999984741211,23.15999984741211,37050500.0,423.3999938964844,424.5,420.3500061035156,423.2300109863281,403.7520751953125,1220000.0
2021-07-27,21.959999084472656,22.110000610351562,21.09000015258789,21.68000030517578,21.68000030517578,23078700.0,19.264999389648438,19.621999740600586,18.740999221801758,19.20800018310547,19.170379638671875,248863000.0,371.9100036621094,373.1499938964844,364.54998779296875,367.80999755859375,366.4103088378906,15705400.0,172.83999633789062,173.25999450683594,164.6300048828125,167.5,167.5,1481500.0,92.94000244140625,94.0999984741211,89.0999984741211,91.02999877929688,91.02999877929688,69427000,149.1199951171875,149.2100067138672,145.5500030517578,146.77000427246094,143.8202667236328,104818600.0,22.950000762939453,23.329999923706055,22.489999771118164,22.799999237060547,22.799999237060547,26484800.0,424.0,424.55999755859375,421.6000061035156,424.3399963378906,404.8109130859375,1666500.0
2021-07-28,21.75,22.614999771118164,21.690000534057617,22.559999465942383,22.559999465942383,25073600.0,19.319000244140625,19.645999908447266,18.9950008392334,19.503000259399414,19.464801788330078,202191000.0,374.55999755859375,377.54998779296875,366.92999267578125,373.2799987792969,371.8595275878906,29676900.0,168.64999389648438,173.11000061035156,168.1699981689453,171.27999877929688,171.27999877929688,1153300.0,93.44000244140625,98.70999908447266,89.6500015258789,97.93000030517578,97.93000030517578,140561000,144.80999755859375,146.97000122070312,142.5399932861328,144.97999572753906,142.06622314453125,118931200.0,23.190000534057617,23.389999389648438,22.200000762939453,22.81999969482422,22.81999969482422,27108200.0,423.2699890136719,424.8599853515625,420.5400085449219,422.2200012207031,402.7885437011719,1362700.0
2021-07-29,22.780000686645508,22.850000381469727,22.139999389648438,22.18000030517578,22.18000030517578,19219100.0,19.518999099731445,19.85300064086914,19.327999114990234,19.66200065612793,19.623489379882812,190781000.0,361.0,365.5199890136719,356.739990234375,358.32000732421875,356.95648193359375,33413200.0,171.1999969482422,172.99000549316406,168.85000610351562,169.99000549316406,169.99000549316406,1037500.0,96.58000183105469,105.73999786376953,96.58000183105469,102.94999694824219,102.94999694824219,164091800,144.69000244140625,146.5500030517578,144.5800018310547,145.63999938964844,142.71298217773438,56699500.0,23.079999923706055,23.34000015258789,22.700000762939453,22.709999084472656,22.709999084472656,26426800.0,421.67999267578125,425.8500061035156,420.3599853515625,425.2799987792969,406.46820068359375,1434200.0
2021-07-30,21.850000381469727,22.4060001373291,21.709999084472656,21.709999084472656,21.709999084472656,15889200.0,19.417999267578125,19.6299991607666,19.26300048828125,19.499000549316406,19.4608097076416,183497000.0,354.0,360.7300109863281,352.94000244140625,356.29998779296875,354.94415283203125,15976200.0,168.97000122070312,174.1999969482422,168.5800018310547,173.4199981689453,173.4199981689453,1940700.0,101.5999984741211,106.97000122070312,101.37999725341797,106.19000244140625,106.19000244140625,125632000,144.3800048828125,146.3300018310547,144.11000061035156,145.86000061035156,142.9285430908203,70440600.0,22.219999313354492,22.68000030517578,21.489999771118164,21.649999618530273,21.649999618530273,36760800.0,425.9800109863281,431.5,425.94000244140625,429.7200012207031,410.7117614746094,2283900.0
2021-08-02,21.90999984741211,22.3700008392334,21.479999542236328,22.100000381469727,22.100000381469727,21372900.0,19.700000762939453,19.961000442504883,19.361000061035156,19.75,19.71131706237793,217444000.0,358.1000061035156,359.3999938964844,350.739990234375,351.95001220703125,350.6106872558594,13180400.0,175.6699981689453,176.82000732421875,173.00999450683594,173.2100067138672,173.2100067138672,2372600.0,105.93000030517578,110.33000183105469,103.83000183105469,108.62999725341797,108.62999725341797,115581900,146.36000061035156,146.9499969482422,145.25,145.52000427246094,142.5953826904297,62880000.0,21.829999923706055,22.559999465942383,21.360000610351562,21.459999084472656,21.459999084472656,34093900.0,430.6199951171875,430.7099914550781,425.4800109863281,428.9200134277344,409.9471740722656,1366900.0
2021-08-03,22.030000686645508,22.270000457763672,21.709999084472656,22.239999771118164,22.239999771118164,17040100.0,19.739999771118164,20.222000122070312,19.219999313354492,19.815000534057617,19.776193618774414,301811000.0,352.7300109863281,353.7699890136719,347.70001220703125,351.239990234375,349.90338134765625,12406100.0,162.99000549316406,162.99000549316406,155.39999389648438,159.86000061035156,159.86000061035156,5935500.0,108.1500015258789,114.8499984741211,107.66000366210938,112.55999755859375,112.55999755859375,157723100,145.80999755859375,148.0399932861328,145.17999267578125,147.36000061035156,144.39842224121094,64786600.0,21.56999969482422,21.600000381469727,20.520000457763672,21.43000030517578,21.43000030517578,33254000.0,429.9200134277344,436.79998779296875,429.1199951171875,435.07000732421875,415.8251953125,1448100.0
2021-08-04,22.200000762939453,22.540000915527344,22.06999969482422,22.299999237060547,22.299999237060547,15537400.0,19.989999771118164,20.31800079345703,19.827999114990234,20.27400016784668,20.234291076660156,231309000.0,352.4200134277344,360.4800109863281,351.510009765625,358.9200134277344,357.55419921875,14180600.0,161.0800018310547,163.6199951171875,158.13999938964844,158.75,158.75,2136400.0,114.36000061035156,122.48999786376953,114.16000366210938,118.7699966430664,118.7699966430664,225368700,147.27000427246094,147.7899932861328,146.27999877929688,146.9499969482422,143.99664306640625,56368300.0,21.06999969482422,21.690000534057617,20.81999969482422,21.040000915527344,21.040000915527344,33239400.0,436.0,437.989990234375,432.8900146484375,435.0400085449219,415.7964782714844,1280500.0
2021-08-05,22.219999313354492,22.770000457763672,22.020000457763672,22.520000457763672,22.520000457763672,18575200.0,20.5,20.732999801635742,20.341999053955078,20.636999130249023,20.59657859802246,211435000.0,359.6400146484375,363.8999938964844,356.8999938964844,362.9700012207031,361.5887756347656,10247200.0,158.8300018310547,159.07000732421875,155.7100067138672,156.77999877929688,156.77999877929688,2643200.0,116.62999725341797,117.68000030517578,111.58999633789062,112.3499984741211,112.3499984741211,137860900,146.97999572753906,147.83999633789062,146.1699981689453,147.05999755859375,144.10443115234375,46397700.0,21.15999984741211,22.649999618530273,21.139999389648438,22.549999237060547,22.549999237060547,32938000.0,437.75,443.5,436.7300109863281,443.19000244140625,423.58599853515625,1742600.0
2021-08-06,22.639999389648438,22.690000534057617,21.790000915527344,21.81999969482422,21.81999969482422,24200700.0,20.52400016784668,20.56999969482422,20.209999084472656,20.365999221801758,20.326112747192383,178497000.0,361.3999938964844,365.1499938964844,361.3999938964844,363.510009765625,362.1267395019531,8925000.0,156.30999755859375,159.77999877929688,156.02999877929688,158.3000030517578,158.3000030517578,2279900.0,110.55000305175781,116.26000213623047,109.69999694824219,110.11000061035156,110.11000061035156,143899000,146.35000610351562,147.11000061035156,145.6300048828125,146.13999938964844,143.41749572753906,54126800.0,22.850000381469727,23.100000381469727,22.40999984741211,23.079999923706055,23.079999923706055,30680700.0,442.7300109863281,443.4599914550781,438.8999938964844,439.6300048828125,420.1834411621094,1789800.0
2021-08-09,21.850000381469727,23.280000686645508,21.799999237060547,22.93000030517578,22.93000030517578,35611100.0,20.445999145507812,20.507999420166016,20.14299964904785,20.295000076293945,20.2552490234375,146443000.0,363.760009765625,365.7799987792969,360.75,361.6099853515625,360.23394775390625,7798900.0,158.27999877929688,161.60000610351562,158.22999572753906,160.57000732421875,160.57000732421875,1145400.0,111.30999755859375,112.33000183105469,107.05999755859375,107.58000183105469,107.58000183105469,115749900,146.1999969482422,146.6999969482422,145.52000427246094,146.08999633789062,143.36839294433594,48908700.0,22.8700008392334,22.8700008392334,21.989999771118164,22.709999084472656,22.709999084472656,29949200.0,440.6499938964844,442.7799987792969,439.30999755859375,440.4700012207031,420.98626708984375,1472500.0
2021-08-10,23.010000228881836,23.520000457763672,22.780000686645508,22.920000076293945,22.920000076293945,25947900.0,20.32200050354004,20.43000030517578,19.834999084472656,19.93600082397461,19.89695167541504,179238000.0,361.8299865722656,364.1000061035156,359.0400085449219,361.1300048828125,359.7557678222656,7469900.0,160.55999755859375,161.16000366210938,159.08999633789062,159.67999267578125,159.67999267578125,1113500.0,107.9000015258789,109.16999816894531,104.36000061035156,106.4800033569336,106.4800033569336,113012300,146.44000244140625,147.7100067138672,145.3000030517578,145.60000610351562,142.88751220703125,69023100.0,22.81999969482422,23.850000381469727,22.719999313354492,23.649999618530273,23.649999618530273,34886200.0,440.6600036621094,443.79998779296875,440.6600036621094,443.0299987792969,423.43304443359375,1893700.0
2021-08-11,23.06999969482422,23.190000534057617,22.09000015258789,22.350000381469727,22.350000381469727,34679000.0,20.042999267578125,20.048999786376953,19.43000030517578,19.698999404907227,19.660417556762695,185925000.0,362.1000061035156,362.3599853515625,357.80999755859375,359.9599914550781,358.5901794433594,8400300.0,161.1300048828125,161.2899932861328,158.75999450683594,159.92999267578125,159.92999267578125,1068600.0,107.5999984741211,109.79000091552734,105.62000274658203,107.68000030517578,107.68000030517578,91788300,146.0500030517578,146.72000122070312,145.52999877929688,145.86000061035156,143.1427001953125,48493500.0,23.59000015258789,24.010000228881836,23.06999969482422,23.989999771118164,23.989999771118164,29487300.0,445.5,448.0,441.79998779296875,444.29998779296875,424.6468811035156,2267500.0
2021-08-12,24.450000762939453,25.760000228881836,23.584999084472656,24.889999389648438,24.889999389648438,189287200.0,19.8700008392334,20.02899932861328,19.6200008392334,19.905000686645508,19.86601448059082,151652000.0,358.45001220703125,363.0,357.1099853515625,362.6499938964844,361.26995849609375,7170700.0,158.75,160.8699951171875,158.27999877929688,160.3699951171875,160.3699951171875,1116400.0,107.38999938964844,108.44000244140625,105.86000061035156,106.5,106.5,60578700,146.19000244140625,149.0500030517578,145.83999633789062,148.88999938964844,146.1162109375,72282600.0,23.780000686645508,23.8799991607666,22.959999084472656,23.360000610351562,23.360000610351562,29141100.0,443.0,446.6300048828125,442.25,445.3599853515625,425.65997314453125,1230700.0
2021-08-13,25.0,25.100000381469727,24.309999465942383,24.899999618530273,24.899999618530273,52395100.0,19.905000686645508,20.214000701904297,19.85099983215332,20.187999725341797,20.14845848083496,183063000.0,362.9700012207031,364.6600036621094,361.4800109863281,363.17999267578125,361.7979431152344,7195700.0,161.05999755859375,162.66000366210938,159.9600067138672,160.35000610351562,160.35000610351562,926100.0,107.16999816894531,111.70999908447266,106.56999969482422,110.55000305175781,110.55000305175781,100135700,148.97000122070312,149.44000244140625,148.27000427246094,149.10000610351562,146.3223419189453,59375000.0,23.299999237060547,23.3799991607666,22.739999771118164,22.860000610351562,22.860000610351562,21235800.0,445.7799987792969,448.3599853515625,444.5400085449219,447.82000732421875,428.01123046875,1309300.0
2021-08-16,24.899999618530273,24.899999618530273,23.770000457763672,24.5,24.5,45907300.0,20.135000228881836,20.28700065612793,19.452999114990234,19.950000762939453,19.910924911499023,210876000.0,362.5199890136719,366.95001220703125,357.3800048828125,366.55999755859375,365.1650695800781,11222100.0,159.14999389648438,160.60000610351562,158.97999572753906,160.35000610351562,160.35000610351562,816000.0,110.19999694824219,111.58000183105469,105.87000274658203,107.4800033569336,107.4800033569336,73325400,148.5399932861328,151.19000244140625,146.47000122070312,151.1199951171875,148.30467224121094,103296000.0,22.43000030517578,22.93000030517578,21.940000534057617,22.790000915527344,22.790000915527344,25770200.0,447.9100036621094,453.19000244140625,447.04998779296875,452.8599853515625,432.8282775878906,1515600.0
2021-08-17,23.899999618530273,24.59000015258789,23.739999771118164,23.969999313354492,23.969999313354492,35348300.0,19.684999465942383,19.770000457763672,19.267000198364258,19.45800018310547,19.419891357421875,204585000.0,362.9800109863281,364.6700134277344,355.07000732421875,358.45001220703125,357.0859375,12328700.0,159.3699951171875,163.6300048828125,158.4499969482422,163.47000122070312,163.47000122070312,1311500.0,106.63999938964844,108.69999694824219,105.3499984741211,107.55999755859375,107.55999755859375,74053900,150.22999572753906,151.67999267578125,149.08999633789062,150.19000244140625,147.3920440673828,92229700.0,22.239999771118164,22.5,21.65999984741211,22.040000915527344,22.040000915527344,26331800.0,452.8599853515625,453.7799987792969,449.70001220703125,452.3399963378906,432.3312072753906,1936700.0
2021-08-18,24.06999969482422,25.940000534057617,23.68000030517578,25.280000686645508,25.280000686645508,92065600.0,19.5,19.634000778198242,19.0,19.040000915527344,19.002710342407227,285913000.0,356.25,359.8599853515625,355.1499938964844,355.45001220703125,354.0973815917969,10042400.0,163.64999389648438,164.8699951171875,161.5500030517578,161.6199951171875,161.6199951171875,1164100.0,107.3499984741211,108.06999969482422,103.2699966430664,103.44000244140625,103.44000244140625,79387900,149.8000030517578,150.72000122070312,146.14999389648438,146.36000061035156,143.63336181640625,86326000.0,22.020000457763672,22.979999542236328,21.68000030517578,22.479999542236328,22.479999542236328,31060700.0,450.9599914550781,455.239990234375,445.8999938964844,446.2099914550781,426.47235107421875,2030100.0
2021-08-19,25.010000228881836,25.639999389648438,24.139999389648438,24.15999984741211,24.15999984741211,67605600.0,19.493999481201172,20.4950008392334,18.761999130249023,19.79800033569336,19.75922203063965,766555000.0,351.3500061035156,357.57000732421875,351.0,355.1199951171875,353.7685852050781,12004500.0,161.38999938964844,163.7899932861328,160.75999450683594,162.27000427246094,162.27000427246094,767300.0,103.31999969482422,106.18000030517578,101.9800033569336,103.69999694824219,103.69999694824219,71117500,145.02999877929688,148.0,144.5,146.6999969482422,143.96705627441406,86960300.0,22.0,22.270000457763672,21.34000015258789,21.65999984741211,21.65999984741211,27943900.0,442.95001220703125,455.5,441.30999755859375,454.260009765625,434.16632080078125,1953700.0
2021-08-20,24.219999313354492,24.479999542236328,23.65999984741211,24.010000228881836,24.010000228881836,52062300.0,19.990999221801758,20.864999771118164,19.933000564575195,20.81599998474121,20.775230407714844,675741000.0,354.6000061035156,359.989990234375,353.30999755859375,359.3699951171875,358.00244140625,8697700.0,161.97999572753906,163.69000244140625,159.41000366210938,160.9600067138672,160.9600067138672,1040400.0,104.31999969482422,105.9800033569336,103.98999786376953,104.6500015258789,104.6500015258789,55227600,147.44000244140625,148.5,146.77999877929688,148.19000244140625,145.42926025390625,60549600.0,21.510000228881836,22.020000457763672,21.329999923706055,21.959999084472656,21.959999084472656,22632800.0,455.489990234375,460.6199951171875,453.6600036621094,458.989990234375,438.68707275390625,1911200.0
2021-08-23,24.020000457763672,24.93000030517578,23.899999618530273,24.81999969482422,24.81999969482422,35705300.0,20.97100067138672,21.996999740600586,20.950000762939453,21.95800018310547,21.91499137878418,575807000.0,359.44000244140625,365.69000244140625,359.1000061035156,363.3500061035156,361.9673156738281,10942000.0,161.1199951171875,163.92999267578125,160.42999267578125,163.36000061035156,163.36000061035156,782400.0,105.30000305175781,109.0199966430664,104.86000061035156,108.7699966430664,108.7699966430664,68835300,148.30999755859375,150.19000244140625,147.88999938964844,149.7100067138672,146.9209747314453,60131800.0,22.260000228881836,22.989999771118164,22.239999771118164,22.829999923706055,22.829999923706055,23992000.0,457.2699890136719,459.05999755859375,454.5899963378906,454.92999267578125,434.80657958984375,1835900.0
2021-08-24,25.0,25.350000381469727,24.760000228881836,25.100000381469727,25.100000381469727,37227400.0,21.753000259399414,21.958999633789062,21.53499984741211,21.792999267578125,21.750314712524414,297299000.0,363.6600036621094,367.9599914550781,361.8399963378906,365.510009765625,364.1191101074219,9235100.0,164.16000366210938,164.55999755859375,163.1199951171875,163.82000732421875,163.82000732421875,677600.0,109.44999694824219,109.61000061035156,107.27999877929688,107.6500015258789,107.6500015258789,51239300,149.4499969482422,150.86000061035156,149.14999389648438,149.6199951171875,146.83262634277344,48606400.0,23.239999771118164,24.06999969482422,23.200000762939453,23.84000015258789,23.84000015258789,32814300.0,455.25,455.3900146484375,450.29998779296875,451.7900085449219,431.80560302734375,1541700.0
2021-08-25,25.1200008392334,25.190000534057617,24.06999969482422,24.350000381469727,24.350000381469727,54678500.0,21.73699951171875,22.469999313354492,21.722000122070312,22.21299934387207,22.169490814208984,347701000.0,365.6000061035156,370.8599853515625,365.3999938964844,368.3900146484375,366.9881591796875,9684500.0,164.07000732421875,164.6199951171875,160.5,160.66000366210938,160.66000366210938,893400.0,108.12999725341797,109.91000366210938,107.44999694824219,108.30000305175781,108.30000305175781,45485500,149.80999755859375,150.32000732421875,147.8000030517578,148.36000061035156,145.59609985351562,58991300.0,23.979999542236328,24.31999969482422,23.40999984741211,24.110000610351562,24.110000610351562,30576000.0,450.8299865722656,452.82000732421875,447.32000732421875,451.2300109863281,431.2703552246094,1520600.0
2021-08-26,24.399999618530273,25.40999984741211,24.360000610351562,24.8700008392334,24.8700008392334,46179400.0,22.200000762939453,22.34000015258789,21.790000915527344,22.06800079345703,22.0247802734375,237940000.0,368.3800048828125,369.44000244140625,364.1300048828125,364.3800048828125,362.993408203125,7888700.0,160.6199951171875,160.9600067138672,158.55999755859375,158.8800048828125,158.8800048828125,916300.0,108.56999969482422,109.2300033569336,106.83999633789062,107.2699966430664,107.2699966430664,51442500,148.35000610351562,149.1199951171875,147.50999450683594,147.5399932861328,144.79136657714844,48597200.0,23.829999923706055,24.31999969482422,23.239999771118164,23.469999313354492,23.469999313354492,28762800.0,451.2300109863281,452.4800109863281,446.70001220703125,449.30999755859375,429.43524169921875,1418600.0
2021-08-27,25.049999237060547,26.09000015258789,24.90999984741211,25.709999084472656,25.709999084472656,52268500.0,22.18400001525879,22.722000122070312,22.16699981689453,22.63599967956543,22.591663360595703,304722000.0,365.1000061035156,373.739990234375,364.0799865722656,372.6300048828125,371.2120056152344,11219100.0,159.33999633789062,161.3000030517578,158.6699981689453,160.02999877929688,160.02999877929688,1524900.0,108.01000213623047,111.77999877929688,107.80000305175781,111.4000015258789,111.4000015258789,61030000,147.47999572753906,148.75,146.8300018310547,148.60000610351562,145.8316650390625,55802400.0,23.56999969482422,24.56999969482422,23.540000915527344,24.350000381469727,24.350000381469727,36693800.0,449.30999755859375,451.6199951171875,446.79998779296875,450.3399963378906,430.4197082519531,1310200.0
2021-08-30,25.739999771118164,26.600000381469727,25.6200008392334,25.760000228881836,25.760000228881836,44139300.0,22.829999923706055,23.042999267578125,22.551000595092773,22.687999725341797,22.643566131591797,262580000.0,372.55999755859375,381.489990234375,370.5199890136719,380.6600036621094,379.2114562988281,13547300.0,158.99000549316406,159.57000732421875,156.6199951171875,158.13999938964844,158.13999938964844,1106200.0,112.61000061035156,114.48999786376953,111.26000213623047,111.31999969482422,111.31999969482422,56130500,149.0,153.49000549316406,148.61000061035156,153.1199951171875,150.26744079589844,90956700.0,24.6299991607666,24.639999389648438,23.600000381469727,23.6299991607666,23.6299991607666,27629300.0,451.0400085449219,456.5899963378906,450.44000244140625,455.92999267578125,435.7624816894531,1219800.0
2021-08-31,25.790000915527344,26.360000610351562,25.65999984741211,26.34000015258789,26.34000015258789,93168600.0,22.69499969482422,22.69499969482422,22.1200008392334,22.385000228881836,22.3450927734375,259850000.0,379.95001220703125,382.760009765625,378.79998779296875,379.3800048828125,377.9363098144531,12345400.0,158.8300018310547,161.99000549316406,158.25,161.22000122070312,161.22000122070312,1257500.0,111.26000213623047,111.26000213623047,109.02999877929688,110.72000122070312,110.72000122070312,49339000,152.66000366210938,152.8000030517578,151.2899932861328,151.8300018310547,149.00146484375,86453100.0,23.530000686645508,24.190000534057617,23.5,24.139999389648438,24.139999389648438,28512600.0,456.1400146484375,456.8800048828125,452.44000244140625,455.489990234375,435.3418884277344,1699000.0
2021-09-01,26.459999084472656,26.510000228881836,26.030000686645508,26.200000762939453,26.200000762939453,34417200.0,22.485000610351562,22.69700050354004,22.35700035095215,22.44099998474121,22.4009952545166,201767000.0,379.5899963378906,384.3299865722656,378.80999755859375,382.04998779296875,380.59613037109375,11567200.0,162.35000610351562,163.42999267578125,160.14999389648438,161.92999267578125,161.92999267578125,878700.0,111.30000305175781,111.8499984741211,109.8499984741211,109.98999786376953,109.98999786376953,38579600,152.8300018310547,154.97999572753906,152.33999633789062,152.50999450683594,149.66880798339844,80313700.0,24.219999313354492,24.420000076293945,23.309999465942383,23.510000228881836,23.510000228881836,31875000.0,455.4800109863281,456.67999267578125,451.8500061035156,456.5199890136719,436.326416015625,1325400.0
2021-09-02,26.209999084472656,26.8700008392334,26.09000015258789,26.510000228881836,26.510000228881836,38460100.0,22.51799964904785,22.593000411987305,22.295000076293945,22.395999908447266,22.356075286865234,187834000.0,381.5,381.75,374.05999755859375,375.2799987792969,373.8518981933594,14832900.0,162.5500030517578,163.69000244140625,161.6300048828125,162.02999877929688,162.02999877929688,730500.0,110.31999969482422,110.87999725341797,108.7699966430664,109.19999694824219,109.19999694824219,40090500,153.8699951171875,154.72000122070312,152.39999389648438,153.64999389648438,150.78758239746094,71115500.0,23.579999923706055,24.469999313354492,23.1200008392334,24.020000457763672,24.020000457763672,36546600.0,459.4200134277344,461.44000244140625,458.3900146484375,460.9700012207031,440.57952880859375,1455000.0
2021-09-03,26.489999771118164,26.75,26.219999313354492,26.639999389648438,26.639999389648438,26609500.0,22.325000762939453,22.986000061035156,22.200000762939453,22.843000411987305,22.802282333374023,280532000.0,374.75,377.1600036621094,373.1099853515625,376.260009765625,374.82818603515625,7509600.0,161.72000122070312,162.1300048828125,160.35000610351562,160.55999755859375,160.55999755859375,559500.0,108.8499984741211,111.16999816894531,108.5,109.91999816894531,109.91999816894531,42605800,153.75999450683594,154.6300048828125,153.08999633789062,154.3000030517578,151.4254608154297,57808700.0,23.920000076293945,24.149999618530273,22.639999389648438,22.959999084472656,22.959999084472656,44194500.0,459.0,463.6000061035156,459.0,462.54998779296875,442.08966064453125,1302400.0
2021-09-07,26.790000915527344,26.8799991607666,26.270000457763672,26.700000762939453,26.700000762939453,35835100.0,22.83300018310547,22.89900016784668,22.52199935913086,22.66200065612793,22.62160301208496,198107000.0,375.8800048828125,382.9599914550781,373.1499938964844,382.17999267578125,380.72564697265625,10793800.0,160.6999969482422,161.0399932861328,158.08999633789062,159.11000061035156,159.11000061035156,795300.0,109.95999908447266,110.58000183105469,108.66000366210938,109.1500015258789,109.1500015258789,28815200,154.97000122070312,157.25999450683594,154.38999938964844,156.69000244140625,153.7709503173828,82278300.0,22.700000762939453,23.600000381469727,22.559999465942383,23.559999465942383,23.559999465942383,33580100.0,462.5,463.20001220703125,457.6300048828125,459.6000061035156,439.2701110839844,1463400.0
2021-09-08,26.600000381469727,26.610000610351562,24.959999084472656,25.579999923706055,25.579999923706055,54394400.0,22.51300048828125,22.610000610351562,21.976999282836914,22.339000701904297,22.299177169799805,254434000.0,380.1600036621094,380.8699951171875,374.7900085449219,377.57000732421875,376.1332092285156,11067200.0,159.36000061035156,160.17999267578125,157.57000732421875,159.4499969482422,159.4499969482422,605600.0,108.87999725341797,109.30000305175781,105.5199966430664,106.16999816894531,106.16999816894531,43067900,156.97999572753906,157.0399932861328,153.97999572753906,155.11000061035156,152.22035217285156,74420200.0,23.56999969482422,23.809999465942383,22.760000228881836,22.780000686645508,22.780000686645508,24700600.0,459.1099853515625,465.8299865722656,458.0799865722656,465.70001220703125,445.10028076171875,1372000.0
2021-09-09,25.389999389648438,26.239999771118164,25.290000915527344,26.1299991607666,26.1299991607666,34190800.0,22.312000274658203,22.538000106811523,22.131000518798828,22.177000045776367,22.137468338012695,196856000.0,377.6400146484375,379.8299865722656,376.57000732421875,378.0,376.5615539550781,9098900.0,158.27000427246094,158.8800048828125,156.6999969482422,157.02999877929688,157.02999877929688,833700.0,106.55999755859375,107.30000305175781,105.83999633789062,106.1500015258789,106.1500015258789,31857900,155.49000549316406,156.11000061035156,153.9499969482422,154.07000732421875,151.19973754882812,57305700.0,22.770000457763672,23.719999313354492,22.6200008392334,23.280000686645508,23.280000686645508,27193100.0,467.3399963378906,469.7699890136719,465.239990234375,465.94000244140625,445.3296813964844,1398700.0
2021-09-10,26.18000030517578,26.729999542236328,26.170000076293945,26.280000686645508,26.280000686645508,37307800.0,22.347999572753906,22.625999450683594,22.270000457763672,22.47800064086914,22.43793296813965,248376000.0,381.3599853515625,383.7900085449219,378.260009765625,378.69000244140625,377.2489318847656,11549600.0,153.10000610351562,156.0,151.7100067138672,153.94000244140625,153.94000244140625,2895700.0,106.98999786376953,106.98999786376953,104.9800033569336,105.19999694824219,105.19999694824219,32602300,155.0,155.47999572753906,148.6999969482422,148.97000122070312,146.1947479248047,140893200.0,23.399999618530273,23.5,22.719999313354492,22.75,22.75,25471400.0,467.1700134277344,468.3999938964844,463.20001220703125,465.1600036621094,444.5841979980469,1324800.0
2021-09-13,26.149999618530273,26.23900032043457,25.030000686645508,25.829999923706055,25.829999923706055,42372300.0,22.68400001525879,22.964000701904297,21.857999801635742,22.152000427246094,22.112510681152344,297500000.0,381.67999267578125,381.75,374.3500061035156,376.510009765625,375.0772399902344,13026300.0,154.6300048828125,156.39999389648438,152.27999877929688,152.92999267578125,152.92999267578125,1144800.0,105.26000213623047,105.27999877929688,102.62999725341797,104.80000305175781,104.80000305175781,37767800,150.6300048828125,151.4199981689453,148.75,149.5500030517578,146.76394653320312,102404300.0,23.030000686645508,23.479999542236328,22.239999771118164,23.309999465942383,23.309999465942383,36359500.0,467.05999755859375,468.239990234375,458.20001220703125,459.6600036621094,439.3274841308594,1679500.0
2021-09-14,25.969999313354492,26.700000762939453,25.899999618530273,26.260000228881836,26.260000228881836,34569000.0,22.274999618530273,22.40999984741211,22.086000442504883,22.242000579833984,22.202350616455078,199755000.0,377.3999938964844,378.5899963378906,375.1099853515625,376.5299987792969,375.09716796875,8711600.0,152.5399932861328,153.5399932861328,151.38999938964844,152.14999389648438,152.14999389648438,1350900.0,105.5199966430664,106.81999969482422,104.41999816894531,105.7300033569336,105.7300033569336,40629500,150.35000610351562,151.07000732421875,146.91000366210938,148.1199951171875,145.360595703125,109296300.0,23.200000762939453,23.5,22.700000762939453,22.860000610351562,22.860000610351562,24577500.0,460.95001220703125,462.20001220703125,457.4200134277344,458.4100036621094,438.13275146484375,1383900.0
2021-09-15,26.299999237060547,27.149999618530273,26.030000686645508,27.079999923706055,27.079999923706055,49555500.0,22.30900001525879,22.367000579833984,21.965999603271484,22.340999603271484,22.301172256469727,166538000.0,377.0,377.55999755859375,367.6700134277344,373.9200134277344,372.4971008300781,17940300.0,152.13999938964844,153.85000610351562,150.41000366210938,152.69000244140625,152.69000244140625,1080600.0,106.0,106.31999969482422,104.02999877929688,105.5999984741211,105.5999984741211,37998900,148.55999755859375,149.44000244140625,146.3699951171875,149.02999877929688,146.25363159179688,83281300.0,22.75,23.18000030517578,22.360000610351562,23.170000076293945,23.170000076293945,21566100.0,458.239990234375,462.25,456.1400146484375,460.7300109863281,440.3501281738281,1770300.0
2021-09-16,27.200000762939453,28.790000915527344,27.020000457763672,28.6299991607666,28.6299991607666,109992000.0,22.183000564575195,22.277000427246094,21.927000045776367,22.242000579833984,22.202350616455078,156033000.0,372.7900085449219,373.55999755859375,369.7099914550781,373.05999755859375,371.6403503417969,11934200.0,152.11000061035156,153.2100067138672,151.32000732421875,151.88999938964844,151.88999938964844,863000.0,104.91999816894531,106.75,103.76000213623047,106.22000122070312,106.22000122070312,38150300,148.44000244140625,148.97000122070312,147.22000122070312,148.7899932861328,146.0181121826172,68034100.0,23.110000610351562,23.43000030517578,22.920000076293945,23.09000015258789,23.09000015258789,19305700.0,460.7900085449219,463.7699890136719,456.57000732421875,463.30999755859375,442.8160400390625,1577500.0
2021-09-17,28.65999984741211,29.290000915527344,28.06999969482422,28.709999084472656,28.709999084472656,182052600.0,22.299999237060547,22.320999145507812,21.829999923706055,21.899999618530273,21.860960006713867,294503000.0,371.4100036621094,371.4100036621094,361.5899963378906,364.7200012207031,363.3321228027344,26299000.0,149.49000549316406,151.99000549316406,148.8699951171875,151.66000366210938,151.66000366210938,2074700.0,105.55999755859375,105.9800033569336,103.70999908447266,103.87999725341797,103.87999725341797,44528300,148.82000732421875,148.82000732421875,145.75999450683594,146.05999755859375,143.3389434814453,129868800.0,23.209999084472656,23.84000015258789,23.139999389648438,23.549999237060547,23.549999237060547,33586000.0,461.6199951171875,462.82000732421875,457.0199890136719,459.510009765625,439.18408203125,3411400.0
2021-09-20,27.56999969482422,28.100000381469727,26.059999465942383,26.549999237060547,26.549999237060547,89413500.0,21.145999908447266,21.433000564575195,20.66200065612793,21.113000869750977,21.07536506652832,349440000.0,359.29998779296875,361.0299987792969,349.79998779296875,355.70001220703125,354.3464050292969,19822800.0,150.32000732421875,151.9499969482422,147.1199951171875,148.83999633789062,148.83999633789062,1030400.0,101.58000183105469,102.51000213623047,99.51000213623047,101.55000305175781,101.55000305175781,45228400,143.8000030517578,144.83999633789062,141.27000427246094,142.94000244140625,140.27708435058594,123478900.0,23.18000030517578,23.399999618530273,22.6200008392334,23.239999771118164,23.239999771118164,32162300.0,456.6300048828125,460.95001220703125,446.6199951171875,451.1400146484375,431.1842956542969,2602000.0
2021-09-21,26.889999389648438,27.14900016784668,26.079999923706055,26.6200008392334,26.6200008392334,50933600.0,21.41699981689453,21.424999237060547,20.950000762939453,21.246000289916992,21.20812225341797,204688000.0,358.5,360.0400085449219,355.19000244140625,357.4800109863281,356.11968994140625,11751900.0,149.19000244140625,149.22000122070312,145.60000610351562,145.72000122070312,145.72000122070312,1040600.0,102.1500015258789,103.43000030517578,101.18000030517578,102.81999969482422,102.81999969482422,35481500,143.92999267578125,144.60000610351562,142.77999877929688,143.42999267578125,140.75794982910156,75834000.0,23.43000030517578,23.690000534057617,22.860000610351562,22.959999084472656,22.959999084472656,25614500.0,451.1400146484375,456.8399963378906,450.1600036621094,452.1099853515625,432.11138916015625,1531300.0
2021-09-22,26.610000610351562,27.770000457763672,26.582000732421875,27.43000030517578,27.43000030517578,44308100.0,21.365999221801758,21.959999084472656,21.195999145507812,21.94099998474121,21.901887893676758,268726000.0,347.2300109863281,349.8399963378906,340.69000244140625,343.2099914550781,341.9039611816406,43692900.0,145.91000366210938,147.10000610351562,144.5800018310547,145.25,145.25,1650600.0,102.81999969482422,104.55999755859375,102.20999908447266,104.37999725341797,104.37999725341797,34126300,144.4499969482422,146.42999267578125,143.6999969482422,145.85000610351562,143.1328582763672,76404300.0,23.170000076293945,23.93000030517578,23.170000076293945,23.610000610351562,23.610000610351562,32222300.0,454.70001220703125,455.3500061035156,449.8399963378906,452.3299865722656,432.32171630859375,1380800.0
2021-09-23,27.709999084472656,29.190000534057617,27.670000076293945,28.770000457763672,28.770000457763672,60028600.0,22.139999389648438,22.53499984741211,21.889999389648438,22.48200035095215,22.441923141479492,248555000.0,345.3599853515625,349.6700134277344,343.0,345.9599914550781,344.6434631347656,21806300.0,147.52999877929688,149.2100067138672,145.75,146.67999267578125,146.67999267578125,1180500.0,104.88999938964844,106.86000061035156,103.88999938964844,106.1500015258789,106.1500015258789,32816700,146.64999389648438,147.0800018310547,145.63999938964844,146.8300018310547,144.0946044921875,64838200.0,24.010000228881836,25.059999465942383,23.899999618530273,24.690000534057617,24.690000534057617,48872400.0,452.29998779296875,455.54998779296875,451.1000061035156,452.7799987792969,432.75177001953125,2061200.0
2021-09-24,28.270000457763672,28.760000228881836,27.900999069213867,28.559999465942383,28.559999465942383,40309700.0,22.06999969482422,22.14900016784668,21.861000061035156,22.08099937438965,22.04163932800293,217655000.0,343.239990234375,354.3500061035156,342.3699951171875,352.9599914550781,351.6168212890625,18801900.0,146.52000427246094,148.07000732421875,145.77000427246094,147.36000061035156,147.36000061035156,1023800.0,105.19000244140625,106.05000305175781,104.68000030517578,105.80000305175781,105.80000305175781,26482600,145.66000366210938,147.47000122070312,145.55999755859375,146.9199981689453,144.18292236328125,53477900.0,24.799999237060547,25.950000762939453,24.600000381469727,25.440000534057617,25.440000534057617,48644500.0,455.9800109863281,468.7200012207031,455.0,467.75,447.0596008300781,3353800.0
2021-09-27,28.229999542236328,28.3799991607666,27.229999542236328,27.469999313354492,27.469999313354492,44102800.0,21.709999084472656,21.798999786376953,21.325000762939453,21.65999984741211,21.621387481689453,245215000.0,349.80999755859375,355.1499938964844,347.0799865722656,353.5799865722656,352.2344665527344,15205800.0,146.8800048828125,148.8699951171875,145.4199981689453,148.64999389648438,148.64999389648438,1048800.0,105.06999969482422,108.44000244140625,103.44000244140625,108.16000366210938,108.16000366210938,51944300,145.47000122070312,145.9600067138672,143.82000732421875,145.3699951171875,142.6618194580078,74150700.0,25.959999084472656,27.389999389648438,25.920000076293945,26.3799991607666,26.3799991607666,58020600.0,465.54998779296875,470.489990234375,457.239990234375,460.55999755859375,440.1876525878906,2526000.0
2021-09-28,27.020000457763672,27.1299991607666,25.209999084472656,25.34000015258789,25.34000015258789,64206200.0,21.214000701904297,21.41900062561035,20.650999069213867,20.698999404907227,20.66210174560547,343069000.0,347.9700012207031,349.6000061035156,338.9200134277344,340.6499938964844,339.35369873046875,21710300.0,148.2899932861328,152.14999389648438,148.16000366210938,149.11000061035156,149.11000061035156,1867100.0,106.83999633789062,107.6500015258789,101.41999816894531,101.5199966430664,101.5199966430664,74469000,143.25,144.75,141.69000244140625,141.91000366210938,139.2663116455078,108972300.0,26.440000534057617,26.989999771118164,26.110000610351562,26.170000076293945,26.170000076293945,34642300.0,457.1400146484375,457.5,445.6700134277344,447.3500061035156,427.5619201660156,2632700.0
2021-09-29,25.610000610351562,25.700000762939453,24.420000076293945,24.520000457763672,24.520000457763672,46164500.0,20.940000534057617,21.017000198364258,20.466999053955078,20.517000198364258,20.480422973632812,218394000.0,343.1499938964844,345.2300109863281,338.8800048828125,339.6099853515625,338.317626953125,14452200.0,148.74000549316406,152.6999969482422,148.5,151.60000610351562,151.60000610351562,1429000.0,102.30000305175781,102.66000366210938,99.80999755859375,100.3499984741211,100.3499984741211,52224700,142.47000122070312,144.4499969482422,142.02999877929688,142.8300018310547,140.16915893554688,74602000.0,26.459999084472656,26.489999771118164,25.479999542236328,25.520000457763672,25.520000457763672,27404000.0,449.8699951171875,456.0,448.8999938964844,451.7900085449219,431.80560302734375,1922000.0
2021-09-30,24.690000534057617,25.049999237060547,23.8799991607666,24.040000915527344,24.040000915527344,59505600.0,20.76799964904785,21.06599998474121,20.687999725341797,20.715999603271484,20.6790714263916,221009000.0,340.45001220703125,342.79998779296875,338.1499938964844,339.3900146484375,338.0985107421875,16547100.0,152.72000122070312,155.36000061035156,152.49000549316406,154.07000732421875,154.07000732421875,1480300.0,102.08000183105469,104.44000244140625,101.98999786376953,102.9000015258789,102.9000015258789,57636700,143.66000366210938,144.3800048828125,141.27999877929688,141.5,138.86392211914062,89056700.0,25.440000534057617,25.510000228881836,24.729999542236328,25.010000228881836,25.010000228881836,28685100.0,453.6199951171875,455.3599853515625,449.29998779296875,449.3500061035156,429.47357177734375,1836400.0
2021-10-01,24.209999084472656,24.360000610351562,23.719999313354492,24.329999923706055,24.329999923706055,32778000.0,20.75,20.858999252319336,20.202999114990234,20.742000579833984,20.70502471923828,240978000.0,341.6099853515625,345.0199890136719,338.6400146484375,343.010009765625,341.7047119140625,14905300.0,154.3800048828125,160.02999877929688,151.86000061035156,158.5399932861328,158.5399932861328,1868500.0,102.5999984741211,103.0,100.63999938964844,102.44999694824219,102.44999694824219,41491600,141.89999389648438,142.9199981689453,139.11000061035156,142.64999389648438,139.99249267578125,94639600.0,26.06999969482422,26.56999969482422,25.670000076293945,26.09000015258789,26.09000015258789,36843200.0,449.7300109863281,451.0799865722656,440.760009765625,448.3299865722656,428.4986267089844,1860700.0
2021-10-04,24.010000228881836,24.049999237060547,23.020000457763672,23.170000076293945,23.170000076293945,46789700.0,20.503999710083008,20.54199981689453,19.55500030517578,19.73200035095215,19.696826934814453,345635000.0,335.5299987792969,335.94000244140625,322.70001220703125,326.2300109863281,324.98858642578125,42885000.0,157.72000122070312,157.91000366210938,155.41000366210938,157.1300048828125,157.1300048828125,991900.0,101.73999786376953,101.8499984741211,99.81999969482422,100.33999633789062,100.33999633789062,41967100,141.75999450683594,142.2100067138672,138.27000427246094,139.13999938964844,136.54788208007812,98322000.0,26.200000762939453,26.420000076293945,25.239999771118164,25.34000015258789,25.34000015258789,33448100.0,448.3399963378906,449.3500061035156,436.1700134277344,440.1400146484375,420.6708679199219,2264000.0
2021-10-05,23.209999084472656,23.8799991607666,23.06999969482422,23.209999084472656,23.209999084472656,56574800.0,19.950000762939453,20.648000717163086,19.854000091552734,20.451000213623047,20.41454315185547,279282000.0,328.5799865722656,335.17999267578125,326.1600036621094,332.9599914550781,331.69293212890625,35377900.0,157.17999267578125,162.27999877929688,156.97999572753906,162.02000427246094,162.02000427246094,1712200.0,100.91999816894531,102.87000274658203,100.61000061035156,101.80999755859375,101.80999755859375,31455200,139.49000549316406,142.24000549316406,139.36000061035156,141.11000061035156,138.48117065429688,80861100.0,25.530000686645508,26.010000228881836,25.270000457763672,25.420000076293945,25.420000076293945,26161500.0,439.5799865722656,449.1099853515625,439.25,446.239990234375,426.50103759765625,1808700.0
2021-10-06,24.90999984741211,25.010000228881836,23.350000381469727,23.579999923706055,23.579999923706055,125175700.0,20.1200008392334,20.719999313354492,20.079999923706055,20.700000762939453,20.663101196289062,297202000.0,329.739990234375,334.3800048828125,325.79998779296875,333.6400146484375,332.3703918457031,26443000.0,161.52999877929688,166.27999877929688,160.47000122070312,165.44000244140625,165.44000244140625,2267600.0,100.44999694824219,103.72000122070312,100.3499984741211,103.63999938964844,103.63999938964844,39071700,139.47000122070312,142.14999389648438,138.3699951171875,142.0,139.35458374023438,83221100.0,25.020000457763672,25.139999389648438,24.360000610351562,24.899999618530273,24.899999618530273,36943300.0,443.92999267578125,449.7799987792969,442.3800048828125,449.3399963378906,429.4638977050781,1334600.0
2021-10-07,23.709999084472656,24.1299991607666,23.540000915527344,23.729999542236328,23.729999542236328,38873700.0,21.091999053955078,21.32200050354004,20.972000122070312,21.075000762939453,21.037431716918945,256919000.0,337.0,338.8399963378906,328.9800109863281,329.2200012207031,327.9671936035156,28307500.0,166.10000610351562,172.22999572753906,165.9499969482422,170.77000427246094,170.77000427246094,1926900.0,104.5999984741211,107.94999694824219,104.45999908447266,106.44999694824219,106.44999694824219,41543100,143.05999755859375,144.22000122070312,142.72000122070312,143.2899932861328,140.6205596923828,61732700.0,25.219999313354492,25.280000686645508,24.399999618530273,24.489999771118164,24.489999771118164,26234900.0,456.4700012207031,459.5899963378906,452.07000732421875,452.8699951171875,432.8377685546875,1966200.0
2021-10-08,23.860000610351562,24.09600067138672,23.110000610351562,23.5,23.5,39713400.0,21.10099983215332,21.20599937438965,20.774999618530273,20.83099937438965,20.79386329650879,151258000.0,331.510009765625,333.3999938964844,328.7099914550781,330.04998779296875,328.7940368652344,15946100.0,171.36000061035156,175.5500030517578,169.1199951171875,173.69000244140625,173.69000244140625,1824800.0,106.55000305175781,107.27999877929688,104.88999938964844,105.05999755859375,105.05999755859375,30623000,144.02999877929688,144.17999267578125,142.55999755859375,142.89999389648438,140.2378387451172,58773200.0,24.540000915527344,24.700000762939453,23.760000228881836,23.829999923706055,23.829999923706055,32061800.0,455.44000244140625,455.75,450.0,451.8500061035156,431.8630065917969,1545800.0
2021-10-11,23.260000228881836,23.979999542236328,23.260000228881836,23.530000686645508,23.530000686645508,23971700.0,20.575000762939453,21.062999725341797,20.51099967956543,20.69499969482422,20.658109664916992,163388000.0,327.6300048828125,330.4599914550781,325.30999755859375,325.45001220703125,324.2115478515625,14708200.0,173.32000732421875,173.9199981689453,169.77999877929688,170.72000122070312,170.72000122070312,1137500.0,104.62000274658203,107.19999694824219,104.0199966430664,104.68000030517578,104.68000030517578,31284400,142.27000427246094,144.80999755859375,141.80999755859375,142.80999755859375,140.14955139160156,64452200.0,23.709999084472656,24.440000534057617,23.420000076293945,23.8799991607666,23.8799991607666,26631100.0,450.0400085449219,453.69000244140625,449.5400085449219,449.70001220703125,429.80804443359375,1011700.0
2021-10-12,23.549999237060547,23.809999465942383,23.290000915527344,23.690000534057617,23.690000534057617,26280000.0,20.827999114990234,21.05699920654297,20.527999877929688,20.67099952697754,20.634151458740234,162134000.0,323.0299987792969,324.3800048828125,317.3699951171875,323.7699890136719,322.53790283203125,31658700.0,171.27000427246094,172.41000366210938,170.08999633789062,171.35000610351562,171.35000610351562,652300.0,105.16999816894531,106.04000091552734,104.33999633789062,105.04000091552734,105.04000091552734,34039900,143.22999572753906,143.25,141.0399932861328,141.50999450683594,138.8737030029297,73035900.0,23.940000534057617,24.3700008392334,23.809999465942383,24.329999923706055,24.329999923706055,25818400.0,450.1499938964844,452.8500061035156,445.75,446.8699951171875,427.1031799316406,1380900.0
2021-10-13,23.829999923706055,24.309999465942383,23.790000915527344,24.1299991607666,24.1299991607666,28494000.0,20.917999267578125,20.989999771118164,20.71299934387207,20.93899917602539,20.901670455932617,180652000.0,326.9700012207031,327.0,322.6600036621094,324.5400085449219,323.3050231933594,14761500.0,171.5800018310547,172.33999633789062,170.24000549316406,170.60000610351562,170.60000610351562,940700.0,106.27999877929688,109.87999725341797,106.25,109.16000366210938,109.16000366210938,55631900,141.24000549316406,141.39999389648438,139.1999969482422,140.91000366210938,138.28492736816406,78762700.0,24.399999618530273,24.399999618530273,23.610000610351562,23.649999618530273,23.649999618530273,28606200.0,448.5400085449219,450.510009765625,444.07000732421875,445.29998779296875,425.60260009765625,1621500.0
2021-10-14,24.43000030517578,24.709999084472656,24.204999923706055,24.350000381469727,24.350000381469727,26106700.0,21.288000106811523,21.7549991607666,21.121999740600586,21.746000289916992,21.70723533630371,243589000.0,328.3599853515625,330.5199890136719,327.1000061035156,328.5299987792969,327.27978515625,14302200.0,171.1699981689453,172.10000610351562,168.4600067138672,169.3800048828125,169.3800048828125,933300.0,110.5,112.22000122070312,109.62999725341797,111.98999786376953,111.98999786376953,46900200,142.11000061035156,143.8800048828125,141.50999450683594,143.75999450683594,141.08181762695312,69907100.0,23.940000534057617,24.0,23.579999923706055,23.729999542236328,23.729999542236328,19413900.0,447.1099853515625,451.70001220703125,446.5,450.6600036621094,430.7255554199219,1480400.0
2021-10-15,24.5,24.520000457763672,23.829999923706055,24.0,24.0,24366100.0,21.809999465942383,21.930999755859375,21.66200065612793,21.86199951171875,21.823028564453125,226994000.0,328.67999267578125,329.07000732421875,322.510009765625,324.760009765625,323.524169921875,21596400.0,169.5399932861328,172.6999969482422,169.02000427246094,170.55999755859375,170.55999755859375,1057500.0,112.51000213623047,112.83999633789062,111.11000061035156,112.12000274658203,112.12000274658203,34203000,143.77000427246094,144.89999389648438,143.50999450683594,144.83999633789062,142.14169311523438,67940300.0,24.059999465942383,24.420000076293945,23.6299991607666,23.670000076293945,23.670000076293945,22362900.0,453.8900146484375,453.94000244140625,449.17999267578125,452.3900146484375,432.3790283203125,1494800.0
2021-10-18,24.0,24.389999389648438,23.920000076293945,24.260000228881836,24.260000228881836,25609900.0,21.749000549316406,22.291000366210938,21.643999099731445,22.222000122070312,22.182388305664062,189494000.0,328.95001220703125,335.8900146484375,327.5,335.3399963378906,334.06390380859375,21585000.0,170.5399932861328,172.94000244140625,169.3800048828125,171.75,171.75,607400.0,111.9000015258789,116.87999725341797,111.37000274658203,116.43000030517578,116.43000030517578,47537800,143.4499969482422,146.83999633789062,143.16000366210938,146.5500030517578,143.81983947753906,85589200.0,23.450000762939453,23.600000381469727,22.81999969482422,23.1299991607666,23.1299991607666,37062300.0,449.6099853515625,462.3500061035156,448.5,461.95001220703125,441.5161437988281,2141300.0
2021-10-19,24.5,25.200000762939453,24.360000610351562,24.690000534057617,24.690000534057617,29393900.0,22.275999069213867,22.378999710083008,22.03700065612793,22.290000915527344,22.250267028808594,161473000.0,339.6499938964844,342.4599914550781,337.2799987792969,339.989990234375,338.6961975097656,18786300.0,172.3800048828125,173.80999755859375,171.0800018310547,172.0399932861328,172.0399932861328,925700.0,116.16000366210938,117.16999816894531,114.47000122070312,116.33000183105469,116.33000183105469,39593900,147.00999450683594,149.1699981689453,146.5500030517578,148.75999450683594,145.9886474609375,76378900.0,23.059999465942383,23.059999465942383,22.270000457763672,22.34000015258789,22.34000015258789,50814000.0,463.0,467.1600036621094,460.30999755859375,467.0799865722656,446.4192199707031,1365300.0
2021-10-20,24.790000915527344,24.959999084472656,24.170000076293945,24.219999313354492,24.219999313354492,24248000.0,22.30500030517578,22.433000564575195,21.98200035095215,22.10300064086914,22.0635986328125,146276000.0,343.45001220703125,343.9800109863281,339.45001220703125,340.7799987792969,339.4831848144531,13639500.0,172.69000244140625,174.8699951171875,171.52000427246094,173.5,173.5,628700.0,116.29000091552734,118.30000305175781,115.41999816894531,116.38999938964844,116.38999938964844,34244800,148.6999969482422,149.75,148.1199951171875,149.25999450683594,146.47933959960938,58418800.0,22.360000610351562,22.770000457763672,22.139999389648438,22.440000534057617,22.440000534057617,27014600.0,468.5199890136719,472.5,467.8399963378906,469.7699890136719,448.990234375,1352900.0
2021-10-21,24.1299991607666,24.93000030517578,24.079999923706055,24.780000686645508,24.780000686645508,23976600.0,22.097000122070312,22.711000442504883,22.08300018310547,22.691999435424805,22.65155029296875,187590000.0,340.2799987792969,342.30999755859375,337.79998779296875,341.8800048828125,340.57904052734375,16354400.0,173.92999267578125,182.74000549316406,173.0800018310547,182.05999755859375,182.05999755859375,1949000.0,116.5,119.68000030517578,116.26000213623047,119.33000183105469,119.33000183105469,34794900,148.80999755859375,149.63999938964844,147.8699951171875,149.47999572753906,146.69525146484375,61421000.0,22.510000228881836,22.899999618530273,22.219999313354492,22.329999923706055,22.329999923706055,26812500.0,469.7699890136719,477.6499938964844,469.0799865722656,477.2300109863281,456.1202392578125,1423300.0
2021-10-22,24.489999771118164,24.850000381469727,24.25,24.43000030517578,24.43000030517578,20166800.0,22.822999954223633,23.1299991607666,22.56100082397461,22.72599983215332,22.685487747192383,249384000.0,326.3500061035156,329.6300048828125,321.1099853515625,324.6099853515625,323.37469482421875,35224500.0,181.75999450683594,182.5,178.52000427246094,180.75,180.75,1207000.0,120.83000183105469,121.55999755859375,118.37000274658203,119.81999969482422,119.81999969482422,38992700,149.69000244140625,150.17999267578125,148.63999938964844,148.69000244140625,145.9199676513672,58883400.0,22.200000762939453,22.34000015258789,21.850000381469727,22.290000915527344,22.290000915527344,29155700.0,478.989990234375,485.0299987792969,478.57000732421875,481.989990234375,460.669677734375,1710300.0
2021-10-25,24.5,25.540000915527344,24.479999542236328,25.40999984741211,25.40999984741211,33962100.0,22.972999572753906,23.354999542236328,22.770000457763672,23.166000366210938,23.12470817565918,230235000.0,320.29998779296875,329.55999755859375,319.7200012207031,328.69000244140625,327.439208984375,38409000.0,180.3300018310547,183.1300048828125,179.07000732421875,182.99000549316406,182.99000549316406,806300.0,120.5199966430664,123.45999908447266,118.5999984741211,122.36000061035156,122.36000061035156,47834100,148.67999267578125,149.3699951171875,147.6199951171875,148.63999938964844,145.87088012695312,50720600.0,21.790000915527344,22.170000076293945,21.719999313354492,22.049999237060547,22.049999237060547,26140400.0,481.989990234375,492.2099914550781,479.5,490.1000061035156,468.4209899902344,1903400.0
2021-10-26,25.989999771118164,26.75,25.25,25.520000457763672,25.520000457763672,56767000.0,23.98900032043457,25.259000778198242,23.923999786376953,24.716999053955078,24.672937393188477,485898000.0,328.260009765625,330.2099914550781,309.6000061035156,315.80999755859375,314.60821533203125,65654000.0,183.4600067138672,184.74000549316406,181.1300048828125,182.5399932861328,182.5399932861328,761000.0,122.98999786376953,127.19999694824219,122.58000183105469,122.93000030517578,122.93000030517578,59458900,149.3300018310547,150.83999633789062,149.00999450683594,149.32000732421875,146.5382537841797,60893400.0,22.170000076293945,22.469999313354492,21.65999984741211,21.81999969482422,21.81999969482422,25617900.0,482.1300048828125,488.25,481.2300109863281,485.5299987792969,464.05316162109375,2378600.0
2021-10-27,25.639999389648438,25.899999618530273,25.020000457763672,25.059999465942383,25.059999465942383,24157200.0,24.474000930786133,25.09000015258789,24.281999588012695,24.451000213623047,24.40741539001465,245990000.0,314.19000244140625,319.25,312.05999755859375,312.2200012207031,311.0318603515625,29971800.0,182.66000366210938,183.92999267578125,180.02000427246094,180.91000366210938,180.91000366210938,887300.0,121.62999725341797,128.0800018310547,121.05000305175781,122.27999877929688,122.27999877929688,98245300,149.36000061035156,149.72999572753906,148.49000549316406,148.85000610351562,146.0769805908203,56094900.0,21.899999618530273,22.0,21.610000610351562,21.639999389648438,21.639999389648438,20827900.0,483.8500061035156,491.5,483.55999755859375,489.1099853515625,467.4747009277344,1741800.0
2021-10-28,25.299999237060547,25.795000076293945,25.1200008392334,25.639999389648438,25.639999389648438,21203000.0,24.878000259399414,24.950000762939453,24.523000717163086,24.94099998474121,24.896541595458984,234204000.0,312.989990234375,325.5199890136719,308.1099853515625,316.9200134277344,315.7139892578125,50806800.0,180.25999450683594,187.1300048828125,177.5,181.11000061035156,181.11000061035156,1628700.0,122.86000061035156,123.5,120.26000213623047,121.16000366210938,121.16000366210938,58002500,149.82000732421875,153.1699981689453,149.72000122070312,152.57000732421875,149.72769165039062,100077900.0,21.639999389648438,22.079999923706055,21.309999465942383,21.969999313354492,21.969999313354492,23048700.0,486.9599914550781,491.8299865722656,486.4800109863281,490.5299987792969,469.59039306640625,1362400.0
2021-10-29,25.5,26.1200008392334,25.450000762939453,25.8799991607666,25.8799991607666,21910300.0,25.000999450683594,25.708999633789062,25.0,25.566999435424805,25.521427154541016,292503000.0,320.19000244140625,326.0,319.6000061035156,323.57000732421875,322.33868408203125,37059400.0,181.35000610351562,184.47000122070312,179.74000549316406,181.0,181.0,1075600.0,120.94999694824219,122.56999969482422,119.87999725341797,120.2300033569336,120.2300033569336,43320100,147.22000122070312,149.94000244140625,146.41000366210938,149.8000030517578,147.00930786132812,124953200.0,21.8799991607666,22.469999313354492,21.770000457763672,22.15999984741211,22.15999984741211,26720300.0,486.7799987792969,494.1700134277344,486.6600036621094,491.5400085449219,470.55731201171875,2471600.0
2021-11-01,26.110000610351562,26.645000457763672,25.882999420166016,26.559999465942383,26.559999465942383,26684700.0,25.64900016784668,25.893999099731445,25.226999282836914,25.82699966430664,25.78095817565918,265740000.0,326.0400085449219,333.45001220703125,326.0,329.9800109863281,328.72430419921875,31518900.0,181.50999450683594,185.22000122070312,181.22000122070312,183.8000030517578,183.8000030517578,1518500.0,119.44999694824219,125.66999816894531,118.12999725341797,125.2300033569336,125.2300033569336,54559800,148.99000549316406,149.6999969482422,147.8000030517578,148.9600067138672,146.1849365234375,74588300.0,22.299999237060547,23.100000381469727,22.010000228881836,23.06999969482422,23.06999969482422,27315500.0,494.1499938964844,494.8900146484375,487.20001220703125,491.8699951171875,470.8731994628906,1548700.0
2021-11-02,26.559999465942383,26.719999313354492,25.55500030517578,25.920000076293945,25.920000076293945,30794600.0,25.82200050354004,26.67799949645996,25.799999237060547,26.400999069213867,26.35393524169922,294112000.0,331.3800048828125,334.7900085449219,323.79998779296875,328.0799865722656,326.8315124511719,28353000.0,183.0,184.3800048828125,181.60000610351562,183.94000244140625,183.94000244140625,1083200.0,124.9800033569336,128.4600067138672,124.19999694824219,127.62999725341797,127.62999725341797,53491900,148.66000366210938,151.57000732421875,148.64999389648438,150.02000427246094,147.2252197265625,69122000.0,22.979999542236328,23.06999969482422,22.549999237060547,22.90999984741211,22.90999984741211,21579400.0,494.739990234375,499.489990234375,492.7200012207031,496.989990234375,475.77459716796875,2012200.0
2021-11-03,25.889999389648438,26.235000610351562,25.170000076293945,26.1200008392334,26.1200008392334,25244200.0,26.670000076293945,26.784000396728516,26.235000610351562,26.597999572753906,26.55058479309082,239910000.0,327.489990234375,332.1499938964844,323.20001220703125,331.6199951171875,330.3580627441406,20786500.0,181.2100067138672,184.7899932861328,179.60000610351562,184.16000366210938,184.16000366210938,1692000.0,127.75,130.60000610351562,126.79000091552734,130.52999877929688,130.52999877929688,59537800,150.38999938964844,151.97000122070312,149.82000732421875,151.49000549316406,148.66781616210938,54511500.0,22.709999084472656,23.329999923706055,22.56999969482422,23.170000076293945,23.170000076293945,23001300.0,501.3399963378906,502.9599914550781,495.75,502.3299865722656,480.8866271972656,1856000.0
2021-11-04,26.260000228881836,26.56999969482422,25.8700008392334,26.469999313354492,26.469999313354492,25029700.0,27.229000091552734,31.364999771118164,27.118000030517578,29.801000595092773,29.747880935668945,1153631000.0,334.010009765625,337.2699890136719,332.6499938964844,335.8500061035156,334.57196044921875,22495300.0,189.00999450683594,193.33999633789062,186.4199981689453,192.91000366210938,192.91000366210938,2941600.0,132.00999450683594,139.0,130.77000427246094,137.5,137.5,84825200,151.5800018310547,152.42999267578125,150.63999938964844,150.9600067138672,148.14768981933594,60394600.0,23.329999923706055,23.489999771118164,22.729999542236328,22.8799991607666,22.8799991607666,20186900.0,507.010009765625,520.2100219726562,506.010009765625,515.6199951171875,493.60943603515625,2615000.0
2021-11-05,26.450000762939453,26.6299991607666,25.719999313354492,26.0,26.0,26005000.0,30.187000274658203,31.399999618530273,29.40999984741211,29.75200080871582,29.698963165283203,851260000.0,340.30999755859375,346.7900085449219,339.6400146484375,341.1300048828125,339.8318786621094,26872800.0,192.25999450683594,195.8300018310547,185.6699981689453,187.1999969482422,187.1999969482422,1736100.0,139.19000244140625,141.22000122070312,134.4199981689453,136.33999633789062,136.33999633789062,64920600,151.88999938964844,152.1999969482422,150.05999755859375,151.27999877929688,148.67840576171875,65463900.0,24.399999618530273,25.290000915527344,24.100000381469727,24.790000915527344,24.790000915527344,67588300.0,514.77001953125,517.9000244140625,508.6300048828125,513.1199951171875,491.2160949707031,2071700.0
2021-11-08,26.25,27.110000610351562,26.1200008392334,26.75,26.75,41359600.0,30.14900016784668,31.100000381469727,29.906999588012695,30.804000854492188,30.749086380004883,503101000.0,344.4200134277344,344.7900085449219,338.3399963378906,338.6199951171875,337.3314208984375,18342500.0,187.5,187.5500030517578,181.67999267578125,185.13999938964844,185.13999938964844,1219200.0,137.6999969482422,153.60000610351562,137.6999969482422,150.16000366210938,150.16000366210938,141493800,151.41000366210938,151.57000732421875,150.16000366210938,150.44000244140625,147.85287475585938,55020900.0,24.889999389648438,25.06999969482422,24.450000762939453,24.59000015258789,24.59000015258789,33083000.0,513.4099731445312,513.4099731445312,500.20001220703125,503.80999755859375,482.3034973144531,2834800.0
2021-11-09,25.899999618530273,25.979999542236328,23.950000762939453,24.25,24.25,117540200.0,32.28200149536133,32.310001373291016,29.964000701904297,30.656999588012695,30.60235023498535,646746000.0,340.0,341.30999755859375,334.4700012207031,335.3699951171875,334.0937805175781,17556700.0,186.99000549316406,189.88999938964844,185.9199981689453,186.80999755859375,186.80999755859375,873600.0,154.00999450683594,155.64999389648438,143.88999938964844,148.9199981689453,148.9199981689453,98442600,150.1999969482422,151.42999267578125,150.05999755859375,150.80999755859375,148.21646118164062,56787900.0,24.5,24.540000915527344,23.709999084472656,24.170000076293945,24.170000076293945,22673500.0,505.1199951171875,509.1000061035156,504.05999755859375,508.7099914550781,486.99432373046875,1881800.0
2021-11-10,23.600000381469727,23.639999389648438,22.1200008392334,22.520000457763672,22.520000457763672,94860100.0,29.356000900268555,30.850000381469727,28.777999877929688,29.458999633789062,29.40648651123047,636206000.0,332.489990234375,333.19000244140625,325.510009765625,327.6400146484375,326.3932189941406,21872600.0,186.2899932861328,186.2899932861328,181.07000732421875,182.75,182.75,1021900.0,143.92999267578125,146.3000030517578,138.52000427246094,139.8699951171875,139.8699951171875,82989200,150.02000427246094,150.1300048828125,147.85000610351562,147.9199981689453,145.37619018554688,65187100.0,23.729999542236328,24.34000015258789,23.309999465942383,23.489999771118164,23.489999771118164,21338300.0,508.260009765625,510.3599853515625,503.7699890136719,505.510009765625,483.9310607910156,1226600.0
2021-11-11,23.040000915527344,23.1299991607666,22.665000915527344,22.989999771118164,22.989999771118164,43381500.0,30.468000411987305,30.59000015258789,29.777000427246094,30.389999389648438,30.33582305908203,332172000.0,329.82000732421875,332.4599914550781,327.0,327.739990234375,326.4928283691406,12376600.0,183.19000244140625,186.44000244140625,182.58999633789062,185.7100067138672,185.7100067138672,775000.0,142.9600067138672,146.47000122070312,140.83999633789062,146.00999450683594,146.00999450683594,67934800,148.9600067138672,149.42999267578125,147.67999267578125,147.8699951171875,145.3270263671875,41000000.0,23.34000015258789,23.6299991607666,22.969999313354492,23.020000457763672,23.020000457763672,19703700.0,506.20001220703125,512.5,504.0400085449219,512.1799926757812,490.3162536621094,1227300.0
2021-11-12,23.020000457763672,23.225000381469727,22.3799991607666,22.829999923706055,22.829999923706055,53516200.0,30.010000228881836,30.68000030517578,29.6299991607666,30.389999389648438,30.33582305908203,413054000.0,330.17999267578125,341.8599853515625,329.7799987792969,340.8900146484375,339.5927734375,25414300.0,185.6300048828125,189.50999450683594,183.4499969482422,187.8300018310547,187.8300018310547,1116000.0,146.02999877929688,148.58999633789062,144.25,147.88999938964844,147.88999938964844,52162100,148.42999267578125,150.39999389648438,147.47999572753906,149.99000549316406,147.41058349609375,63804000.0,22.950000762939453,22.950000762939453,22.059999465942383,22.360000610351562,22.360000610351562,37320300.0,514.25,519.6599731445312,513.22998046875,517.1699829101562,495.09320068359375,1780200.0
2021-11-15,23.0,23.520000457763672,22.950000762939453,23.40999984741211,23.40999984741211,33225700.0,30.552000045776367,30.643999099731445,29.246999740600586,30.024999618530273,29.971479415893555,384909000.0,344.3399963378906,353.6499938964844,343.20001220703125,347.55999755859375,346.23736572265625,25076600.0,185.19000244140625,185.19000244140625,174.82000732421875,177.60000610351562,177.60000610351562,2128200.0,148.0,148.97999572753906,142.86000061035156,146.49000549316406,146.49000549316406,52271300,150.3699951171875,151.8800048828125,149.42999267578125,150.0,147.42039489746094,59222800.0,22.510000228881836,22.719999313354492,22.139999389648438,22.299999237060547,22.299999237060547,22519600.0,518.489990234375,523.0999755859375,518.010009765625,519.8900146484375,497.6971435546875,1392300.0
2021-11-16,23.290000915527344,23.290000915527344,22.610000610351562,23.1299991607666,23.1299991607666,31574800.0,29.759000778198242,30.389999389648438,29.70599937438965,30.202999114990234,30.149158477783203,264484000.0,343.8299865722656,346.6499938964844,340.8699951171875,342.9599914550781,341.6549072265625,18181100.0,177.80999755859375,181.4499969482422,177.60000610351562,179.69000244140625,179.69000244140625,1441600.0,145.92999267578125,153.0800018310547,145.33999633789062,152.4499969482422,152.4499969482422,53100800,149.94000244140625,151.49000549316406,149.33999633789062,151.0,148.40321350097656,59256200.0,22.139999389648438,22.139999389648438,21.329999923706055,21.59000015258789,21.59000015258789,40285700.0,519.8400268554688,528.2999877929688,517.4099731445312,526.719970703125,504.2355041503906,1690700.0
2021-11-17,23.049999237060547,23.2189998626709,22.399999618530273,22.489999771118164,22.489999771118164,27994100.0,30.417999267578125,30.509000778198242,28.799999237060547,29.26099967956543,29.208839416503906,428508000.0,344.239990234375,347.29998779296875,340.1000061035156,340.7699890136719,339.47320556640625,13602800.0,178.99000549316406,180.52000427246094,176.27999877929688,177.0399932861328,177.0399932861328,1490000.0,151.97999572753906,154.66000366210938,149.69000244140625,151.33999633789062,151.33999633789062,54527500,151.0,155.0,150.99000549316406,153.49000549316406,150.85035705566406,88807000.0,21.670000076293945,21.850000381469727,20.979999542236328,21.329999923706055,21.329999923706055,30081600.0,527.5,530.739990234375,524.510009765625,526.2899780273438,503.8238830566406,1609400.0
2021-11-18,22.5,22.549999237060547,21.341999053955078,21.5,21.5,51039900.0,32.367000579833984,32.7599983215332,31.320999145507812,31.674999237060547,31.6185359954834,781711000.0,339.7200012207031,342.4599914550781,335.29998779296875,338.69000244140625,337.401123046875,17487200.0,176.91000366210938,176.99000549316406,171.44000244140625,174.0,174.0,1562600.0,157.07000732421875,158.88999938964844,152.55999755859375,155.02000427246094,155.02000427246094,60612700,153.7100067138672,158.6699981689453,153.0500030517578,157.8699951171875,155.15505981445312,137827700.0,21.450000762939453,21.579999923706055,20.56999969482422,20.950000762939453,20.950000762939453,26850800.0,528.1599731445312,530.7999877929688,522.489990234375,529.3699951171875,506.77239990234375,1664200.0
2021-11-19,21.600000381469727,21.959999084472656,21.299999237060547,21.40999984741211,21.40999984741211,30013100.0,32.24300003051758,33.0880012512207,31.905000686645508,32.98500061035156,32.926204681396484,533867000.0,342.20001220703125,352.1000061035156,339.8999938964844,345.29998779296875,343.98602294921875,26488500.0,175.82000732421875,177.13999938964844,170.27000427246094,170.5,170.5,1651600.0,155.75999450683594,156.9199981689453,153.4499969482422,155.41000366210938,155.41000366210938,41668900,157.64999389648438,161.02000427246094,156.52999877929688,160.5500030517578,157.7889862060547,117305600.0,20.360000610351562,20.899999618530273,19.860000610351562,20.489999771118164,20.489999771118164,49148700.0,534.0800170898438,535.280029296875,528.010009765625,533.7899780273438,511.0037841796875,1909800.0
2021-11-22,21.530000686645508,21.56999969482422,20.18000030517578,20.649999618530273,20.649999618530273,59899100.0,33.516998291015625,34.64699935913086,31.899999618530273,31.95599937438965,31.899032592773438,754335000.0,349.04998779296875,353.8299865722656,340.510009765625,341.010009765625,339.71234130859375,27116800.0,170.25999450683594,170.52000427246094,164.22000122070312,164.91000366210938,164.91000366210938,1660400.0,157.13999938964844,161.8800048828125,152.38999938964844,152.52000427246094,152.52000427246094,58674100,161.67999267578125,165.6999969482422,161.0,161.02000427246094,158.25091552734375,117467900.0,20.5,20.90999984741211,20.149999618530273,20.329999923706055,20.329999923706055,29802700.0,533.3200073242188,545.4199829101562,532.3200073242188,539.6500244140625,516.6135864257812,2190500.0
2021-11-23,20.59000015258789,21.049999237060547,20.049999237060547,20.59000015258789,20.59000015258789,44588000.0,31.53499984741211,32.36000061035156,30.8799991607666,31.746000289916992,31.689411163330078,532163000.0,338.92999267578125,341.3999938964844,333.5,337.25,335.96661376953125,17225000.0,164.27000427246094,166.91000366210938,162.2100067138672,165.1300048828125,165.1300048828125,1172300.0,150.41000366210938,152.66000366210938,145.3000030517578,149.9199981689453,149.9199981689453,62852700,161.1199951171875,161.8000030517578,159.05999755859375,161.41000366210938,158.6342010498047,96041900.0,20.540000915527344,20.829999923706055,20.010000228881836,20.149999618530273,20.149999618530273,26273500.0,537.9600219726562,545.8200073242188,533.77001953125,545.260009765625,521.984130859375,2147000.0
2021-11-24,20.350000381469727,21.200000762939453,20.059999465942383,21.110000610351562,21.110000610351562,35233900.0,31.461000442504883,32.85499954223633,30.92799949645996,32.67399978637695,32.61575698852539,435162000.0,336.0,341.7799987792969,332.80999755859375,341.05999755859375,339.7621154785156,13566200.0,164.5,165.16000366210938,162.47000122070312,164.30999755859375,164.30999755859375,858400.0,149.4600067138672,157.92999267578125,147.19000244140625,157.8000030517578,157.8000030517578,60677100,160.75,162.13999938964844,159.63999938964844,161.94000244140625,159.1550750732422,69463600.0,19.959999084472656,20.649999618530273,19.760000228881836,20.15999984741211,20.15999984741211,30483200.0,545.5399780273438,550.8300170898438,543.3200073242188,549.72998046875,526.2633056640625,2316400.0
2021-11-26,20.40999984741211,21.09000015258789,20.349000930786133,21.030000686645508,21.030000686645508,20691200.0,32.599998474121094,32.709999084472656,31.350000381469727,31.503000259399414,31.44684410095215,283069000.0,335.79998779296875,337.75,331.8999938964844,333.1199951171875,331.8523254394531,14750700.0,166.6999969482422,171.7899932861328,166.2899932861328,169.66000366210938,169.66000366210938,1308100.0,155.8000030517578,158.10000610351562,152.80999755859375,154.80999755859375,154.80999755859375,36245100,159.57000732421875,160.4499969482422,156.36000061035156,156.80999755859375,154.11329650878906,76959800.0,18.06999969482422,18.280000686645508,17.200000762939453,17.950000762939453,17.950000762939453,84158400.0,549.5499877929688,554.5499877929688,544.3099975585938,546.1300048828125,522.8169555664062,1844800.0
2021-11-29,21.190000534057617,21.399999618530273,20.559999465942383,21.06999969482422,21.06999969482422,29114000.0,32.36600112915039,33.4119987487793,32.0359992980957,33.375999450683594,33.316505432128906,454964000.0,336.8900146484375,340.6700134277344,335.30999755859375,338.0299987792969,336.7436828613281,16650900.0,168.72000122070312,171.4499969482422,164.55999755859375,169.60000610351562,169.60000610351562,1153400.0,157.5,162.50999450683594,156.10000610351562,161.91000366210938,161.91000366210938,57438900,159.3699951171875,161.19000244140625,158.7899932861328,160.24000549316406,157.4843292236328,88748200.0,18.809999465942383,19.239999771118164,17.690000534057617,18.15999984741211,18.15999984741211,58061500.0,546.1300048828125,560.780029296875,542.4099731445312,554.8800048828125,531.193359375,2919100.0
2021-11-30,20.950000762939453,21.25,20.110000610351562,20.649999618530273,20.649999618530273,38196400.0,33.16899871826172,33.35300064086914,31.86400032043457,32.67599868774414,32.61774826049805,622066000.0,335.0,335.80999755859375,323.42999267578125,324.4599914550781,323.22528076171875,25390000.0,170.14999389648438,171.77000427246094,165.38999938964844,165.8800048828125,165.8800048828125,2341500.0,163.27999877929688,164.4600067138672,155.67999267578125,158.3699951171875,158.3699951171875,75182500,159.99000549316406,165.52000427246094,159.9199981689453,165.3000030517578,162.45726013183594,174048100.0,17.790000915527344,17.899999618530273,17.110000610351562,17.6200008392334,17.6200008392334,60131100.0,551.0,557.1699829101562,535.8900146484375,539.3800048828125,516.3551025390625,4244200.0
2021-12-01,20.530000686645508,20.889999389648438,19.290000915527344,19.3799991607666,19.3799991607666,48283700.0,33.21900177001953,33.28900146484375,31.3799991607666,31.434999465942383,31.38280487060547,484368000.0,330.2900085449219,330.5,310.2900085449219,310.6000061035156,309.4180603027344,30329600.0,165.8000030517578,168.42999267578125,160.22999572753906,160.35000610351562,160.35000610351562,824000.0,160.3699951171875,160.8800048828125,148.9199981689453,149.11000061035156,149.11000061035156,64039100,167.47999572753906,170.3000030517578,164.52999877929688,164.77000427246094,161.9364013671875,152052500.0,18.1200008392334,18.489999771118164,16.31999969482422,16.3799991607666,16.3799991607666,82486400.0,543.0999755859375,548.25,529.4000244140625,529.8400268554688,507.2222900390625,2877100.0
2021-12-02,19.299999237060547,19.90999984741211,19.059999465942383,19.690000534057617,19.690000534057617,45802900.0,31.214000701904297,32.47800064086914,31.024999618530273,32.125999450683594,32.07265853881836,472890000.0,311.3999938964844,314.6000061035156,307.20001220703125,310.3900146484375,309.2088623046875,24396200.0,159.5399932861328,163.74000549316406,159.5,161.3800048828125,161.3800048828125,1215200.0,147.67999267578125,152.52999877929688,146.47000122070312,150.67999267578125,150.67999267578125,56161200,158.74000549316406,164.1999969482422,157.8000030517578,163.75999450683594,160.94375610351562,136739200.0,16.729999542236328,17.989999771118164,16.350000381469727,17.889999389648438,17.889999389648438,76746800.0,518.510009765625,530.9099731445312,514.0399780273438,525.510009765625,503.07720947265625,3277500.0
2021-12-03,19.5,19.530000686645508,18.399999618530273,18.979999542236328,18.979999542236328,56039600.0,32.0,32.12900161743164,30.1299991607666,30.69300079345703,30.642040252685547,544325000.0,313.7300109863281,313.75,299.5,306.8399963378906,305.67236328125,27471000.0,161.47999572753906,165.99000549316406,159.82000732421875,165.77999877929688,165.77999877929688,1344300.0,151.64999389648438,152.3800048828125,140.72000122070312,144.00999450683594,144.00999450683594,65910000,164.02000427246094,164.9600067138672,159.72000122070312,161.83999633789062,159.05679321289062,118023100.0,17.780000686645508,17.799999237060547,16.84000015258789,17.200000762939453,17.200000762939453,59329100.0,529.989990234375,537.5,524.77001953125,528.9299926757812,506.3511962890625,2984400.0
2021-12-06,18.540000915527344,18.969999313354492,18.075000762939453,18.799999237060547,18.799999237060547,56459800.0,29.8799991607666,30.240999221801758,28.038000106811523,30.03700065612793,29.98712730407715,658938000.0,308.1300048828125,320.1000061035156,306.3399963378906,317.8699951171875,316.660400390625,21758300.0,165.5,165.69000244140625,162.1999969482422,164.39999389648438,164.39999389648438,969500.0,141.13999938964844,141.30999755859375,134.1999969482422,139.05999755859375,139.05999755859375,66776500,164.2899932861328,167.8800048828125,164.27999877929688,165.32000732421875,162.47694396972656,107497000.0,17.559999465942383,19.190000534057617,17.399999618530273,18.59000015258789,18.59000015258789,78131600.0,532.25,536.0499877929688,527.5700073242188,533.2000122070312,510.43890380859375,2432900.0
2021-12-07,19.260000228881836,19.854999542236328,19.06999969482422,19.459999084472656,19.459999084472656,35129000.0,30.957000732421875,32.44900131225586,30.650999069213867,32.426998138427734,32.37316131591797,593053000.0,321.57000732421875,326.5400085449219,321.0,322.80999755859375,321.5815734863281,18794000.0,166.36000061035156,168.91000366210938,165.5,167.2899932861328,167.2899932861328,1067900.0,143.89999389648438,145.75999450683594,141.0,144.85000610351562,144.85000610351562,53359400,169.0800018310547,171.5800018310547,168.33999633789062,171.17999267578125,168.23617553710938,120405400.0,18.979999542236328,19.280000686645508,18.31999969482422,18.5,18.5,62779400.0,538.25,543.0,534.7100219726562,542.02001953125,518.8824462890625,2579800.0
2021-12-08,19.510000228881836,19.825000762939453,19.030000686645508,19.81999969482422,19.81999969482422,28425900.0,31.999000549316406,32.290000915527344,31.42099952697754,31.826000213623047,31.77315330505371,475551000.0,325.0,332.75,323.07000732421875,330.55999755859375,329.3020935058594,19937700.0,166.91000366210938,171.0800018310547,165.55999755859375,170.5500030517578,170.5500030517578,1082500.0,144.9600067138672,147.0399932861328,142.6999969482422,145.24000549316406,145.24000549316406,40977500,172.1300048828125,175.9600067138672,170.6999969482422,175.0800018310547,172.06907653808594,116998900.0,18.700000762939453,20.040000915527344,18.540000915527344,19.520000457763672,19.520000457763672,69762100.0,546.2100219726562,547.7899780273438,525.5499877929688,530.1099853515625,507.4808349609375,3037500.0
2021-12-09,19.950000762939453,20.149999618530273,19.040000915527344,19.209999084472656,19.209999084472656,30354700.0,31.733999252319336,32.20500183105469,30.42799949645996,30.489999771118164,30.439373016357422,488507000.0,329.5400085449219,336.1300048828125,328.0,329.82000732421875,328.5649108886719,16879200.0,170.75999450683594,173.1999969482422,165.1199951171875,166.3800048828125,166.3800048828125,845700.0,145.16000366210938,146.69000244140625,137.8000030517578,138.10000610351562,138.10000610351562,53019900,174.91000366210938,176.75,173.9199981689453,174.55999755859375,171.5580291748047,108923700.0,19.020000457763672,19.600000381469727,18.889999389648438,19.190000534057617,19.190000534057617,38179500.0,528.7999877929688,532.3300170898438,523.7999877929688,524.3300170898438,501.94757080078125,3200500.0
2021-12-10,19.280000686645508,19.579999923706055,18.700000762939453,18.940000534057617,18.940000534057617,27594500.0,31.149999618530273,31.30500030517578,29.861000061035156,30.197999954223633,30.147859573364258,488825000.0,332.55999755859375,335.0299987792969,326.3699951171875,329.75,328.4951477050781,14528000.0,166.3800048828125,167.02999877929688,163.35000610351562,165.60000610351562,165.60000610351562,632600.0,141.2899932861328,141.3699951171875,135.82000732421875,138.5500030517578,138.5500030517578,42224300,175.2100067138672,179.6300048828125,174.69000244140625,179.4499969482422,176.36390686035156,115402700.0,19.18000030517578,19.360000610351562,18.68000030517578,19.280000686645508,19.280000686645508,33181500.0,534.7100219726562,561.27001953125,534.6099853515625,558.8200073242188,534.9651489257812,6333600.0
2021-12-13,18.799999237060547,19.075000762939453,18.170000076293945,18.399999618530273,18.399999618530273,38376000.0,30.249000549316406,30.29400062561035,28.115999221801758,28.160999298095703,28.114240646362305,598344000.0,330.95001220703125,341.0899963378906,329.5899963378906,334.489990234375,333.2171325683594,22948700.0,165.60000610351562,166.69000244140625,164.00999450683594,166.25999450683594,166.25999450683594,768800.0,138.25,139.39999389648438,133.4199981689453,133.8000030517578,133.8000030517578,42174000,181.1199951171875,182.1300048828125,175.52999877929688,175.74000549316406,172.71774291992188,153237000.0,18.68000030517578,18.850000381469727,17.90999984741211,18.34000015258789,18.34000015258789,39686300.0,550.4400024414062,559.75,547.97998046875,557.219970703125,533.43359375,3415200.0
2021-12-14,18.0,18.858999252319336,17.90999984741211,18.639999389648438,18.639999389648438,38864800.0,27.698999404907227,28.67799949645996,27.25,28.336999893188477,28.289947509765625,667035000.0,328.04998779296875,335.70001220703125,327.6499938964844,333.739990234375,332.4700012207031,20461000.0,164.36000061035156,167.75999450683594,163.47999572753906,167.6300048828125,167.6300048828125,676600.0,131.6699981689453,137.24000549316406,130.60000610351562,135.60000610351562,135.60000610351562,50754600,175.25,177.74000549316406,172.2100067138672,174.3300018310547,171.3319549560547,139380400.0,18.020000457763672,18.84000015258789,18.010000228881836,18.149999618530273,18.149999618530273,38288200.0,556.4600219726562,557.1699829101562,537.5700073242188,545.3400268554688,522.0607299804688,3494400.0
2021-12-15,18.3700008392334,18.940000534057617,17.9950008392334,18.860000610351562,18.860000610351562,39361900.0,28.399999618530273,30.5,27.83799934387207,30.458999633789062,30.40842628479004,698297000.0,332.489990234375,342.1099853515625,323.9800109863281,341.6600036621094,340.35986328125,24681300.0,167.6300048828125,171.52000427246094,165.72000122070312,171.14999389648438,171.14999389648438,839800.0,135.11000061035156,146.69000244140625,133.80999755859375,146.5,146.5,72425800,175.11000061035156,179.5,172.30999755859375,179.3000030517578,176.21652221679688,131063300.0,17.989999771118164,18.079999923706055,17.239999771118164,17.889999389648438,17.889999389648438,45971600.0,546.2100219726562,566.489990234375,545.530029296875,565.47998046875,541.3409423828125,2937100.0
2021-12-16,18.959999084472656,19.1200008392334,18.149999618530273,18.34000015258789,18.34000015258789,33950000.0,31.152000427246094,31.15999984741211,28.093000411987305,28.386999130249023,28.339866638183594,707366000.0,338.9800109863281,344.4599914550781,333.739990234375,334.8999938964844,333.62554931640625,22635000.0,171.14999389648438,174.08999633789062,169.1999969482422,172.74000549316406,172.74000549316406,1106400.0,147.0,147.92999267578125,137.02000427246094,138.63999938964844,138.63999938964844,63369600,179.27999877929688,181.13999938964844,170.75,172.25999450683594,169.29757690429688,150185800.0,18.0,18.25,17.450000762939453,17.56999969482422,17.56999969482422,45611100.0,564.7899780273438,566.5499877929688,549.4500122070312,552.6300048828125,529.0394287109375,2683000.0
2021-12-17,18.030000686645508,19.100000381469727,17.809999465942383,19.059999465942383,19.059999465942383,44495200.0,27.985000610351562,28.922000885009766,27.760000228881836,27.801000595092773,27.754837036132812,713758000.0,332.79998779296875,337.1099853515625,330.75,333.7900085449219,332.5198059082031,40012600.0,171.9499969482422,178.44000244140625,171.4600067138672,175.74000549316406,175.74000549316406,2879300.0,136.3000030517578,142.0399932861328,136.11000061035156,137.75,137.75,55642100,169.92999267578125,173.47000122070312,169.69000244140625,171.13999938964844,168.1968536376953,195432700.0,17.700000762939453,18.469999313354492,17.40999984741211,18.280000686645508,18.280000686645508,48588400.0,549.3200073242188,556.469970703125,540.97998046875,547.6099853515625,524.2337646484375,5752000.0
2021-12-20,18.59000015258789,18.670000076293945,17.834999084472656,17.959999084472656,17.959999084472656,42265900.0,27.30500030517578,28.143999099731445,27.145000457763672,27.7189998626709,27.6729736328125,461847000.0,329.7799987792969,329.8999938964844,322.5299987792969,325.45001220703125,324.2115478515625,17901800.0,174.6999969482422,179.0399932861328,173.61000061035156,178.35000610351562,178.35000610351562,1107200.0,135.97000122070312,138.25999450683594,133.52000427246094,135.8000030517578,135.8000030517578,38195400,168.27999877929688,170.5800018310547,167.4600067138672,169.75,166.83078002929688,107499100.0,17.670000076293945,19.290000915527344,17.610000610351562,18.899999618530273,18.899999618530273,59262500.0,542.1300048828125,549.1400146484375,538.030029296875,548.5599975585938,525.1433715820312,2033600.0
2021-12-21,18.15999984741211,18.979999542236328,18.100000381469727,18.899999618530273,18.899999618530273,33878600.0,28.374000549316406,29.1200008392334,27.400999069213867,29.075000762939453,29.026721954345703,524385000.0,326.4100036621094,336.0,323.75,334.20001220703125,332.9282531738281,16116800.0,178.24000549316406,179.97000122070312,176.44000244140625,179.44000244140625,179.44000244140625,869900.0,138.19000244140625,144.5,135.14999389648438,144.25,144.25,57785200,171.55999755859375,173.1999969482422,169.1199951171875,172.99000549316406,170.01504516601562,91185900.0,19.329999923706055,20.729999542236328,19.260000228881836,20.540000915527344,20.540000915527344,69186200.0,550.5,551.780029296875,536.0800170898438,545.4299926757812,522.1468505859375,2472800.0
2021-12-22,18.649999618530273,19.450000762939453,18.649999618530273,18.8799991607666,18.8799991607666,33894200.0,28.891000747680664,29.55500030517578,28.448999404907227,29.399999618530273,29.351184844970703,395184000.0,333.79998779296875,334.510009765625,328.260009765625,330.45001220703125,329.1925354003906,16764600.0,179.7899932861328,180.3699951171875,176.38999938964844,177.6199951171875,177.6199951171875,1078800.0,142.64999389648438,144.5,140.27000427246094,143.8800048828125,143.8800048828125,46923700,173.0399932861328,175.86000061035156,172.14999389648438,175.63999938964844,172.6194610595703,92135300.0,20.549999237060547,21.5,20.030000686645508,21.25,21.25,62921900.0,545.3800048828125,550.0,539.7999877929688,549.6699829101562,526.205810546875,1454500.0
2021-12-23,18.850000381469727,19.135000228881836,18.719999313354492,18.93000030517578,18.93000030517578,24758300.0,29.7549991607666,30.05900001525879,29.430999755859375,29.639999389648438,29.59078598022461,343022000.0,330.1000061035156,336.6700134277344,328.3599853515625,335.239990234375,333.9642639160156,13987700.0,177.94000244140625,178.50999450683594,176.36000061035156,177.9600067138672,177.9600067138672,621300.0,143.88999938964844,149.02000427246094,143.85000610351562,146.13999938964844,146.13999938964844,48653800,175.85000610351562,176.85000610351562,175.27000427246094,176.27999877929688,173.2484588623047,68356600.0,21.540000915527344,21.780000686645508,20.8799991607666,21.200000762939453,21.200000762939453,39191000.0,551.739990234375,552.6099853515625,547.489990234375,550.3699951171875,526.8759765625,1757800.0
2021-12-27,18.780000686645508,19.25,18.780000686645508,18.940000534057617,18.940000534057617,21782000.0,29.65999984741211,31.086999893188477,29.639999389648438,30.94499969482422,30.89362335205078,403686000.0,338.8500061035156,347.8699951171875,338.010009765625,346.17999267578125,344.86260986328125,17795000.0,178.02999877929688,179.69000244140625,177.35000610351562,179.55999755859375,179.55999755859375,582500.0,147.50999450683594,154.88999938964844,147.25,154.36000061035156,154.36000061035156,53296400,177.08999633789062,180.4199981689453,177.07000732421875,180.3300018310547,177.22879028320312,74919600.0,20.34000015258789,21.1299991607666,20.030000686645508,20.950000762939453,20.950000762939453,37286800.0,551.5399780273438,565.739990234375,551.4400024414062,563.469970703125,539.4166870117188,2262900.0
2021-12-28,18.889999389648438,19.06999969482422,18.440000534057617,18.56999969482422,18.56999969482422,20518800.0,31.312000274658203,31.329999923706055,30.011999130249023,30.32200050354004,30.271652221679688,420591000.0,346.6300048828125,352.7099914550781,345.20001220703125,346.2200012207031,344.9024963378906,16637600.0,179.74000549316406,181.82000732421875,178.44000244140625,179.38999938964844,179.38999938964844,600800.0,155.8800048828125,156.72999572753906,151.3800048828125,153.14999389648438,153.14999389648438,58699100,180.16000366210938,181.3300018310547,178.52999877929688,179.2899932861328,176.2067108154297,79144300.0,20.639999389648438,21.799999237060547,20.510000228881836,20.899999618530273,20.899999618530273,39749600.0,563.4299926757812,566.6400146484375,560.7000122070312,564.6400146484375,540.536865234375,1155000.0
2021-12-29,18.530000686645508,18.600000381469727,17.90999984741211,18.170000076293945,18.170000076293945,28217500.0,30.273000717163086,30.54800033569336,29.365999221801758,30.000999450683594,29.95118522644043,343139000.0,346.9100036621094,349.69000244140625,341.6400146484375,342.94000244140625,341.63494873046875,10747000.0,179.77999877929688,180.33999633789062,178.50999450683594,180.3000030517578,180.3000030517578,514900.0,152.82000732421875,154.33999633789062,147.2899932861328,148.25999450683594,148.25999450683594,51300200,179.3300018310547,180.6300048828125,178.13999938964844,179.3800048828125,176.29515075683594,62348900.0,20.65999984741211,20.899999618530273,20.280000686645508,20.790000915527344,20.790000915527344,30313700.0,566.4000244140625,571.489990234375,563.5,567.77001953125,543.5332641601562,1753000.0
2021-12-30,18.100000381469727,18.9950008392334,18.06999969482422,18.690000534057617,18.690000534057617,29285200.0,29.82699966430664,30.457000732421875,29.540000915527344,29.586000442504883,29.536874771118164,308864000.0,344.0,347.2300109863281,343.2200012207031,344.3599853515625,343.0495300292969,10593300.0,180.35000610351562,181.75,179.61000061035156,180.8300018310547,180.8300018310547,665000.0,147.44000244140625,148.85000610351562,144.85000610351562,145.14999389648438,145.14999389648438,44358000,179.47000122070312,180.57000732421875,178.08999633789062,178.1999969482422,175.1354522705078,59773000.0,20.760000228881836,21.510000228881836,20.270000457763672,20.530000686645508,20.530000686645508,49120200.0,569.530029296875,569.8800048828125,562.3699951171875,563.9099731445312,539.8380737304688,1338700.0
2021-12-31,18.610000610351562,18.920000076293945,18.209999084472656,18.209999084472656,18.209999084472656,23556000.0,29.673999786376953,30.030000686645508,29.33099937438965,29.410999298095703,29.362163543701172,266530000.0,343.0199890136719,343.44000244140625,336.2699890136719,336.3500061035156,335.070068359375,12870500.0,180.52000427246094,181.67999267578125,177.3800048828125,177.72000122070312,177.72000122070312,858700.0,146.16000366210938,148.61000061035156,143.5500030517578,143.89999389648438,143.89999389648438,49448100,178.08999633789062,179.22999572753906,177.25999450683594,177.57000732421875,174.51625061035156,64062300.0,20.510000228881836,20.770000457763672,20.020000457763672,20.1200008392334,20.1200008392334,29363700.0,563.4099731445312,568.25,559.030029296875,567.7000122070312,543.4663696289062,1509200.0
2022-01-03,18.360000610351562,18.569000244140625,17.860000610351562,18.530000686645508,18.530000686645508,34283600.0,29.815000534057617,30.711000442504883,29.78499984741211,30.121000289916992,30.070987701416016,391547000.0,338.29998779296875,341.0799865722656,337.19000244140625,338.5400085449219,337.2517395019531,14537900.0,176.83999633789062,178.9199981689453,173.5500030517578,178.61000061035156,178.61000061035156,1335400.0,145.13999938964844,151.64999389648438,145.02000427246094,150.24000549316406,150.24000549316406,59396600,177.8300018310547,182.8800048828125,177.7100067138672,182.00999450683594,178.87989807128906,104487900.0,20.559999465942383,21.739999771118164,20.43000030517578,21.40999984741211,21.40999984741211,38836800.0,565.030029296875,567.469970703125,555.510009765625,566.7100219726562,542.5184326171875,2714100.0
2022-01-04,18.610000610351562,18.84000015258789,17.790000915527344,18.170000076293945,18.170000076293945,39643200.0,30.277000427246094,30.468000411987305,28.349000930786133,29.290000915527344,29.241369247436523,527154000.0,339.95001220703125,343.0899963378906,331.8699951171875,336.5299987792969,335.24932861328125,15998000.0,177.92999267578125,182.25,175.25999450683594,181.89999389648438,181.89999389648438,1242500.0,151.00999450683594,152.4199981689453,140.6999969482422,144.4199981689453,144.4199981689453,80200500,182.6300048828125,182.94000244140625,179.1199951171875,179.6999969482422,176.60963439941406,99310400.0,22.059999465942383,22.3799991607666,21.510000228881836,21.729999542236328,21.729999542236328,44776400.0,564.22998046875,568.719970703125,561.7899780273438,564.22998046875,540.1442260742188,2097500.0
2022-01-05,18.030000686645508,18.56800079345703,16.8700008392334,16.959999084472656,16.959999084472656,58445900.0,28.948999404907227,29.416000366210938,27.533000946044922,27.604000091552734,27.558168411254883,498064000.0,333.0199890136719,335.760009765625,323.8399963378906,324.1700134277344,322.9364013671875,20564500.0,181.6300048828125,181.6300048828125,171.52999877929688,171.85000610351562,171.85000610351562,1701100.0,142.82000732421875,143.75999450683594,135.2899932861328,136.14999389648438,136.14999389648438,65403200,179.61000061035156,180.1699981689453,174.63999938964844,174.9199981689453,171.9118194580078,94537600.0,21.790000915527344,22.170000076293945,21.059999465942383,21.170000076293945,21.170000076293945,31833200.0,563.6900024414062,565.0499877929688,549.77001953125,549.9199829101562,526.445068359375,2887500.0
2022-01-06,16.8700008392334,17.18000030517578,16.05500030517578,16.739999771118164,16.739999771118164,49737100.0,27.639999389648438,28.437999725341797,27.065000534057617,28.17799949645996,28.13121223449707,454186000.0,322.82000732421875,339.1700134277344,322.7200012207031,332.4599914550781,331.19482421875,27962800.0,169.4600067138672,172.0,164.3699951171875,164.61000061035156,164.61000061035156,1430300.0,136.19000244140625,138.0,131.77000427246094,136.22999572753906,136.22999572753906,64802900,172.6999969482422,175.3000030517578,171.63999938964844,172.0,169.0420684814453,96904000.0,21.6200008392334,21.989999771118164,21.020000457763672,21.06999969482422,21.06999969482422,31459900.0,546.2000122070312,553.52001953125,543.5499877929688,549.7999877929688,526.330322265625,2503100.0
2022-01-07,16.700000762939453,17.329999923706055,16.475000381469727,16.559999465942383,16.559999465942383,37989300.0,28.141000747680664,28.422000885009766,27.05699920654297,27.246999740600586,27.201753616333008,409939000.0,332.739990234375,337.0,328.8800048828125,331.7900085449219,330.5273742675781,14722000.0,162.7899932861328,165.67999267578125,161.60000610351562,164.60000610351562,164.60000610351562,941500.0,136.27999877929688,137.44000244140625,131.1300048828125,132.0,132.0,58441100,172.88999938964844,174.13999938964844,171.02999877929688,172.1699981689453,169.20916748046875,86709100.0,21.350000381469727,22.290000915527344,21.1200008392334,21.899999618530273,21.899999618530273,37140600.0,547.5499877929688,548.3699951171875,534.239990234375,536.1799926757812,513.2916259765625,2323900.0
2022-01-10,16.190000534057617,16.56999969482422,15.350000381469727,16.5,16.5,77649400.0,26.58099937438965,27.4689998626709,25.643999099731445,27.399999618530273,27.354507446289062,594681000.0,325.30999755859375,328.3399963378906,315.42999267578125,328.07000732421875,326.8215637207031,24942400.0,147.5,150.60000610351562,138.19000244140625,142.99000549316406,142.99000549316406,9883100.0,129.0800018310547,132.4199981689453,125.02999877929688,132.0,132.0,84671300,169.0800018310547,172.5,168.1699981689453,172.19000244140625,169.22877502441406,106765600.0,22.0,22.1299991607666,20.959999084472656,21.399999618530273,21.399999618530273,32828800.0,529.2899780273438,530.4099731445312,508.5,518.7999877929688,496.6536865234375,4916800.0
2022-01-11,16.399999618530273,17.25,16.31999969482422,16.889999389648438,16.889999389648438,47442600.0,27.322999954223633,28.065000534057617,26.839000701904297,27.816999435424805,27.770816802978516,404089000.0,326.7799987792969,334.6300048828125,325.2799987792969,334.3699951171875,333.0975646972656,16226800.0,141.2899932861328,149.25,141.2899932861328,148.4199981689453,148.4199981689453,7451600.0,133.4499969482422,138.99000549316406,131.58999633789062,137.30999755859375,137.30999755859375,77153900,172.32000732421875,175.17999267578125,170.82000732421875,175.0800018310547,172.06907653808594,76138300.0,21.3799991607666,22.219999313354492,21.110000610351562,21.979999542236328,21.979999542236328,29608000.0,518.7999877929688,522.469970703125,510.2900085449219,522.030029296875,499.7457580566406,2457300.0
2022-01-12,17.15999984741211,17.459999084472656,16.399999618530273,16.719999313354492,16.719999313354492,39784200.0,28.066999435424805,28.594999313354492,27.607999801635742,27.999000549316406,27.952510833740234,383413000.0,335.17999267578125,336.3699951171875,330.0299987792969,333.260009765625,331.9918518066406,14104900.0,149.64999389648438,157.6699981689453,149.52000427246094,156.05999755859375,156.05999755859375,4328300.0,138.58999633789062,140.57000732421875,135.77000427246094,137.47000122070312,137.47000122070312,69669600,176.1199951171875,177.17999267578125,174.82000732421875,175.52999877929688,172.5113525390625,74805200.0,22.18000030517578,22.459999084472656,21.799999237060547,22.309999465942383,22.309999465942383,33645000.0,522.030029296875,530.030029296875,522.010009765625,525.7999877929688,503.3547668457031,1729500.0
2022-01-13,16.799999237060547,16.81999969482422,15.9399995803833,16.010000228881836,16.010000228881836,35492200.0,28.378999710083008,28.479999542236328,26.49799919128418,26.575000762939453,26.530874252319336,540171000.0,334.9800109863281,335.6300048828125,325.760009765625,326.4800109863281,325.23760986328125,14797100.0,156.50999450683594,156.58999633789062,154.02999877929688,154.8300018310547,154.8300018310547,2860900.0,139.44000244140625,141.25,131.80999755859375,132.74000549316406,132.74000549316406,76618100,175.77999877929688,176.6199951171875,171.7899932861328,172.19000244140625,169.22877502441406,84505800.0,22.420000076293945,23.299999237060547,22.3700008392334,22.899999618530273,22.899999618530273,43271400.0,527.6400146484375,529.0499877929688,515.22998046875,516.8800048828125,494.8155517578125,2428100.0
2022-01-14,15.9399995803833,16.249000549316406,15.619999885559082,16.010000228881836,16.010000228881836,35624900.0,26.299999237060547,27.19700050354004,26.209999084472656,26.941999435424805,26.897262573242188,395832000.0,321.7900085449219,332.7300109863281,321.2099914550781,331.8999938964844,330.6369934082031,16868500.0,154.19000244140625,154.4600067138672,149.41000366210938,152.5800018310547,152.5800018310547,2748900.0,131.67999267578125,137.0,131.42999267578125,136.8800048828125,136.8800048828125,71078400,171.33999633789062,173.77999877929688,171.08999633789062,173.07000732421875,170.0937042236328,80440800.0,22.600000381469727,22.950000762939453,22.270000457763672,22.950000762939453,22.950000762939453,28270800.0,511.57000732421875,512.97998046875,501.8599853515625,502.989990234375,481.5185241699219,3872500.0
2022-01-18,15.449999809265137,15.75,14.920000076293945,14.970000267028809,14.970000267028809,49067700.0,26.260000228881836,26.63800048828125,25.770000457763672,25.902999877929688,25.859989166259766,424270000.0,323.2900085449219,324.2099914550781,317.6400146484375,318.1499938964844,316.9393310546875,22645600.0,157.36000061035156,160.85000610351562,152.7899932861328,154.0399932861328,154.0399932861328,5849200.0,134.5,136.38999938964844,131.58999633789062,131.92999267578125,131.92999267578125,56527400,171.50999450683594,172.5399932861328,169.41000366210938,169.8000030517578,166.8798828125,90956700.0,22.520000457763672,22.760000228881836,21.90999984741211,21.979999542236328,21.979999542236328,29779000.0,494.4599914550781,495.0799865722656,486.8599853515625,488.07000732421875,467.23541259765625,3801900.0
2022-01-19,14.899999618530273,15.25,14.539999961853027,14.5600004196167,14.5600004196167,48049100.0,26.07900047302246,26.542999267578125,25.052000045776367,25.066999435424805,25.02537727355957,488315000.0,319.5799865722656,327.1000061035156,319.3299865722656,319.5899963378906,318.37384033203125,20814700.0,155.5,167.9499969482422,155.1999969482422,163.36000061035156,163.36000061035156,4733800.0,133.5500030517578,134.57000732421875,128.02000427246094,128.27000427246094,128.27000427246094,69831800,170.0,171.0800018310547,165.94000244140625,166.22999572753906,163.37132263183594,94815000.0,21.93000030517578,21.959999084472656,21.18000030517578,21.219999313354492,21.219999313354492,27894500.0,489.8900146484375,496.239990234375,487.1000061035156,490.1600036621094,469.2362060546875,2709400.0
2022-01-20,14.890000343322754,15.550000190734863,14.569999694824219,14.619999885559082,14.619999885559082,44690400.0,25.304000854492188,25.57900047302246,24.077999114990234,24.149999618530273,24.109899520874023,435181000.0,323.8999938964844,327.82000732421875,315.9800109863281,316.55999755859375,315.3553771972656,16925000.0,164.58999633789062,168.97999572753906,163.35000610351562,164.4600067138672,164.4600067138672,2231700.0,126.04000091552734,128.50999450683594,121.41000366210938,121.88999938964844,121.88999938964844,91157300,166.97999572753906,169.67999267578125,164.17999267578125,164.50999450683594,161.68087768554688,91420500.0,21.309999465942383,21.979999542236328,20.729999542236328,20.799999237060547,20.799999237060547,25457800.0,490.75,499.8800048828125,481.8399963378906,482.82000732421875,462.2095031738281,2893700.0
2022-01-21,14.25,14.477999687194824,13.5,13.529999732971191,13.529999732971191,73031300.0,23.506999969482422,24.822999954223633,23.26300048828125,23.374000549316406,23.335189819335938,718958000.0,314.80999755859375,318.30999755859375,303.0400085449219,303.1700134277344,302.0163269042969,28710700.0,164.4600067138672,169.0800018310547,163.5,164.75999450683594,164.75999450683594,2760000.0,120.13999938964844,125.0199966430664,118.38999938964844,118.80999755859375,118.80999755859375,95685300,164.4199981689453,166.3300018310547,162.3000030517578,162.41000366210938,159.61697387695312,122848900.0,20.68000030517578,20.690000534057617,19.780000686645508,19.989999771118164,19.989999771118164,41314300.0,481.9200134277344,494.6099853515625,481.32000732421875,481.6099853515625,461.05126953125,3295600.0
2022-01-24,12.789999961853027,13.40999984741211,11.75,13.399999618530273,13.399999618530273,110518900.0,22.329999923706055,23.3799991607666,20.88800048828125,23.371999740600586,23.333192825317383,913982000.0,297.8399963378906,309.5299987792969,289.010009765625,308.7099914550781,307.5352478027344,38878100.0,162.86000061035156,165.19000244140625,157.39999389648438,164.99000549316406,164.99000549316406,2750700.0,115.4000015258789,116.7699966430664,107.5,116.52999877929688,116.52999877929688,116210100,160.02000427246094,162.3000030517578,154.6999969482422,161.6199951171875,158.840576171875,162294600.0,19.079999923706055,19.760000228881836,18.25,19.739999771118164,19.739999771118164,52166800.0,475.54998779296875,489.9700012207031,469.010009765625,488.8999938964844,468.02996826171875,4412600.0
2022-01-25,13.119999885559082,13.600000381469727,12.829999923706055,13.0600004196167,13.0600004196167,47456600.0,22.54599952697754,22.94300079345703,22.0,22.323999404907227,22.28693199157715,664616000.0,299.95001220703125,306.2300109863281,297.5799865722656,300.1499938964844,299.0078125,25108500.0,161.99000549316406,164.8699951171875,158.2899932861328,158.38999938964844,158.38999938964844,1455600.0,114.0999984741211,114.81999969482422,109.86000061035156,111.12999725341797,111.12999725341797,85102900,158.97999572753906,162.75999450683594,157.02000427246094,159.77999877929688,157.03219604492188,115798400.0,19.25,20.399999618530273,19.09000015258789,20.200000762939453,20.200000762939453,36484500.0,479.8999938964844,482.6400146484375,472.3699951171875,477.32000732421875,456.9443664550781,3076800.0
2022-01-26,13.600000381469727,13.819999694824219,12.680000305175781,12.75,12.75,69949700.0,23.239999771118164,24.05699920654297,22.299999237060547,22.77199935913086,22.73419189453125,755959000.0,307.010009765625,307.510009765625,290.8500061035156,294.6300048828125,293.5088195800781,28348800.0,159.1699981689453,160.25,156.55999755859375,157.9199981689453,157.9199981689453,2871400.0,114.55000305175781,117.16000366210938,108.62999725341797,110.70999908447266,110.70999908447266,94752600,163.5,164.38999938964844,157.82000732421875,159.69000244140625,156.94375610351562,108275300.0,20.540000915527344,21.100000381469727,20.040000915527344,20.290000915527344,20.290000915527344,40706400.0,483.2300109863281,493.8699951171875,478.7699890136719,483.4700012207031,462.8318176269531,3074900.0
2022-01-27,13.010000228881836,13.0600004196167,12.199999809265137,12.279999732971191,12.279999732971191,52622900.0,23.56800079345703,23.9950008392334,21.674999237060547,21.944000244140625,21.907564163208008,573353000.0,297.75,301.7099914550781,294.260009765625,294.6400146484375,293.518798828125,21629900.0,158.8000030517578,159.0500030517578,155.05999755859375,157.25,157.25,2368400.0,111.95999908447266,112.75,101.94000244140625,102.5999984741211,102.5999984741211,125954100,162.4499969482422,163.83999633789062,158.27999877929688,159.22000122070312,156.48182678222656,121954600.0,20.459999084472656,20.709999084472656,18.940000534057617,19.110000610351562,19.110000610351562,42718200.0,486.9200134277344,495.7900085449219,480.30999755859375,482.5199890136719,461.92236328125,2372300.0
2022-01-28,12.300000190734863,12.880000114440918,11.890000343322754,12.710000038146973,12.710000038146973,54887500.0,22.011999130249023,22.857999801635742,21.29599952697754,22.84000015258789,22.802080154418945,543774000.0,295.6199951171875,301.8999938964844,293.0299987792969,301.7099914550781,300.5618591308594,21871600.0,158.5399932861328,159.27000427246094,154.25999450683594,158.74000549316406,158.74000549316406,3444700.0,101.55000305175781,105.4000015258789,99.3499984741211,105.23999786376953,105.23999786376953,98749500,165.7100067138672,170.35000610351562,162.8000030517578,170.3300018310547,167.4008026123047,179935700.0,19.200000762939453,19.280000686645508,18.280000686645508,18.969999313354492,18.969999313354492,50152500.0,483.739990234375,492.7300109863281,475.8999938964844,492.42999267578125,471.4093017578125,1918500.0
2022-01-31,12.770000457763672,13.739999771118164,12.760000228881836,13.710000038146973,13.710000038146973,51039300.0,23.18199920654297,24.509000778198242,23.052000045776367,24.486000061035156,24.445343017578125,564680000.0,300.67999267578125,313.7900085449219,299.32000732421875,313.260009765625,312.06793212890625,21579500.0,160.0,169.99000549316406,158.47999572753906,163.33999633789062,163.33999633789062,3401300.0,107.93000030517578,114.30999755859375,106.9000015258789,114.25,114.25,97206000,170.16000366210938,175.0,169.50999450683594,174.77999877929688,171.7742462158203,115541600.0,18.780000686645508,19.8700008392334,18.149999618530273,19.809999465942383,19.809999465942383,50989300.0,492.0,506.4200134277344,490.6300048828125,505.1300048828125,483.567138671875,2480700.0
2022-02-01,14.229999542236328,14.369999885559082,13.5600004196167,14.199999809265137,14.199999809265137,69012900.0,25.104000091552734,25.145000457763672,23.889999389648438,24.63800048828125,24.597089767456055,518925000.0,314.55999755859375,319.6600036621094,312.1199951171875,319.0,317.78607177734375,18023800.0,163.9600067138672,164.27000427246094,158.10000610351562,160.25,160.25,1554800.0,116.75,117.26000213623047,112.7300033569336,116.77999877929688,116.77999877929688,122467900,174.00999450683594,174.83999633789062,172.30999755859375,174.61000061035156,171.60716247558594,86213900.0,19.950000762939453,21.06999969482422,19.860000610351562,20.93000030517578,20.93000030517578,38953800.0,505.0,509.67999267578125,496.94000244140625,508.4100036621094,486.70721435546875,2347200.0
2022-02-02,14.09000015258789,14.199999809265137,13.1899995803833,13.319999694824219,13.319999694824219,47204300.0,25.79400062561035,25.816999435424805,24.55299949645996,25.242000579833984,25.200088500976562,543419000.0,327.82000732421875,328.0,316.8699951171875,323.0,321.7708740234375,58458300.0,159.6699981689453,165.97000122070312,158.38999938964844,165.0500030517578,165.0500030517578,2078500.0,129.88999938964844,130.05999755859375,120.63999938964844,122.76000213623047,122.76000213623047,180065000,174.75,175.8800048828125,173.3300018310547,175.83999633789062,172.81600952148438,84914300.0,20.719999313354492,21.239999771118164,20.43000030517578,20.850000381469727,20.850000381469727,30717600.0,511.1099853515625,523.989990234375,510.3399963378906,522.02001953125,499.7362365722656,2547600.0
2022-02-03,12.949999809265137,13.319999694824219,12.420000076293945,12.449999809265137,12.449999809265137,47236900.0,24.45800018310547,25.07699966430664,23.780000686645508,23.947999954223633,23.90823745727539,410178000.0,244.64999389648438,248.0,235.75,237.75999450683594,236.85520935058594,188119900.0,162.9499969482422,165.86000061035156,162.08999633789062,163.02000427246094,163.02000427246094,1602400.0,120.31999969482422,125.37000274658203,118.81999969482422,120.08000183105469,120.08000183105469,103599500,174.47999572753906,176.24000549316406,172.1199951171875,172.89999389648438,169.92660522460938,89418100.0,20.530000686645508,20.959999084472656,20.329999923706055,20.34000015258789,20.34000015258789,27585900.0,515.8800048828125,526.4400024414062,514.2100219726562,521.77001953125,500.25396728515625,2665100.0
2022-02-04,12.470000267028809,13.09000015258789,12.265000343322754,12.9399995803833,12.9399995803833,38989200.0,23.972000122070312,24.635000228881836,23.631999969482422,24.319000244140625,24.278623580932617,354829000.0,234.97000122070312,242.61000061035156,230.11000061035156,237.08999633789062,236.18777465820312,89342200.0,161.77999877929688,175.63999938964844,159.22999572753906,175.0,175.0,5633200.0,120.33999633789062,124.95999908447266,118.58000183105469,123.5999984741211,123.5999984741211,86212000,171.67999267578125,174.10000610351562,170.67999267578125,172.38999938964844,169.64122009277344,82465400.0,20.020000457763672,20.239999771118164,19.559999465942383,19.959999084472656,19.959999084472656,33287000.0,518.1099853515625,522.0,510.79998779296875,519.77001953125,498.3363952636719,2387400.0
2022-02-07,13.024999618530273,13.600000381469727,12.9399995803833,12.979999542236328,12.979999542236328,45646100.0,24.371999740600586,25.18199920654297,24.20199966430664,24.72800064086914,24.68694305419922,376868000.0,237.6999969482422,238.3000030517578,224.00999450683594,224.91000366210938,224.0541229248047,88613800.0,175.0,176.61000061035156,173.57000732421875,175.10000610351562,175.10000610351562,3472500.0,123.55999755859375,127.62999725341797,122.79000091552734,123.66999816894531,123.66999816894531,81672500,172.86000061035156,173.9499969482422,170.9499969482422,171.66000366210938,168.92286682128906,77251200.0,20.139999389648438,21.739999771118164,20.110000610351562,21.520000457763672,21.520000457763672,41055700.0,521.2999877929688,522.0,514.22998046875,515.8900146484375,494.6163635253906,1863600.0
2022-02-08,12.75,13.189000129699707,12.619999885559082,13.149999618530273,13.149999618530273,30317100.0,24.358999252319336,25.229999542236328,23.979999542236328,25.107999801635742,25.066307067871094,410359000.0,220.85000610351562,225.77000427246094,216.14999389648438,220.17999267578125,219.3421173095703,94729700.0,169.9499969482422,178.5,169.60000610351562,172.1999969482422,172.1999969482422,3850900.0,122.37999725341797,128.7100067138672,122.05000305175781,128.22999572753906,128.22999572753906,84902800,171.72999572753906,175.35000610351562,171.42999267578125,174.8300018310547,172.0423126220703,74829200.0,21.719999313354492,22.579999923706055,21.469999313354492,22.549999237060547,22.549999237060547,41620200.0,515.8900146484375,523.3900146484375,510.5,521.1500244140625,499.6595153808594,1462000.0
2022-02-09,13.289999961853027,13.890000343322754,13.260000228881836,13.869999885559082,13.869999885559082,34451900.0,25.621999740600586,26.725000381469727,25.35300064086914,26.704999923706055,26.660661697387695,524282000.0,224.1999969482422,233.3699951171875,222.2100067138672,232.0,231.11715698242188,86563300.0,173.47999572753906,173.6199951171875,168.91000366210938,172.33999633789062,172.33999633789062,1692700.0,129.60000610351562,132.9600067138672,127.6500015258789,132.85000610351562,132.85000610351562,92948900,176.0500030517578,176.64999389648438,174.89999389648438,176.27999877929688,173.4691925048828,71285000.0,22.829999923706055,23.360000610351562,22.760000228881836,23.190000534057617,23.190000534057617,39322700.0,528.0,534.239990234375,525.6799926757812,528.8300170898438,507.022705078125,2256700.0
2022-02-10,13.5,14.164999961853027,13.369999885559082,13.5600004196167,13.5600004196167,41998200.0,25.9950008392334,26.924999237060547,25.600000381469727,25.823999404907227,25.78112030029297,513200000.0,228.27000427246094,235.0,226.6999969482422,228.07000732421875,227.20211791992188,49310400.0,170.25,177.7100067138672,169.47999572753906,173.14999389648438,173.14999389648438,1534500.0,128.83999633789062,131.75999450683594,124.61000061035156,125.7699966430664,125.7699966430664,108939900,174.13999938964844,175.47999572753906,171.5500030517578,172.1199951171875,169.37551879882812,90865900.0,22.8700008392334,23.860000610351562,22.600000381469727,23.1200008392334,23.1200008392334,42465600.0,520.8699951171875,524.469970703125,514.75,518.47998046875,497.0995788574219,2558900.0
2022-02-11,13.449999809265137,13.920000076293945,12.970000267028809,13.130000114440918,13.130000114440918,41831600.0,25.916000366210938,26.152000427246094,23.773000717163086,23.948999404907227,23.909236907958984,605472000.0,228.4600067138672,230.4199981689453,218.77000427246094,219.5500030517578,218.7145233154297,46156900.0,173.4199981689453,174.75999450683594,170.6999969482422,171.47999572753906,171.47999572753906,1360500.0,126.13999938964844,127.16999816894531,111.80999755859375,113.18000030517578,113.18000030517578,164723200,172.3300018310547,173.0800018310547,168.0399932861328,168.63999938964844,165.9510040283203,98670700.0,23.18000030517578,23.639999389648438,21.989999771118164,22.040000915527344,22.040000915527344,51041700.0,518.4000244140625,521.3499755859375,507.3800048828125,509.6700134277344,488.6528625488281,2349700.0
2022-02-14,13.100000381469727,13.795000076293945,12.979999542236328,13.260000228881836,13.260000228881836,40617900.0,23.93400001525879,24.875,23.7549991607666,24.267000198364258,24.226707458496094,440424000.0,219.30999755859375,221.0,214.77999877929688,217.6999969482422,216.87156677246094,38184000.0,171.7899932861328,171.86000061035156,167.00999450683594,167.07000732421875,167.07000732421875,1181900.0,115.51000213623047,118.37000274658203,113.45999908447266,114.2699966430664,114.2699966430664,135146400,167.3699951171875,169.5800018310547,166.55999755859375,168.8800048828125,166.1872100830078,86185500.0,22.0,22.520000457763672,21.270000457763672,21.360000610351562,21.360000610351562,36570700.0,508.989990234375,511.5299987792969,501.44000244140625,506.55999755859375,485.671142578125,1749600.0
2022-02-15,13.520000457763672,14.1850004196167,13.40999984741211,14.170000076293945,14.170000076293945,48523700.0,24.948999404907227,26.545000076293945,24.784000396728516,26.4950008392334,26.45100975036621,699869000.0,220.47000122070312,221.14999389648438,215.05999755859375,221.0,220.15899658203125,42685500.0,167.7100067138672,170.77000427246094,167.33999633789062,168.92999267578125,168.92999267578125,1813400.0,117.19000244140625,121.87999725341797,114.36000061035156,121.47000122070312,121.47000122070312,143975900,170.97000122070312,172.9499969482422,170.25,172.7899932861328,170.03482055664062,62527400.0,22.219999313354492,22.8700008392334,22.049999237060547,22.780000686645508,22.780000686645508,31683800.0,513.3400268554688,516.0,510.760009765625,513.9199829101562,492.72760009765625,1984600.0
2022-02-16,13.90999984741211,14.260000228881836,13.65999984741211,13.970000267028809,13.970000267028809,58624400.0,26.259000778198242,26.582000732421875,25.552000045776367,26.51099967956543,26.466981887817383,732676000.0,212.41000366210938,217.4600067138672,212.36000061035156,216.5399932861328,215.71597290039062,45817500.0,168.25,168.25,162.94000244140625,166.08999633789062,166.08999633789062,2482900.0,119.05000305175781,119.54000091552734,114.22000122070312,117.69000244140625,117.69000244140625,119109600,171.85000610351562,173.33999633789062,170.0500030517578,172.5500030517578,169.79864501953125,61177400.0,22.780000686645508,23.639999389648438,22.6200008392334,23.309999465942383,23.309999465942383,40609500.0,511.489990234375,514.5499877929688,501.7099914550781,512.4000244140625,491.2703552246094,1770800.0
2022-02-17,12.390000343322754,12.699999809265137,11.699999809265137,11.770000457763672,11.770000457763672,151385400.0,25.6299991607666,25.78499984741211,24.165000915527344,24.506999969482422,24.46630859375,810595000.0,214.02000427246094,217.5,207.16000366210938,207.7100067138672,206.9196014404297,38747500.0,165.25999450683594,166.14999389648438,161.8800048828125,162.1300048828125,162.1300048828125,1494400.0,116.26000213623047,116.9800033569336,112.26000213623047,112.37000274658203,112.37000274658203,98179600,171.02999877929688,171.91000366210938,168.47000122070312,168.8800048828125,166.1872100830078,69589300.0,22.899999618530273,23.18000030517578,22.270000457763672,22.420000076293945,22.420000076293945,25412100.0,509.6400146484375,518.2100219726562,507.0299987792969,515.010009765625,493.7727355957031,2022800.0
2022-02-18,11.920000076293945,12.010000228881836,10.569999694824219,11.020000457763672,11.020000457763672,137808100.0,24.667999267578125,24.986000061035156,23.100000381469727,23.642000198364258,23.602745056152344,761255000.0,209.38999938964844,210.75,205.17999267578125,206.16000366210938,205.37547302246094,37128400.0,162.3300018310547,162.92999267578125,158.35000610351562,158.5,158.5,1591600.0,113.9000015258789,115.63999938964844,109.88999938964844,113.83000183105469,113.83000183105469,114321200,169.82000732421875,170.5399932861328,166.19000244140625,167.3000030517578,164.63238525390625,82772700.0,22.420000076293945,22.770000457763672,21.959999084472656,22.170000076293945,22.170000076293945,29897300.0,514.8900146484375,517.9000244140625,510.3299865722656,512.6699829101562,491.5291748046875,2154700.0
2022-02-22,10.699999809265137,11.1850004196167,10.300000190734863,10.479999542236328,10.479999542236328,104501500.0,23.03499984741211,24.06399917602539,23.0,23.389999389648438,23.35116195678711,633422000.0,202.33999633789062,207.47999572753906,200.05999755859375,202.0800018310547,201.31100463867188,39852400.0,157.57000732421875,160.17999267578125,157.5399932861328,158.27999877929688,158.27999877929688,1480900.0,115.2699966430664,119.19999694824219,113.61000061035156,115.6500015258789,115.6500015258789,141648500,164.97999572753906,166.69000244140625,162.14999389648438,164.32000732421875,161.6998748779297,91162800.0,21.549999237060547,22.190000534057617,21.350000381469727,21.510000228881836,21.510000228881836,34908600.0,510.0,514.5800170898438,498.1600036621094,502.17999267578125,481.4717712402344,2451800.0
2022-02-23,10.829999923706055,11.260000228881836,10.399999618530273,10.430000305175781,10.430000305175781,93964500.0,23.802000045776367,24.155000686645508,22.301000595092773,22.386999130249023,22.349830627441406,566511000.0,204.16000366210938,206.94000244140625,198.0500030517578,198.4499969482422,197.69482421875,44481400.0,158.94000244140625,161.10000610351562,157.66000366210938,157.82000732421875,157.82000732421875,1738200.0,117.4000015258789,118.6500015258789,109.04000091552734,109.76000213623047,109.76000213623047,120299400,165.5399932861328,166.14999389648438,159.75,160.07000732421875,157.5176544189453,90009200.0,21.8799991607666,22.0,20.190000534057617,20.209999084472656,20.209999084472656,36958200.0,502.94000244140625,507.9700012207031,494.7799987792969,495.260009765625,474.8371276855469,2021400.0
2022-02-24,9.75,11.869999885559082,9.739999771118164,11.829999923706055,11.829999923706055,118793000.0,21.014999389648438,23.799999237060547,20.889999389648438,23.74799919128418,23.70857048034668,735801000.0,191.05999755859375,208.35000610351562,190.22000122070312,207.60000610351562,206.81002807617188,49957200.0,154.5500030517578,163.38999938964844,153.97000122070312,163.3800048828125,163.3800048828125,1678300.0,104.55999755859375,116.95999908447266,104.26000213623047,116.61000061035156,116.61000061035156,142956600,152.5800018310547,162.85000610351562,152.0,162.74000549316406,160.14508056640625,141147500.0,18.84000015258789,20.709999084472656,18.649999618530273,20.6299991607666,20.6299991607666,49931700.0,483.2699890136719,506.54998779296875,482.9800109863281,505.5799865722656,484.7315673828125,2859800.0
2022-02-25,11.59000015258789,11.890000343322754,11.0,11.470000267028809,11.470000267028809,75433700.0,23.72100067138672,24.216999053955078,23.381000518798828,24.156999588012695,24.11688804626465,528866000.0,204.94000244140625,211.32000732421875,203.17999267578125,210.47999572753906,209.6790313720703,37627600.0,165.24000549316406,166.3800048828125,161.13999938964844,165.27999877929688,165.27999877929688,1557900.0,117.16000366210938,121.2300033569336,116.04000091552734,121.05999755859375,121.05999755859375,127821000,163.83999633789062,165.1199951171875,160.8699951171875,164.85000610351562,162.22146606445312,91974200.0,20.700000762939453,21.399999618530273,20.290000915527344,21.100000381469727,21.100000381469727,34048000.0,508.5799865722656,518.25,505.25,517.489990234375,496.1504211425781,2003000.0
2022-02-28,11.960000038146973,12.180000305175781,11.390000343322754,11.850000381469727,11.850000381469727,75390500.0,23.992000579833984,24.665000915527344,23.707000732421875,24.385000228881836,24.34451675415039,477319000.0,207.67999267578125,213.14999389648438,206.8300018310547,211.02999877929688,210.2269287109375,34239800.0,163.52999877929688,165.08999633789062,160.8699951171875,162.0,162.0,2114100.0,120.30999755859375,124.61000061035156,119.19999694824219,123.33999633789062,123.33999633789062,124666100,163.05999755859375,165.4199981689453,162.42999267578125,165.1199951171875,162.4871368408203,95056600.0,20.6299991607666,20.790000915527344,19.81999969482422,20.329999923706055,20.329999923706055,48343800.0,514.2999877929688,519.6300048828125,511.29998779296875,519.25,497.83782958984375,2408900.0
2022-03-01,11.989999771118164,12.520000457763672,11.710000038146973,12.180000305175781,12.180000305175781,64867200.0,24.291000366210938,24.37700080871582,23.131999969482422,23.476999282836914,23.438018798828125,412056000.0,209.8699951171875,211.75,202.22000122070312,203.49000549316406,202.7156524658203,27094900.0,163.35000610351562,164.0,158.0,159.8000030517578,159.8000030517578,1446900.0,122.33000183105469,122.43000030517578,112.80000305175781,113.83000183105469,113.83000183105469,126552200,164.6999969482422,166.60000610351562,161.97000122070312,163.1999969482422,160.59774780273438,83474400.0,19.969999313354492,20.030000686645508,18.610000610351562,18.860000610351562,18.860000610351562,55954900.0,519.4600219726562,529.3599853515625,519.1900024414062,522.9299926757812,501.3660583496094,2316000.0
2022-03-02,12.210000038146973,12.210000038146973,11.420000076293945,12.0600004196167,12.0600004196167,56698300.0,23.756000518798828,24.409000396728516,23.415000915527344,24.219999313354492,24.183902740478516,389642000.0,204.77999877929688,209.14999389648438,202.02000427246094,208.11000061035156,207.3180694580078,29452100.0,160.4199981689453,161.63999938964844,159.6300048828125,160.86000061035156,160.86000061035156,1561300.0,115.47000122070312,119.4800033569336,113.30999755859375,118.27999877929688,118.27999877929688,118354500,164.38999938964844,167.36000061035156,162.9499969482422,166.55999755859375,163.9041748046875,79724800.0,19.1200008392334,19.59000015258789,18.690000534057617,19.020000457763672,19.020000457763672,41781800.0,524.0,533.0900268554688,519.77001953125,528.0,506.22698974609375,2571500.0
2022-03-03,12.010000228881836,12.055000305175781,11.234999656677246,11.34000015258789,11.34000015258789,46172000.0,24.261999130249023,24.326000213623047,23.4689998626709,23.714000701904297,23.678661346435547,365095000.0,209.02000427246094,209.0800018310547,201.4199981689453,202.97000122070312,202.19761657714844,27263500.0,161.44000244140625,161.44000244140625,157.27999877929688,158.1999969482422,158.1999969482422,1583800.0,118.12999725341797,118.26000213623047,111.05000305175781,111.9800033569336,111.9800033569336,123916700,168.47000122070312,168.91000366210938,165.5500030517578,166.22999572753906,163.5794677734375,76678400.0,19.260000228881836,19.709999084472656,18.110000610351562,18.270000457763672,18.270000457763672,40969400.0,534.489990234375,538.9600219726562,529.5399780273438,533.0499877929688,511.0688171386719,3851800.0
2022-03-04,11.699999809265137,11.770000457763672,10.739999771118164,10.960000038146973,10.960000038146973,43502200.0,23.384000778198242,23.68000030517578,22.48200035095215,22.93600082397461,22.901819229125977,431415000.0,202.3699951171875,205.88999938964844,198.7899932861328,200.05999755859375,199.29869079589844,32130900.0,158.7100067138672,158.99000549316406,155.39999389648438,158.00999450683594,158.00999450683594,3267600.0,112.0,113.0,106.80999755859375,108.41000366210938,108.41000366210938,100609400,164.49000549316406,165.5500030517578,162.10000610351562,163.1699981689453,160.56820678710938,83737200.0,17.850000381469727,18.06999969482422,17.020000457763672,17.229999542236328,17.229999542236328,56989800.0,519.5,529.9199829101562,511.7799987792969,525.5,503.830078125,4417900.0
2022-03-07,11.430000305175781,11.75,11.100000381469727,11.109999656677246,11.109999656677246,63070600.0,22.816999435424805,23.033000946044922,21.329999923706055,21.351999282836914,21.320180892944336,450821000.0,200.7899932861328,200.88999938964844,187.27999877929688,187.47000122070312,186.75660705566406,38560600.0,158.0,162.39999389648438,157.11000061035156,158.0,158.0,2015500.0,108.52999877929688,109.52999877929688,102.81999969482422,102.94999694824219,102.94999694824219,92600000,163.36000061035156,165.02000427246094,159.0399932861328,159.3000030517578,156.75994873046875,96418800.0,17.299999237060547,17.479999542236328,15.520000457763672,15.529999732971191,15.529999732971191,67688600.0,523.4500122070312,545.2899780273438,523.4199829101562,528.52001953125,506.72552490234375,3896900.0
2022-03-08,10.930000305175781,11.390000343322754,10.718999862670898,11.039999961853027,11.039999961853027,49279600.0,21.30900001525879,22.37299919128418,20.649999618530273,21.513999938964844,21.48194122314453,557467000.0,187.85000610351562,196.6999969482422,186.11000061035156,190.2899932861328,189.5658721923828,37508100.0,158.22999572753906,158.5,152.97999572753906,156.10000610351562,156.10000610351562,2469200.0,102.80999755859375,109.9000015258789,100.08000183105469,105.52999877929688,105.52999877929688,135348300,158.82000732421875,162.8800048828125,155.8000030517578,157.44000244140625,154.92958068847656,131148300.0,15.680000305175781,16.549999237060547,14.9399995803833,15.880000114440918,15.880000114440918,68269000.0,526.219970703125,539.72998046875,522.4099731445312,523.3599853515625,501.7783508300781,3649700.0
2022-03-09,11.40999984741211,12.020000457763672,11.270000457763672,11.649999618530273,11.649999618530273,43591400.0,22.386999130249023,23.219999313354492,22.246999740600586,23.013999938964844,22.97970199584961,492742000.0,195.74000549316406,199.10000610351562,193.9199981689453,198.5,197.74461364746094,31894700.0,158.0,161.22000122070312,157.5399932861328,158.32000732421875,158.32000732421875,1322200.0,108.41000366210938,111.70999908447266,106.8499984741211,111.05000305175781,111.05000305175781,102310300,161.47999572753906,163.41000366210938,159.41000366210938,162.9499969482422,160.3517303466797,91454900.0,16.90999984741211,17.780000686645508,16.850000381469727,17.270000457763672,17.270000457763672,58123200.0,527.6199951171875,530.8599853515625,515.7100219726562,527.6500244140625,505.8915100097656,2789700.0
2022-03-10,11.380000114440918,11.970000267028809,11.319999694824219,11.869999885559082,11.869999885559082,52295400.0,22.5310001373291,22.788000106811523,21.881999969482422,22.658000946044922,22.624235153198242,428066000.0,194.83999633789062,196.27999877929688,191.07000732421875,195.2100067138672,194.4671630859375,24853000.0,157.1199951171875,158.52000427246094,155.50999450683594,158.2899932861328,158.2899932861328,1828400.0,108.88999938964844,109.06999969482422,103.06999969482422,106.45999908447266,106.45999908447266,102557400,160.1999969482422,160.38999938964844,155.97999572753906,158.52000427246094,155.9923553466797,105342000.0,16.81999969482422,18.229999542236328,16.709999084472656,17.649999618530273,17.649999618530273,42701100.0,523.1099853515625,534.3699951171875,518.1400146484375,532.719970703125,510.7523193359375,1777700.0
2022-03-11,11.859999656677246,12.005000114440918,11.369999885559082,11.390000343322754,11.390000343322754,37817400.0,23.02199935913086,23.145000457763672,22.04599952697754,22.100000381469727,22.06706428527832,367209000.0,192.63999938964844,193.55999755859375,186.6699981689453,187.61000061035156,186.89605712890625,34694500.0,158.74000549316406,158.99000549316406,153.47000122070312,153.49000549316406,153.49000549316406,965300.0,108.12999725341797,108.19000244140625,104.08000183105469,104.29000091552734,104.29000091552734,87584400,158.92999267578125,159.27999877929688,154.5,154.72999572753906,152.26280212402344,96970100.0,17.93000030517578,18.0,17.18000030517578,17.209999084472656,17.209999084472656,28443500.0,536.6199951171875,542.6500244140625,526.4299926757812,527.4199829101562,505.6708984375,1735100.0
2022-03-14,11.170000076293945,11.40999984741211,10.40999984741211,10.5,10.5,49762600.0,21.868999481201172,22.261999130249023,21.159000396728516,21.329999923706055,21.2982120513916,385354000.0,187.02999877929688,192.2899932861328,185.82000732421875,186.6300048828125,185.9197998046875,31010500.0,153.0,153.1199951171875,141.60000610351562,141.82000732421875,141.82000732421875,4480100.0,102.98999786376953,105.23999786376953,101.04000091552734,102.25,102.25,89731700,151.4499969482422,154.1199951171875,150.10000610351562,150.6199951171875,148.2183380126953,108732100.0,17.299999237060547,17.8799991607666,16.84000015258789,17.1200008392334,17.1200008392334,31014800.0,527.77001953125,535.3099975585938,523.5399780273438,525.9500122070312,504.2616271972656,1950000.0
2022-03-15,10.470000267028809,10.850000381469727,10.270000457763672,10.770000457763672,10.770000457763672,40451200.0,21.51799964904785,23.038000106811523,21.32200050354004,22.972999572753906,22.938764572143555,491996000.0,190.8000030517578,192.27999877929688,185.91000366210938,192.02999877929688,191.2992401123047,31721700.0,140.9499969482422,143.80999755859375,133.5399932861328,142.8800048828125,142.8800048828125,3258800.0,102.66000366210938,109.69000244140625,101.79000091552734,109.33000183105469,109.33000183105469,112425500,150.89999389648438,155.57000732421875,150.3800048828125,155.08999633789062,152.61708068847656,92964300.0,17.43000030517578,18.190000534057617,17.34000015258789,18.040000915527344,18.040000915527344,40891100.0,530.0,543.8499755859375,527.9199829101562,542.3200073242188,519.95654296875,2547900.0
2022-03-16,10.949999809265137,11.819999694824219,10.9399995803833,11.789999961853027,11.789999961853027,62746600.0,23.5,24.597000122070312,23.172000885009766,24.496000289916992,24.459495544433594,671422000.0,194.6999969482422,203.72999572753906,194.52000427246094,203.6300048828125,202.85511779785156,40640300.0,143.57000732421875,148.80999755859375,141.9499969482422,148.7899932861328,148.7899932861328,2097300.0,111.5999984741211,115.41999816894531,109.88999938964844,115.37000274658203,115.37000274658203,113689800,157.0500030517578,160.0,154.4600067138672,159.58999633789062,157.0453338623047,102300200.0,18.280000686645508,19.440000534057617,18.09000015258789,19.329999923706055,19.329999923706055,51372500.0,544.530029296875,551.6199951171875,531.260009765625,543.3900146484375,520.982421875,3017200.0
2022-03-17,11.720000267028809,12.369999885559082,11.65999984741211,12.319999694824219,12.319999694824219,43948900.0,24.1200008392334,24.841999053955078,23.9060001373291,24.766000747680664,24.729093551635742,471941000.0,201.6999969482422,208.0399932861328,201.11000061035156,207.83999633789062,207.04908752441406,29499700.0,148.38999938964844,150.05999755859375,145.0800018310547,149.50999450683594,149.50999450683594,1534800.0,112.13999938964844,114.2699966430664,109.70999908447266,111.69000244140625,111.69000244140625,103201700,158.61000061035156,161.0,157.6300048828125,160.6199951171875,158.05889892578125,75615400.0,18.719999313354492,19.15999984741211,18.219999313354492,19.149999618530273,19.149999618530273,38740600.0,543.3499755859375,553.1699829101562,543.2000122070312,552.7899780273438,529.9949340820312,1974200.0
2022-03-18,12.279999732971191,13.020000457763672,12.21500015258789,12.819999694824219,12.819999694824219,59125500.0,24.798999786376953,26.569000244140625,24.624000549316406,26.452999114990234,26.41357421875,730719000.0,206.6999969482422,216.8000030517578,206.0,216.49000549316406,215.6661834716797,52128000.0,149.41000366210938,153.1999969482422,147.92999267578125,151.3699951171875,151.3699951171875,1889400.0,111.27999877929688,114.93000030517578,110.55000305175781,113.45999908447266,113.45999908447266,105834800,160.50999450683594,164.47999572753906,159.75999450683594,163.97999572753906,161.3653106689453,123511700.0,18.770000457763672,19.540000915527344,18.68000030517578,19.459999084472656,19.459999084472656,32136300.0,552.9600219726562,562.5499877929688,549.510009765625,561.3499755859375,538.20166015625,3597800.0
2022-03-21,12.720000267028809,13.050000190734863,12.420000076293945,12.59000015258789,12.59000015258789,39410900.0,26.506999969482422,27.152000427246094,25.966999053955078,26.733999252319336,26.694154739379883,591727000.0,214.5,214.7100067138672,207.6300048828125,211.49000549316406,210.68519592285156,30142300.0,150.22000122070312,152.82000732421875,149.47000122070312,151.22000122070312,151.22000122070312,1335400.0,113.7300033569336,117.56999969482422,112.54000091552734,115.91999816894531,115.91999816894531,101905900,163.50999450683594,166.35000610351562,163.00999450683594,165.3800048828125,162.7429962158203,95811400.0,19.209999084472656,19.209999084472656,18.59000015258789,18.950000762939453,18.950000762939453,32803500.0,560.1400146484375,566.75,550.8400268554688,555.530029296875,532.6217651367188,3136900.0
2022-03-22,12.520000457763672,13.479999542236328,12.520000457763672,13.270000457763672,13.270000457763672,46210700.0,26.726999282836914,27.238000869750977,26.07200050354004,26.52400016784668,26.48447608947754,547007000.0,211.3699951171875,219.4600067138672,210.17999267578125,216.64999389648438,215.8255615234375,31998800.0,151.44000244140625,154.47999572753906,150.6199951171875,152.2899932861328,152.2899932861328,1485600.0,115.43000030517578,117.94999694824219,113.80999755859375,114.77999877929688,114.77999877929688,101672600,165.50999450683594,169.4199981689453,164.91000366210938,168.82000732421875,166.12815856933594,81532000.0,18.639999389648438,19.299999237060547,18.3700008392334,18.93000030517578,18.93000030517578,43514800.0,556.9600219726562,560.3499755859375,552.3300170898438,559.4199829101562,536.3513793945312,1777500.0
2022-03-23,13.15999984741211,13.550000190734863,13.020000457763672,13.180000305175781,13.180000305175781,33699400.0,26.125999450683594,26.61199951171875,25.575000762939453,25.634000778198242,25.59579849243164,502120000.0,213.3300018310547,216.8000030517578,212.16000366210938,213.4600067138672,212.64772033691406,23717300.0,150.82000732421875,152.52999877929688,149.0800018310547,149.39999389648438,149.39999389648438,1295500.0,114.29000091552734,117.55000305175781,112.20999908447266,113.91999816894531,113.91999816894531,90579200,167.99000549316406,172.63999938964844,167.64999389648438,170.2100067138672,167.49598693847656,98062700.0,18.709999084472656,18.899999618530273,18.239999771118164,18.299999237060547,18.299999237060547,27832900.0,556.9500122070312,560.6900024414062,551.9099731445312,554.02001953125,531.174072265625,1546800.0
2022-03-24,13.25,13.420000076293945,12.829999923706055,13.390000343322754,13.390000343322754,29535300.0,26.166000366210938,28.31999969482422,25.906999588012695,28.149999618530273,28.108049392700195,877379000.0,215.0,220.6699981689453,214.7899932861328,219.57000732421875,218.7344512939453,31502300.0,150.38999938964844,150.67999267578125,148.6999969482422,150.5,150.5,1038200.0,114.95999908447266,120.55000305175781,113.70999908447266,120.52999877929688,120.52999877929688,121961300,171.05999755859375,174.13999938964844,170.2100067138672,174.07000732421875,171.29444885253906,90131400.0,18.309999465942383,18.520000457763672,17.829999923706055,18.489999771118164,18.489999771118164,31280500.0,555.510009765625,558.260009765625,549.219970703125,558.1099853515625,535.0953369140625,1614200.0
2022-03-25,13.359999656677246,13.395000457763672,12.710000038146973,12.970000267028809,12.970000267028809,24796900.0,27.88599967956543,28.357999801635742,27.270999908447266,27.691999435424805,27.65073013305664,579016000.0,220.50999450683594,225.5,218.88999938964844,221.82000732421875,220.97589111328125,40039000.0,150.36000061035156,154.5399932861328,148.50999450683594,154.5,154.5,1589000.0,119.91999816894531,121.4000015258789,117.25,119.66999816894531,119.66999816894531,95852400,173.8800048828125,175.27999877929688,172.75,174.72000122070312,171.93405151367188,80546200.0,18.440000534057617,18.75,18.229999542236328,18.389999389648438,18.389999389648438,25947400.0,559.8200073242188,560.4299926757812,550.22998046875,555.7100219726562,532.7943115234375,1974900.0
2022-03-28,13.010000228881836,13.4399995803833,12.854999542236328,13.420000076293945,13.420000076293945,27152000.0,27.756000518798828,28.25,27.20599937438965,28.2189998626709,28.17694664001465,425494000.0,222.1300048828125,224.0399932861328,219.5399932861328,223.58999633789062,222.73915100097656,26224100.0,154.66000366210938,156.91000366210938,153.82000732421875,156.5,156.5,1376000.0,117.69999694824219,120.41000366210938,116.70999908447266,120.23999786376953,120.23999786376953,92966100,172.1699981689453,175.72999572753906,172.0,175.60000610351562,172.80001831054688,90371900.0,18.59000015258789,19.43000030517578,18.520000457763672,19.399999618530273,19.399999618530273,32494500.0,556.739990234375,565.260009765625,553.5,565.2100219726562,541.9026489257812,2056100.0
2022-03-29,13.649999618530273,14.279999732971191,13.350000381469727,14.199999809265137,14.199999809265137,46433700.0,28.69499969482422,28.945999145507812,27.979999542236328,28.6560001373291,28.61329460144043,488984000.0,226.07000732421875,230.88999938964844,225.2899932861328,229.86000061035156,228.98529052734375,31417900.0,158.14999389648438,159.5,156.49000549316406,158.57000732421875,158.57000732421875,1395700.0,122.27999877929688,123.70999908447266,119.58999633789062,123.2300033569336,123.2300033569336,94143000,176.69000244140625,179.00999450683594,176.33999633789062,178.9600067138672,176.10647583007812,100589400.0,19.959999084472656,20.399999618530273,19.670000076293945,19.93000030517578,19.93000030517578,40091600.0,568.0,571.219970703125,564.530029296875,569.97998046875,546.475830078125,2005400.0
2022-03-30,14.039999961853027,14.359999656677246,13.739999771118164,13.880000114440918,13.880000114440918,32164000.0,28.304000854492188,28.496000289916992,27.503000259399414,27.690000534057617,27.648731231689453,463487000.0,228.91000366210938,231.14999389648438,226.7100067138672,227.85000610351562,226.9829559326172,25588000.0,157.32000732421875,159.50999450683594,155.55999755859375,156.05999755859375,156.05999755859375,1462300.0,123.04000091552734,125.66999816894531,118.58999633789062,119.22000122070312,119.22000122070312,99476900,178.5500030517578,179.61000061035156,176.6999969482422,177.77000427246094,174.93539428710938,92633200.0,19.579999923706055,19.920000076293945,19.450000762939453,19.600000381469727,19.600000381469727,24681700.0,570.9500122070312,578.25,568.5900268554688,576.469970703125,552.6981811523438,2086500.0
2022-03-31,13.899999618530273,14.0600004196167,13.630000114440918,13.729999542236328,13.729999542236328,22840000.0,27.781999588012695,28.24799919128418,27.270000457763672,27.285999298095703,27.24533462524414,523440000.0,228.4499969482422,228.49000549316406,222.25999450683594,222.36000061035156,221.51382446289062,24192300.0,156.08999633789062,157.6999969482422,153.66000366210938,153.74000549316406,153.74000549316406,1284900.0,116.30999755859375,116.37999725341797,109.0199966430664,109.33999633789062,109.33999633789062,147004800,177.83999633789062,178.02999877929688,174.39999389648438,174.61000061035156,171.8258056640625,103049300.0,19.6299991607666,20.540000915527344,19.510000228881836,20.219999313354492,20.219999313354492,42409900.0,578.7000122070312,586.3200073242188,575.510009765625,575.8499755859375,552.1038208007812,3439800.0
2022-04-01,13.770000457763672,14.0649995803833,13.5,13.829999923706055,13.829999923706055,23831600.0,27.375,27.496000289916992,26.267000198364258,26.711999893188477,26.672191619873047,517235000.0,224.5500030517578,227.27999877929688,222.6999969482422,224.85000610351562,223.99436950683594,19544800.0,153.7899932861328,154.85000610351562,151.07000732421875,151.8800048828125,151.8800048828125,1152800.0,110.4800033569336,111.41999816894531,106.0999984741211,108.19000244140625,108.19000244140625,111867100,174.02999877929688,174.8800048828125,171.94000244140625,174.30999755859375,171.53060913085938,78751300.0,20.350000381469727,20.459999084472656,19.68000030517578,20.049999237060547,20.049999237060547,27871800.0,577.3800048828125,582.989990234375,572.3099975585938,575.5700073242188,551.8353881835938,1933500.0
2022-04-04,14.029999732971191,14.65999984741211,14.020000457763672,14.630000114440918,14.630000114440918,40066800.0,26.72800064086914,27.558000564575195,26.613000869750977,27.360000610351562,27.319223403930664,397120000.0,225.97999572753906,234.35000610351562,225.86000061035156,233.88999938964844,232.9999542236328,28054800.0,152.1699981689453,155.83999633789062,151.6300048828125,154.42999267578125,154.42999267578125,1268000.0,109.97000122070312,110.94000244140625,107.02999877929688,110.52999877929688,110.52999877929688,90123900,174.57000732421875,178.49000549316406,174.44000244140625,178.44000244140625,175.59474182128906,76468400.0,19.920000076293945,19.940000534057617,19.350000381469727,19.739999771118164,19.739999771118164,25523400.0,573.9400024414062,579.6900024414062,571.469970703125,575.1300048828125,551.41357421875,2201800.0
2022-04-05,14.609999656677246,14.859999656677246,13.795000076293945,13.890000343322754,13.890000343322754,37677300.0,27.253999710083008,27.319000244140625,25.81999969482422,25.930999755859375,25.89235496520996,436615000.0,234.0800018310547,236.86000061035156,231.02000427246094,231.83999633789062,230.95774841308594,29727200.0,154.42999267578125,157.08999633789062,150.9199981689453,151.89999389648438,151.89999389648438,1134900.0,109.69000244140625,110.4800033569336,106.05000305175781,106.81999969482422,106.81999969482422,79532000,177.5,178.3000030517578,174.4199981689453,175.05999755859375,172.26864624023438,73401800.0,20.690000534057617,21.5,20.139999389648438,20.219999313354492,20.219999313354492,68213000.0,572.5900268554688,583.97998046875,572.0999755859375,575.3200073242188,551.595703125,1826800.0
2022-04-06,13.520000457763672,13.539999961853027,12.850000381469727,13.0,13.0,40647700.0,24.93400001525879,25.299999237060547,24.003000259399414,24.406999588012695,24.370624542236328,703833000.0,226.91000366210938,228.99000549316406,221.41000366210938,223.3000030517578,222.45025634765625,28995100.0,150.4199981689453,152.0,144.89999389648438,147.1999969482422,147.1999969482422,2461000.0,104.44999694824219,105.73999786376953,101.70999908447266,103.66999816894531,103.66999816894531,105256600,172.36000061035156,173.6300048828125,170.1300048828125,171.8300018310547,169.09014892578125,89058800.0,19.829999923706055,19.889999389648438,18.860000610351562,18.93000030517578,18.93000030517578,44802800.0,574.030029296875,586.7999877929688,570.3699951171875,584.7899780273438,560.67529296875,2646200.0
2022-04-07,12.949999809265137,13.34000015258789,12.479999542236328,12.84000015258789,12.84000015258789,34727400.0,24.44099998474121,24.722000122070312,23.47800064086914,24.20800018310547,24.171924591064453,557992000.0,223.92999267578125,225.52000427246094,218.55999755859375,222.9499969482422,222.10159301757812,21037200.0,147.2899932861328,147.89999389648438,142.00999450683594,143.39999389648438,143.39999389648438,1941000.0,103.91999816894531,105.23999786376953,100.91000366210938,103.72000122070312,103.72000122070312,91895500,171.16000366210938,173.36000061035156,169.85000610351562,172.13999938964844,169.39520263671875,77594700.0,18.889999389648438,18.920000076293945,18.059999465942383,18.739999771118164,18.739999771118164,42475400.0,592.2899780273438,612.27001953125,588.780029296875,608.0499877929688,582.9761352539062,4804200.0
2022-04-08,12.699999809265137,13.050000190734863,12.569999694824219,12.699999809265137,12.699999809265137,24962500.0,23.91699981689453,23.92300033569336,23.062000274658203,23.118999481201172,23.084545135498047,524781000.0,222.3800048828125,225.1300048828125,220.02999877929688,222.3300018310547,221.4839324951172,18375700.0,142.8300018310547,144.10000610351562,140.13999938964844,141.30999755859375,141.30999755859375,1537300.0,102.51000213623047,102.98999786376953,100.41999816894531,101.0,101.0,92746700,171.77999877929688,171.77999877929688,169.1999969482422,170.08999633789062,167.3778533935547,76575500.0,18.600000381469727,18.729999542236328,18.040000915527344,18.34000015258789,18.34000015258789,28731700.0,606.3800048828125,608.0,597.72998046875,600.0399780273438,575.29638671875,3230200.0
2022-04-11,12.449999809265137,12.819999694824219,12.130000114440918,12.65999984741211,12.65999984741211,26095800.0,22.214000701904297,22.31999969482422,21.65999984741211,21.91699981689453,21.88433837890625,575207000.0,218.4199981689453,220.61000061035156,215.22000122070312,216.4600067138672,215.6363067626953,20516600.0,140.1300048828125,143.69000244140625,140.11000061035156,140.52999877929688,140.52999877929688,1298100.0,98.5999984741211,98.66999816894531,95.94000244140625,97.37000274658203,97.37000274658203,95527700,168.7100067138672,169.02999877929688,165.5,165.75,163.10707092285156,72246700.0,18.1299991607666,19.020000457763672,17.989999771118164,18.540000915527344,18.540000915527344,27851900.0,598.7899780273438,601.0,582.7999877929688,584.6699829101562,560.5601196289062,2792700.0
2022-04-12,12.880000114440918,13.199999809265137,12.425000190734863,12.460000038146973,12.460000038146973,26226500.0,22.53700065612793,22.725000381469727,21.281999588012695,21.503999710083008,21.471954345703125,662258000.0,220.24000549316406,222.02999877929688,213.1300048828125,214.13999938964844,213.3251190185547,20128800.0,141.25,142.67999267578125,137.9600067138672,138.36000061035156,138.36000061035156,1726500.0,98.77999877929688,99.58999633789062,94.5999984741211,95.0999984741211,95.0999984741211,89246400,168.02000427246094,169.8699951171875,166.63999938964844,167.66000366210938,164.9866485595703,79265200.0,18.770000457763672,18.950000762939453,18.360000610351562,18.510000228881836,18.510000228881836,23404200.0,586.6900024414062,591.72998046875,578.760009765625,581.3599853515625,557.3866577148438,2142000.0
2022-04-13,12.350000381469727,12.9399995803833,12.230999946594238,12.899999618530273,12.899999618530273,21152900.0,21.72800064086914,22.5,21.454999923706055,22.202999114990234,22.169910430908203,516943000.0,211.82000732421875,216.61000061035156,211.3300018310547,214.99000549316406,214.171875,19231800.0,137.8699951171875,139.91000366210938,136.27999877929688,138.99000549316406,138.99000549316406,1541800.0,95.30000305175781,98.33000183105469,94.70999908447266,97.73999786376953,97.73999786376953,77728400,167.38999938964844,171.0399932861328,166.77000427246094,170.39999389648438,167.6829376220703,70618900.0,18.799999237060547,19.639999389648438,18.780000686645508,19.510000228881836,19.510000228881836,35391100.0,582.469970703125,593.489990234375,582.469970703125,591.0900268554688,566.7154541015625,2211800.0
2022-04-14,12.920000076293945,12.920000076293945,12.40999984741211,12.420000076293945,12.420000076293945,23284100.0,22.5049991607666,22.777000427246094,21.163000106811523,21.257999420166016,21.226320266723633,569097000.0,214.88999938964844,214.99000549316406,210.0,210.17999267578125,209.38018798828125,18379500.0,138.8800048828125,139.89999389648438,137.24000549316406,137.9600067138672,137.9600067138672,1357700.0,98.37000274658203,98.38999938964844,92.91999816894531,93.05999755859375,93.05999755859375,73354400,170.6199951171875,171.27000427246094,165.0399932861328,165.2899932861328,162.6544189453125,75329400.0,19.709999084472656,20.09000015258789,19.450000762939453,19.559999465942383,19.559999465942383,25316700.0,591.780029296875,596.280029296875,587.0499877929688,590.3900146484375,566.044189453125,2206200.0
2022-04-18,12.350000381469727,12.414999961853027,11.880000114440918,12.149999618530273,12.149999618530273,25395600.0,21.200000762939453,22.08799934387207,21.07900047302246,21.783000946044922,21.750539779663086,525701000.0,210.0,213.3800048828125,208.3000030517578,210.77000427246094,209.9679412841797,16580800.0,137.3300018310547,137.5500030517578,133.89999389648438,135.6999969482422,135.6999969482422,1478400.0,92.02999877929688,95.16000366210938,91.63999938964844,93.88999938964844,93.88999938964844,80605800,163.9199981689453,166.60000610351562,163.57000732421875,165.07000732421875,162.4379425048828,69023900.0,19.440000534057617,19.59000015258789,18.969999313354492,19.040000915527344,19.040000915527344,18700700.0,585.3800048828125,592.1099853515625,579.5999755859375,582.1199951171875,558.1153564453125,2161900.0
2022-04-19,12.079999923706055,13.020000457763672,12.069999694824219,12.90999984741211,12.90999984741211,31753900.0,21.719999313354492,22.37299919128418,21.31399917602539,22.197999954223633,22.164920806884766,512781000.0,210.52000427246094,218.42999267578125,209.0,217.30999755859375,216.48306274414062,20089900.0,134.5399932861328,140.69000244140625,134.49000549316406,140.3699951171875,140.3699951171875,2485900.0,93.38999938964844,97.06999969482422,92.83999633789062,96.93000030517578,96.93000030517578,77069500,165.02000427246094,167.82000732421875,163.91000366210938,167.39999389648438,164.7307586669922,67723800.0,19.110000610351562,20.079999923706055,19.110000610351562,19.90999984741211,19.90999984741211,28760200.0,583.3499755859375,594.8300170898438,582.0,594.2999877929688,569.79296875,2327800.0
2022-04-20,13.079999923706055,13.170000076293945,12.739999771118164,12.789999961853027,12.789999961853027,31528600.0,22.517000198364258,22.670000076293945,21.200000762939453,21.48200035095215,21.449987411499023,468974000.0,213.61000061035156,214.16000366210938,198.9199981689453,200.4199981689453,199.65733337402344,43036500.0,140.1300048828125,140.35000610351562,137.0500030517578,137.33999633789062,137.33999633789062,1339700.0,97.83999633789062,97.91000366210938,93.19999694824219,94.0199966430664,94.0199966430664,62489000,168.75999450683594,168.8800048828125,166.10000610351562,167.22999572753906,164.56346130371094,67929800.0,19.959999084472656,20.329999923706055,19.6200008392334,19.6200008392334,19.6200008392334,21267000.0,599.1500244140625,605.280029296875,597.2999877929688,603.530029296875,578.642333984375,1793300.0
2022-04-21,13.020000457763672,13.329999923706055,12.225000381469727,12.329999923706055,12.329999923706055,32009000.0,21.708999633789062,22.392000198364258,20.0,20.183000564575195,20.152921676635742,656209000.0,201.60000610351562,202.97000122070312,185.5800018310547,188.07000732421875,187.35430908203125,49954100.0,137.6300048828125,138.66000366210938,131.3699951171875,131.52999877929688,131.52999877929688,1608400.0,95.16000366210938,96.2300033569336,89.23999786376953,89.8499984741211,89.8499984741211,76680600,168.91000366210938,171.52999877929688,165.91000366210938,166.4199981689453,163.7664031982422,87227800.0,20.479999542236328,20.6299991607666,19.389999389648438,19.510000228881836,19.510000228881836,37800100.0,607.280029296875,609.1799926757812,591.1500244140625,591.739990234375,567.338623046875,2027900.0
2022-04-22,12.329999923706055,12.729999542236328,11.859999656677246,11.960000038146973,11.960000038146973,30386100.0,20.30299949645996,20.486000061035156,19.5,19.514999389648438,19.485918045043945,624713000.0,190.3699951171875,192.72000122070312,183.27000427246094,184.11000061035156,183.40939331054688,36426800.0,132.1300048828125,136.8300018310547,131.44000244140625,136.41000366210938,136.41000366210938,3813700.0,90.02999877929688,91.45999908447266,87.94000244140625,88.13999938964844,88.13999938964844,75017700,166.4600067138672,167.8699951171875,161.5,161.7899932861328,159.2102508544922,84882400.0,19.469999313354492,19.68000030517578,18.75,18.84000015258789,18.84000015258789,25671500.0,590.3499755859375,591.9000244140625,571.0499877929688,571.7000122070312,548.125,2878200.0
2022-04-25,11.829999923706055,12.15999984741211,11.680000305175781,12.109999656677246,12.109999656677246,31727600.0,19.20199966430664,19.94499969482422,19.09600067138672,19.902000427246094,19.87234115600586,641566000.0,182.72999572753906,187.17999267578125,181.66000366210938,186.99000549316406,186.27842712402344,29281100.0,135.92999267578125,136.4600067138672,131.39999389648438,132.9600067138672,132.9600067138672,1895000.0,89.86000061035156,91.37000274658203,88.61000061035156,90.69000244140625,90.69000244140625,93481000,161.1199951171875,163.1699981689453,158.4600067138672,162.8800048828125,160.28286743164062,96046400.0,18.729999542236328,18.889999389648438,18.34000015258789,18.8799991607666,18.8799991607666,27164700.0,570.3099975585938,570.3300170898438,553.530029296875,568.2100219726562,544.7789306640625,3154500.0
2022-04-26,11.9399995803833,12.050000190734863,11.100000381469727,11.119999885559082,11.119999885559082,38666500.0,19.718000411987305,19.788000106811523,18.670000076293945,18.788000106811523,18.7600040435791,653143000.0,186.6300048828125,187.19000244140625,179.5,180.9499969482422,180.26141357421875,31747400.0,131.86000061035156,132.36000061035156,124.87999725341797,125.01000213623047,125.01000213623047,3105500.0,89.73999786376953,90.12000274658203,85.08000183105469,85.16000366210938,85.16000366210938,89127400,162.25,162.33999633789062,156.72000122070312,156.8000030517578,154.29978942871094,95623200.0,18.84000015258789,18.8799991607666,17.43000030517578,17.5,17.5,44476200.0,565.25,568.3400268554688,553.3099975585938,553.760009765625,530.9248657226562,2057400.0
2022-04-27,11.010000228881836,11.194999694824219,10.529999732971191,10.5600004196167,10.5600004196167,54508500.0,18.597999572753906,19.16699981689453,18.290000915527344,18.415000915527344,18.387556076049805,499460000.0,174.42999267578125,181.2100067138672,169.0,174.9499969482422,174.28424072265625,71062900.0,124.62000274658203,125.98999786376953,121.51000213623047,121.6500015258789,121.6500015258789,2595300.0,84.25,87.9000015258789,84.0199966430664,84.91000366210938,84.91000366210938,83125100,155.91000366210938,159.7899932861328,155.3800048828125,156.57000732421875,154.07347106933594,88063200.0,17.600000381469727,17.899999618530273,17.149999618530273,17.40999984741211,17.40999984741211,35893100.0,556.1900024414062,563.6199951171875,552.8499755859375,554.0800170898438,531.2315673828125,2261600.0
2022-04-28,10.6899995803833,11.045000076293945,10.369999885559082,10.949999809265137,10.949999809265137,40074500.0,18.966999053955078,20.03700065612793,18.489999771118164,19.781999588012695,19.752517700195312,570327000.0,202.9199981689453,208.52999877929688,192.89999389648438,205.72999572753906,204.9470977783203,100890600.0,123.19000244140625,123.87000274658203,120.27999877929688,123.2300033569336,123.2300033569336,2609700.0,86.66999816894531,90.58000183105469,84.77999877929688,89.63999938964844,89.63999938964844,91495400,159.25,164.52000427246094,158.92999267578125,163.63999938964844,161.0307159423828,130216800.0,17.729999542236328,18.0,17.1200008392334,17.829999923706055,17.829999923706055,30952100.0,555.469970703125,564.7999877929688,545.7999877929688,562.0,539.7015991210938,2118700.0
2022-04-29,10.899999618530273,11.229999542236328,10.359999656677246,10.399999618530273,10.399999618530273,30937500.0,19.402000427246094,20.128000259399414,18.517000198364258,18.547000885009766,18.519359588623047,500435000.0,204.4600067138672,212.47999572753906,199.89999389648438,200.47000122070312,199.70713806152344,49193400.0,123.19000244140625,125.30000305175781,119.12000274658203,119.51000213623047,119.51000213623047,1595500.0,88.05000305175781,91.79000091552734,85.37999725341797,85.5199966430664,85.5199966430664,82647700,161.83999633789062,166.1999969482422,157.25,157.64999389648438,155.13624572753906,131747600.0,17.760000228881836,18.200000762939453,17.239999771118164,17.299999237060547,17.299999237060547,22197100.0,560.9299926757812,561.5800170898438,529.7000122070312,531.719970703125,510.6230163574219,2968000.0
2022-05-02,10.380000114440918,10.755000114440918,10.180000305175781,10.739999771118164,10.739999771118164,41193800.0,18.541000366210938,19.573999404907227,18.391000747680664,19.533000946044922,19.503890991210938,572049000.0,201.1699981689453,211.8800048828125,200.99000549316406,211.1300048828125,210.32656860351562,49915300.0,120.22000122070312,121.98999786376953,117.83999633789062,121.94000244140625,121.94000244140625,1456800.0,85.66000366210938,90.37000274658203,85.31999969482422,89.83999633789062,89.83999633789062,98304100,156.7100067138672,158.22999572753906,153.27000427246094,157.9600067138672,155.4413299560547,123055300.0,17.309999465942383,17.479999542236328,16.729999542236328,17.350000381469727,17.350000381469727,34360800.0,532.22998046875,539.2000122070312,518.27001953125,528.9500122070312,507.9629821777344,3303400.0
2022-05-03,10.6899995803833,10.979999542236328,10.4399995803833,10.550000190734863,10.550000190734863,31372700.0,19.399999618530273,19.825000762939453,19.132999420166016,19.601999282836914,19.57278823852539,475751000.0,210.4499969482422,214.89999389648438,208.08999633789062,212.02999877929688,211.22314453125,41556300.0,121.04000091552734,123.61000061035156,120.48999786376953,121.3499984741211,121.3499984741211,1432300.0,89.8499984741211,92.20999908447266,89.01000213623047,91.12999725341797,91.12999725341797,126381800,158.14999389648438,160.7100067138672,156.32000732421875,159.47999572753906,156.93710327148438,88966500.0,17.6299991607666,17.829999923706055,17.110000610351562,17.489999771118164,17.489999771118164,28177600.0,530.0,534.27001953125,523.7000122070312,528.0800170898438,507.1275329589844,2398000.0
2022-05-04,10.529999732971191,11.010000228881836,10.079999923706055,10.979999542236328,10.979999542236328,43239900.0,19.92300033569336,20.399999618530273,18.750999450683594,20.333999633789062,20.303695678710938,648855000.0,210.64999389648438,224.3000030517578,206.9600067138672,223.41000366210938,222.55982971191406,41375900.0,122.62000274658203,124.95999908447266,120.13999938964844,124.76000213623047,124.76000213623047,1540200.0,98.18000030517578,99.69000244140625,91.69999694824219,99.41999816894531,99.41999816894531,225394100,159.6699981689453,166.47999572753906,159.25999450683594,166.02000427246094,163.37281799316406,108256500.0,17.420000076293945,17.729999542236328,16.690000534057617,17.729999542236328,17.729999542236328,37917900.0,531.5999755859375,546.1400146484375,522.8099975585938,544.4299926757812,522.8286743164062,2465200.0
2022-05-05,10.800000190734863,10.800000190734863,9.979999542236328,10.119999885559082,10.119999885559082,40523600.0,19.867000579833984,19.924999237060547,18.5,18.8439998626709,18.815914154052734,626331000.0,218.74000549316406,220.1699981689453,206.16000366210938,208.27999877929688,207.48741149902344,41129200.0,122.7300033569336,124.02999877929688,118.30999755859375,120.2300033569336,120.2300033569336,1796200.0,97.6500015258789,97.83999633789062,92.16999816894531,93.87000274658203,93.87000274658203,153129800,163.85000610351562,164.0800018310547,154.9499969482422,156.77000427246094,154.2703094482422,130525300.0,17.299999237060547,17.540000915527344,16.360000610351562,16.540000915527344,16.540000915527344,44517800.0,541.5700073242188,542.3400268554688,512.1699829101562,517.3200073242188,496.7943420410156,3977000.0
2022-05-06,10.0,10.050000190734863,9.420000076293945,9.479999542236328,9.479999542236328,69691300.0,18.736000061035156,19.511999130249023,17.989999771118164,18.674999237060547,18.64716911315918,633297000.0,207.33999633789062,209.3800048828125,201.02000427246094,203.77000427246094,202.9945831298828,34747200.0,119.62999725341797,119.9000015258789,113.44999694824219,114.2699966430664,114.2699966430664,2498700.0,94.33999633789062,98.18000030517578,92.6500015258789,95.33999633789062,95.33999633789062,144286600,156.00999450683594,159.44000244140625,154.17999267578125,157.27999877929688,154.99954223632812,116124600.0,16.420000076293945,16.559999465942383,15.59000015258789,15.920000076293945,15.920000076293945,43828900.0,514.4000244140625,516.4400024414062,498.82000732421875,503.3599853515625,483.3882141113281,3560800.0
2022-05-09,7.78000020980835,7.849999904632568,7.320000171661377,7.460000038146973,7.460000038146973,170871700.0,18.034000396728516,18.2549991607666,16.82699966430664,16.950000762939453,16.924739837646484,644455000.0,199.83999633789062,202.57000732421875,195.5800018310547,196.2100067138672,195.46334838867188,36303200.0,111.73999786376953,113.18000030517578,105.01000213623047,106.1500015258789,106.1500015258789,4311300.0,92.87000274658203,93.73999786376953,85.37999725341797,86.36000061035156,86.36000061035156,144523700,154.92999267578125,155.8300018310547,151.49000549316406,152.05999755859375,149.85523986816406,131577900.0,15.550000190734863,15.619999885559082,14.050000190734863,14.140000343322754,14.140000343322754,55563200.0,496.1000061035156,507.04998779296875,494.3399963378906,498.8299865722656,479.03802490234375,3292700.0
2022-05-10,7.559999942779541,7.703000068664551,6.929999828338623,7.289999961853027,7.289999961853027,86932400.0,17.68899917602539,18.197999954223633,17.024999618530273,17.594999313354492,17.56877899169922,761474000.0,199.50999450683594,202.9600067138672,194.19000244140625,197.64999389648438,196.8978729248047,34452500.0,107.58000183105469,108.30999755859375,101.8499984741211,103.58999633789062,103.58999633789062,5099900.0,89.18000030517578,90.7699966430664,85.41000366210938,88.7300033569336,88.7300033569336,137235500,155.52000427246094,156.74000549316406,152.92999267578125,154.50999450683594,152.26971435546875,115366700.0,14.8100004196167,15.029999732971191,13.819999694824219,14.1899995803833,14.1899995803833,46996200.0,509.70001220703125,510.6300048828125,495.6300048828125,501.4599914550781,481.5636291503906,2729400.0
2022-05-11,7.28000020980835,7.539999961853027,6.659999847412109,6.710000038146973,6.710000038146973,72894900.0,17.347000122070312,17.753000259399414,16.56800079345703,16.6299991607666,16.60521697998047,670167000.0,196.3300018310547,200.6699981689453,188.27000427246094,188.74000549316406,188.02178955078125,31153400.0,103.23999786376953,110.33000183105469,102.4000015258789,105.26000213623047,105.26000213623047,3931800.0,87.83999633789062,93.45999908447266,86.52999877929688,87.91999816894531,87.91999816894531,136137900,153.5,155.4499969482422,145.80999755859375,146.5,144.37583923339844,142689800.0,14.25,14.739999771118164,13.520000457763672,13.550000190734863,13.550000190734863,40917100.0,503.9200134277344,508.0,487.80999755859375,489.0799865722656,469.6747741699219,2782900.0
2022-05-12,6.550000190734863,7.380000114440918,6.440000057220459,7.340000152587891,7.340000152587891,82147300.0,16.2189998626709,16.788000106811523,15.567000389099121,16.174999237060547,16.15089225769043,708728000.0,187.05999755859375,198.0500030517578,184.77999877929688,191.24000549316406,190.5122833251953,38262200.0,103.16999816894531,108.0,102.16000366210938,106.20999908447266,106.20999908447266,2926700.0,86.5999984741211,88.55000305175781,83.2699966430664,87.05999755859375,87.05999755859375,129214200,142.77000427246094,146.1999969482422,138.8000030517578,142.55999755859375,140.4929656982422,182602000.0,13.260000228881836,13.859999656677246,12.720000267028809,13.260000228881836,13.260000228881836,53708800.0,486.7900085449219,497.260009765625,479.760009765625,486.17999267578125,466.889892578125,2829500.0
2022-05-13,7.519999980926514,8.350000381469727,7.519999980926514,8.34000015258789,8.34000015258789,69242700.0,16.788000106811523,17.92799949645996,16.593000411987305,17.70599937438965,17.679611206054688,670437000.0,192.5800018310547,199.88999938964844,191.27999877929688,198.6199951171875,197.8641815185547,24549800.0,107.62999725341797,111.26000213623047,107.1500015258789,109.93000030517578,109.93000030517578,3222700.0,88.30000305175781,96.56999969482422,88.22000122070312,95.12000274658203,95.12000274658203,138068100,144.58999633789062,148.10000610351562,143.11000061035156,147.11000061035156,144.97698974609375,113990900.0,13.550000190734863,14.5,13.550000190734863,14.279999732971191,14.279999732971191,40862000.0,493.1099853515625,498.7900085449219,489.6000061035156,497.2699890136719,477.5398254394531,2338600.0
2022-05-16,8.170000076293945,8.430000305175781,8.010000228881836,8.039999961853027,8.039999961853027,46153200.0,17.509000778198242,17.788000106811523,17.106000900268555,17.263999938964844,17.23826789855957,521446000.0,197.0500030517578,205.3699951171875,195.92999267578125,200.0399932861328,199.27874755859375,27112600.0,109.80999755859375,112.04000091552734,108.55999755859375,110.11000061035156,110.11000061035156,4691200.0,93.86000061035156,98.16999816894531,93.08000183105469,94.23999786376953,94.23999786376953,131065700,145.5500030517578,147.52000427246094,144.17999267578125,145.5399932861328,143.42977905273438,86643800.0,14.270000457763672,14.529999732971191,14.029999732971191,14.09000015258789,14.09000015258789,29771800.0,496.1400146484375,497.67999267578125,489.6199951171875,494.5299987792969,474.9085693359375,1579700.0
2022-05-17,8.100000381469727,8.460000038146973,8.010000228881836,8.359999656677246,8.359999656677246,38620800.0,18.073999404907227,18.371000289916992,17.634000778198242,18.177000045776367,18.149911880493164,585830000.0,202.1199951171875,205.4600067138672,198.36000061035156,202.6199951171875,201.8489532470703,24872700.0,119.87999725341797,124.58999633789062,117.63999938964844,123.08000183105469,123.08000183105469,8128000.0,97.87999725341797,103.19999694824219,97.54000091552734,102.47000122070312,102.47000122070312,164227200,148.86000061035156,149.77000427246094,146.67999267578125,149.24000549316406,147.0761260986328,78336300.0,14.510000228881836,14.960000038146973,14.319999694824219,14.869999885559082,14.869999885559082,29133500.0,489.1600036621094,493.55999755859375,480.2300109863281,490.4700012207031,471.00970458984375,2602800.0
2022-05-18,8.210000038146973,8.430000305175781,7.920000076293945,8.010000228881836,8.010000228881836,29304600.0,17.704999923706055,18.118000030517578,16.86400032043457,16.937999725341797,16.91275978088379,545161000.0,200.0,201.0,191.6300048828125,192.24000549316406,191.5084686279297,23960000.0,121.27999877929688,125.69999694824219,120.68000030517578,123.05000305175781,123.05000305175781,4142700.0,100.0,104.22000122070312,95.70999908447266,96.27999877929688,96.27999877929688,142603200,146.85000610351562,147.36000061035156,139.89999389648438,140.82000732421875,138.77821350097656,109742900.0,14.609999656677246,14.829999923706055,13.699999809265137,13.84000015258789,13.84000015258789,36536400.0,460.0,463.8599853515625,424.54998779296875,429.3999938964844,412.3627624511719,9511600.0
2022-05-19,7.96999979019165,8.581000328063965,7.945000171661377,8.3100004196167,8.3100004196167,35780900.0,16.937000274658203,17.687000274658203,16.733999252319336,17.124000549316406,17.098478317260742,621310000.0,191.1999969482422,195.2899932861328,189.60000610351562,191.2899932861328,190.56204223632812,24446900.0,122.41000366210938,127.0,119.66999816894531,119.76000213623047,119.76000213623047,5006400.0,96.69000244140625,100.69000244140625,95.08999633789062,96.66999816894531,96.66999816894531,141506200,139.8800048828125,141.66000366210938,136.60000610351562,137.35000610351562,135.35855102539062,136095600.0,13.670000076293945,13.9399995803833,13.489999771118164,13.579999923706055,13.579999923706055,37716400.0,430.3699951171875,430.5299987792969,418.7200012207031,422.92999267578125,406.14947509765625,5839600.0
2022-05-20,8.260000228881836,8.399999618530273,7.710000038146973,8.079999923706055,8.079999923706055,40879100.0,17.332000732421875,17.40999984741211,15.755000114440918,16.694000244140625,16.66912078857422,739105000.0,194.97000122070312,197.91000366210938,187.8699951171875,193.5399932861328,192.80348205566406,31465600.0,120.88999938964844,121.81999969482422,114.91999816894531,116.12000274658203,116.12000274658203,19700700.0,98.38999938964844,98.63999938964844,88.26000213623047,93.5,93.5,164126800,139.08999633789062,140.6999969482422,132.61000061035156,137.58999633789062,135.5950164794922,137426100.0,13.8100004196167,13.960000038146973,12.699999809265137,13.130000114440918,13.130000114440918,45620600.0,428.79998779296875,428.8500061035156,406.510009765625,416.42999267578125,399.9073486328125,5115000.0
2022-05-23,8.010000228881836,8.170000076293945,7.800000190734863,8.010000228881836,8.010000228881836,27755200.0,16.27400016784668,16.915000915527344,16.179000854492188,16.898000717163086,16.87281608581543,639889000.0,195.19000244140625,196.99000549316406,191.24000549316406,196.22999572753906,195.48326110839844,25059200.0,115.01000213623047,124.25,114.25,123.62000274658203,123.62000274658203,7573700.0,91.66000366210938,95.19000244140625,90.91999816894531,95.06999969482422,95.06999969482422,128773000,137.7899932861328,143.25999450683594,137.64999389648438,143.11000061035156,141.03500366210938,117726300.0,13.119999885559082,13.1899995803833,12.539999961853027,13.109999656677246,13.109999656677246,41410400.0,420.0,430.0,416.6700134277344,429.4800109863281,412.4396057128906,3687200.0
2022-05-24,7.980000019073486,7.989999771118164,7.369999885559082,7.550000190734863,7.550000190734863,47218700.0,16.510000228881836,16.597000122070312,15.779999732971191,16.15399932861328,16.129924774169922,588550000.0,180.5500030517578,183.67999267578125,176.11000061035156,181.27999877929688,180.5901641845703,50406300.0,122.44999694824219,125.25,121.2300033569336,122.69000244140625,122.69000244140625,5057200.0,92.54000091552734,93.41999816894531,89.62000274658203,91.16000366210938,91.16000366210938,123341400,140.80999755859375,141.97000122070312,137.3300018310547,140.36000061035156,138.3248748779297,104132700.0,12.84000015258789,12.869999885559082,11.5600004196167,11.760000228881836,11.760000228881836,63216500.0,424.79998779296875,438.7300109863281,424.3500061035156,437.7099914550781,420.343017578125,3473400.0
2022-05-25,7.519999980926514,8.017999649047852,7.510000228881836,7.960000038146973,7.960000038146973,35068900.0,16.020000457763672,17.111000061035156,16.0,16.975000381469727,16.949703216552734,781132000.0,180.39999389648438,185.4499969482422,179.32000732421875,183.8300018310547,183.1304473876953,28030200.0,121.62999725341797,123.30000305175781,118.48999786376953,122.08000183105469,122.08000183105469,3580600.0,90.43000030517578,93.88999938964844,89.5199966430664,92.6500015258789,92.6500015258789,111771100,138.42999267578125,141.7899932861328,138.33999633789062,140.52000427246094,138.4825897216797,92482700.0,11.649999618530273,12.3100004196167,11.609999656677246,12.180000305175781,12.180000305175781,38049800.0,436.3299865722656,443.260009765625,430.8299865722656,440.1099853515625,422.6477966308594,3225100.0
2022-05-26,7.840000152587891,8.399999618530273,7.769999980926514,8.359999656677246,8.359999656677246,39738900.0,16.035999298095703,18.091999053955078,16.02199935913086,17.85099983215332,17.824398040771484,996575000.0,182.8800048828125,192.8300018310547,182.25999450683594,191.6300048828125,190.90077209472656,23056500.0,122.37999725341797,123.63999938964844,120.87999725341797,123.27999877929688,123.27999877929688,3394600.0,91.33999633789062,100.33000183105469,90.73999786376953,98.75,98.75,128792700,137.38999938964844,144.33999633789062,137.13999938964844,143.77999877929688,141.69529724121094,90601500.0,12.300000190734863,13.470000267028809,12.300000190734863,13.210000038146973,13.210000038146973,49498400.0,449.1000061035156,468.04998779296875,447.510009765625,464.989990234375,446.5406188964844,5917600.0
2022-05-27,8.5,8.850000381469727,8.434000015258789,8.850000381469727,8.850000381469727,37064000.0,18.18600082397461,18.881000518798828,18.100000381469727,18.81100082397461,18.782970428466797,738379000.0,191.36000061035156,195.3300018310547,189.8000030517578,195.1300048828125,194.387451171875,22562700.0,123.5999984741211,127.56999969482422,123.55999755859375,125.77999877929688,125.77999877929688,3540000.0,100.13999938964844,102.4000015258789,99.37999725341797,102.26000213623047,102.26000213623047,104348400,145.38999938964844,149.67999267578125,145.25999450683594,149.63999938964844,147.47032165527344,90978500.0,13.350000381469727,13.970000267028809,13.329999923706055,13.970000267028809,13.970000267028809,35625500.0,456.79998779296875,474.8800048828125,455.1199951171875,470.760009765625,452.0817565917969,5719600.0
2022-05-31,8.970000267028809,9.100000381469727,8.5600004196167,8.680000305175781,8.680000305175781,41672300.0,18.979999542236328,19.200000762939453,18.350000381469727,18.672000885009766,18.64417266845703,664100000.0,194.88999938964844,197.60000610351562,192.00999450683594,193.63999938964844,192.90313720703125,26131100.0,127.36000061035156,128.0399932861328,123.5999984741211,124.52999877929688,124.52999877929688,3868100.0,102.43000030517578,104.55000305175781,100.04000091552734,101.86000061035156,101.86000061035156,125102900,149.07000732421875,150.66000366210938,146.83999633789062,148.83999633789062,146.68190002441406,103718400.0,13.859999656677246,14.170000076293945,13.720000267028809,13.880000114440918,13.880000114440918,38118300.0,470.760009765625,470.79998779296875,458.0299987792969,466.2200012207031,447.7218017578125,4424500.0
2022-06-01,8.720000267028809,8.979000091552734,8.380000114440918,8.460000038146973,8.460000038146973,34438100.0,18.724000930786133,19.05299949645996,18.121999740600586,18.31999969482422,18.29269790649414,544514000.0,196.50999450683594,199.52999877929688,185.0,188.63999938964844,187.92214965820312,36623500.0,125.86000061035156,126.08000183105469,122.58999633789062,124.62999725341797,124.62999725341797,2051800.0,102.12999725341797,103.56999969482422,99.55000305175781,101.22000122070312,101.22000122070312,99351400,149.89999389648438,151.74000549316406,147.67999267578125,148.7100067138672,146.5538330078125,74286600.0,14.039999961853027,14.199999809265137,13.149999618530273,13.470000267028809,13.470000267028809,33402900.0,469.3800048828125,470.5,456.70001220703125,456.989990234375,438.8581237792969,2319400.0
2022-06-02,8.539999961853027,9.390000343322754,8.461000442504883,9.300000190734863,9.300000190734863,41347000.0,18.29199981689453,19.618999481201172,18.197999954223633,19.591999053955078,19.562803268432617,648656000.0,188.4499969482422,200.94000244140625,187.72999572753906,198.86000061035156,198.10325622558594,31951600.0,124.48999786376953,130.36000061035156,124.05000305175781,129.0500030517578,129.0500030517578,2453300.0,100.77999877929688,109.5,100.77999877929688,108.58999633789062,108.58999633789062,120953800,147.8300018310547,151.27000427246094,146.86000061035156,151.2100067138672,149.01756286621094,72348100.0,13.489999771118164,14.0600004196167,13.390000343322754,14.0600004196167,14.0600004196167,34067200.0,460.8999938964844,491.1300048828125,457.8800048828125,487.6099853515625,468.2630920410156,4950600.0
2022-06-03,9.039999961853027,9.25,8.859999656677246,8.9399995803833,8.9399995803833,36632300.0,19.082000732421875,19.332000732421875,18.52199935913086,18.719999313354492,18.692102432250977,598779000.0,195.97999572753906,196.61000061035156,189.77999877929688,190.77999877929688,190.0540008544922,19465000.0,126.97000122070312,129.0,126.63999938964844,126.97000122070312,126.97000122070312,1688300.0,105.80000305175781,109.38999938964844,104.6500015258789,106.30000305175781,106.30000305175781,110844700,146.89999389648438,147.97000122070312,144.4600067138672,145.3800048828125,143.27212524414062,88570300.0,13.649999618530273,13.890000343322754,13.34000015258789,13.510000228881836,13.510000228881836,27169400.0,485.0299987792969,488.1499938964844,475.5899963378906,476.25,457.3538818359375,2857400.0
2022-06-06,9.109999656677246,9.210000038146973,8.779999732971191,8.979999542236328,8.979999542236328,35101100.0,19.138999938964844,19.336999893188477,18.56399917602539,18.785999298095703,18.75800323486328,422406000.0,193.99000549316406,196.9199981689453,188.39999389648438,194.25,193.51080322265625,30574200.0,127.87000274658203,128.36000061035156,126.52999877929688,126.98999786376953,126.98999786376953,1971500.0,108.2699966430664,109.56999969482422,104.2300033569336,105.6500015258789,105.6500015258789,96726900,147.02999877929688,148.57000732421875,144.89999389648438,146.13999938964844,144.02105712890625,71598400.0,13.670000076293945,13.800000190734863,13.34000015258789,13.609999656677246,13.609999656677246,26843100.0,480.5,481.0,468.9100036621094,472.4700012207031,453.723876953125,2297000.0
2022-06-07,8.890000343322754,9.140000343322754,8.729999542236328,9.130000114440918,9.130000114440918,28049400.0,18.472000122070312,19.0,18.187999725341797,18.926000595092773,18.897794723510742,388914000.0,191.92999267578125,196.52999877929688,191.49000549316406,195.64999389648438,194.90545654296875,18828700.0,125.58000183105469,134.82000732421875,125.51000213623047,131.64999389648438,131.64999389648438,2697500.0,104.23999786376953,106.23999786376953,102.61000061035156,105.27999877929688,105.27999877929688,79022900,144.35000610351562,149.0,144.10000610351562,148.7100067138672,146.5538330078125,67808200.0,13.300000190734863,13.8100004196167,13.210000038146973,13.779999732971191,13.779999732971191,23383200.0,459.9100036621094,473.7300109863281,459.5899963378906,471.7799987792969,453.061279296875,2435500.0
2022-06-08,9.180000305175781,9.420000076293945,9.09000015258789,9.180000305175781,9.180000305175781,29056300.0,18.798999786376953,19.18000030517578,18.53499984741211,18.648000717163086,18.624147415161133,363252000.0,194.6699981689453,202.02999877929688,194.41000366210938,196.63999938964844,195.89170837402344,22267200.0,132.0,133.99000549316406,130.25999450683594,131.39999389648438,131.39999389648438,1559300.0,104.56999969482422,105.8499984741211,100.41000366210938,101.9000015258789,101.9000015258789,97641900,148.5800018310547,149.8699951171875,147.4600067138672,147.9600067138672,145.814697265625,53950200.0,13.350000381469727,13.5600004196167,12.920000076293945,12.930000305175781,12.930000305175781,43179100.0,471.7799987792969,474.42999267578125,466.8900146484375,467.989990234375,449.42156982421875,1697000.0
2022-06-09,9.130000114440918,9.15999984741211,8.670000076293945,8.680000305175781,8.680000305175781,30527400.0,18.481000900268555,18.933000564575195,18.041000366210938,18.04800033569336,18.024913787841797,395574000.0,194.27999877929688,199.4499969482422,183.67999267578125,184.0,183.29978942871094,23501600.0,131.39999389648438,133.69000244140625,129.1199951171875,129.22999572753906,129.22999572753906,2966200.0,101.56999969482422,103.94000244140625,98.73999786376953,98.80000305175781,98.80000305175781,95299000,147.0800018310547,147.9499969482422,142.52999877929688,142.63999938964844,140.57180786132812,69473000.0,12.819999694824219,12.850000381469727,11.729999542236328,11.729999542236328,11.729999542236328,63169100.0,467.3399963378906,484.239990234375,467.1499938964844,472.04998779296875,453.32049560546875,3087500.0
2022-06-10,8.479999542236328,8.579999923706055,8.140000343322754,8.260000228881836,8.260000228881836,30225800.0,17.600000381469727,17.69700050354004,16.868999481201172,16.974000930786133,16.952287673950195,465248000.0,183.0399932861328,183.10000610351562,175.02000427246094,175.57000732421875,174.90188598632812,27450800.0,126.5,128.74000549316406,124.93000030517578,127.94999694824219,127.94999694824219,2465400.0,98.81999969482422,99.93000030517578,94.25,94.81999969482422,94.81999969482422,102135400,140.27999877929688,140.75999450683594,137.05999755859375,137.1300048828125,135.14170837402344,91437900.0,11.5600004196167,12.069999694824219,11.039999961853027,11.050000190734863,11.050000190734863,67279900.0,465.0,468.19000244140625,457.760009765625,463.30999755859375,444.9273681640625,2549900.0
2022-06-13,7.989999771118164,8.0,7.5,7.639999866485596,7.639999866485596,40943000.0,16.0,16.312000274658203,15.605999946594238,15.647000312805176,15.626984596252441,604153000.0,170.58999633789062,172.5800018310547,164.02999877929688,164.25999450683594,163.63491821289062,31749300.0,125.7699966430664,127.5199966430664,122.66000366210938,123.19000244140625,123.19000244140625,3097300.0,91.26000213623047,92.02999877929688,86.63999938964844,86.98999786376953,86.98999786376953,98148800,132.8699951171875,135.1999969482422,131.44000244140625,131.8800048828125,129.9678497314453,122207100.0,10.529999732971191,10.539999961853027,9.770000457763672,9.90999984741211,9.90999984741211,71269000.0,450.0,458.6400146484375,448.8999938964844,452.25,434.3061218261719,3113400.0
2022-06-14,7.735000133514404,7.980000019073486,7.585000038146973,7.820000171661377,7.820000171661377,30564100.0,15.730999946594238,16.06599998474121,15.411999702453613,15.836000442504883,15.815742492675781,469680000.0,166.02999877929688,166.75,161.36000061035156,163.72999572753906,163.10694885253906,27244300.0,124.20999908447266,124.76000213623047,120.4800033569336,121.41000366210938,121.41000366210938,2039000.0,87.41000366210938,88.30000305175781,85.81999969482422,86.98999786376953,86.98999786376953,84066600,133.1300048828125,133.88999938964844,131.47999572753906,132.75999450683594,130.83506774902344,84784300.0,10.010000228881836,10.170000076293945,9.40999984741211,9.520000457763672,9.520000457763672,59250200.0,452.25,458.760009765625,450.2799987792969,454.79998779296875,436.7549743652344,2224600.0
2022-06-15,7.920000076293945,8.300000190734863,7.815000057220459,8.119999885559082,8.119999885559082,38235300.0,16.094999313354492,16.868000030517578,15.925999641418457,16.527000427246094,16.505859375,563936000.0,167.1999969482422,172.16000366210938,163.97999572753906,169.35000610351562,168.70556640625,30008300.0,122.1500015258789,127.83999633789062,121.83999633789062,126.16000366210938,126.16000366210938,2361100.0,87.9000015258789,90.86000061035156,86.19000244140625,89.30000305175781,89.30000305175781,95774800,134.2899932861328,137.33999633789062,132.16000366210938,135.42999267578125,133.4663543701172,91533000.0,9.640000343322754,10.020000457763672,9.510000228881836,9.84000015258789,9.84000015258789,67274100.0,458.5,464.3599853515625,451.3900146484375,458.7900085449219,440.58660888671875,2250200.0
2022-06-16,7.840000152587891,7.985000133514404,7.579999923706055,7.670000076293945,7.670000076293945,36793500.0,15.859999656677246,15.942000389099121,15.401000022888184,15.60099983215332,15.58104419708252,545749000.0,163.72000122070312,165.0800018310547,159.61000061035156,160.8699951171875,160.25782775878906,26944100.0,123.91999816894531,125.63999938964844,122.08999633789062,124.9000015258789,124.9000015258789,2072500.0,86.62999725341797,86.7300033569336,80.63999938964844,82.05000305175781,82.05000305175781,102433300,132.0800018310547,132.38999938964844,129.0399932861328,130.05999755859375,128.1742401123047,108123900.0,9.430000305175781,9.489999771118164,8.699999809265137,8.75,8.75,76859100.0,450.30999755859375,457.7699890136719,447.9700012207031,451.760009765625,433.83563232421875,2906600.0
2022-06-17,7.699999809265137,8.329999923706055,7.690000057220459,8.239999771118164,8.239999771118164,45518000.0,15.64799976348877,15.994999885559082,15.32800006866455,15.880000114440918,15.859687805175781,630334000.0,161.67999267578125,165.89999389648438,159.89999389648438,163.74000549316406,163.11691284179688,31374200.0,125.5,128.0,123.62000274658203,125.80999755859375,125.80999755859375,3398400.0,82.19000244140625,82.94000244140625,79.43000030517578,81.56999969482422,81.56999969482422,105212300,130.07000732421875,133.0800018310547,129.80999755859375,131.55999755859375,129.65248107910156,134520300.0,8.90999984741211,9.640000343322754,8.75,9.600000381469727,9.600000381469727,69584400.0,451.04998779296875,455.69000244140625,443.20001220703125,446.69000244140625,428.96673583984375,3623400.0
2022-06-21,8.59000015258789,9.050000190734863,8.5600004196167,8.710000038146973,8.710000038146973,48887600.0,16.475000381469727,17.007999420166016,16.406999588012695,16.56599998474121,16.54480743408203,483089000.0,165.92999267578125,167.75999450683594,155.97000122070312,157.0500030517578,156.45236206054688,50724900.0,125.29000091552734,129.0,124.87000274658203,128.77999877929688,128.77999877929688,2854900.0,84.16999816894531,85.80999755859375,82.5999984741211,83.79000091552734,83.79000091552734,87780600,133.4199981689453,137.05999755859375,133.32000732421875,135.8699951171875,133.89996337890625,81000500.0,9.6899995803833,9.789999961853027,9.430000305175781,9.569999694824219,9.569999694824219,49067200.0,450.54998779296875,464.82000732421875,449.1400146484375,463.1099853515625,444.7352294921875,2420600.0
2022-06-22,8.520000457763672,9.28499984741211,8.449999809265137,9.010000228881836,9.010000228881836,43430600.0,16.22599983215332,16.66200065612793,16.18000030517578,16.360000610351562,16.33907127380371,437135000.0,158.3800048828125,160.7899932861328,155.44000244140625,155.85000610351562,155.25692749023438,47267800.0,127.94999694824219,130.4499969482422,127.58999633789062,128.60000610351562,128.60000610351562,1524400.0,84.4000015258789,86.37999725341797,83.30000305175781,83.75,83.75,86634700,134.7899932861328,137.75999450683594,133.91000366210938,135.35000610351562,133.3875274658203,73409200.0,9.359999656677246,9.829999923706055,9.279999732971191,9.619999885559082,9.619999885559082,38634600.0,459.3900146484375,464.7200012207031,458.5,459.9599914550781,441.710205078125,1827500.0
2022-06-23,9.020000457763672,9.5,8.84000015258789,9.460000038146973,9.460000038146973,44618000.0,16.518999099731445,16.584999084472656,15.852999687194824,16.225000381469727,16.204246520996094,463680000.0,156.27000427246094,159.75,154.25,158.75,158.14588928222656,40499200.0,130.0500030517578,131.58999633789062,128.32000732421875,130.0500030517578,130.0500030517578,1656400.0,84.31999969482422,84.41000366210938,80.2300033569336,82.43000030517578,82.43000030517578,100614600,136.82000732421875,138.58999633789062,135.6300048828125,138.27000427246094,136.2651824951172,72433800.0,9.619999885559082,9.739999771118164,9.220000267028809,9.649999618530273,9.649999618530273,48309600.0,466.3699951171875,476.2799987792969,465.7099914550781,475.0,456.1534729003906,2030100.0
2022-06-24,9.529999732971191,10.199999809265137,9.479999542236328,10.1899995803833,10.1899995803833,67826000.0,16.5,17.139999389648438,16.309999465942383,17.125999450683594,17.104089736938477,472153000.0,161.72999572753906,170.25,161.3000030517578,170.16000366210938,169.51246643066406,68736000.0,130.66000366210938,134.1699981689453,130.60000610351562,133.6199951171875,133.6199951171875,4585800.0,83.55999755859375,87.52999877929688,83.08000183105469,87.08000183105469,87.08000183105469,88553900,139.89999389648438,141.91000366210938,139.77000427246094,141.66000366210938,139.60601806640625,89116800.0,9.720000267028809,10.880000114440918,9.479999542236328,10.850000381469727,10.850000381469727,85277300.0,480.0,484.8299865722656,476.67999267578125,484.3699951171875,465.1517333984375,2862600.0
2022-06-27,10.149999618530273,10.15999984741211,9.510000228881836,9.619999885559082,9.619999885559082,44768000.0,17.312000274658203,17.329999923706055,16.625999450683594,16.868999481201172,16.84741973876953,427968000.0,171.32000732421875,171.75,168.00999450683594,169.49000549316406,168.8450164794922,29174600.0,132.5,133.60000610351562,127.93000030517578,129.2100067138672,129.2100067138672,2490000.0,87.36000061035156,88.22000122070312,85.25,86.16000366210938,86.16000366210938,74663500,142.6999969482422,143.49000549316406,140.97000122070312,141.66000366210938,139.60601806640625,70207900.0,10.729999542236328,10.8100004196167,10.180000305175781,10.550000190734863,10.550000190734863,52876800.0,485.80999755859375,487.239990234375,477.3500061035156,481.75,462.63568115234375,2034700.0
2022-06-28,9.569999694824219,9.880000114440918,9.1899995803833,9.3100004196167,9.3100004196167,45589000.0,16.899999618530273,17.20199966430664,15.944999694824219,15.982000350952148,15.961555480957031,461149000.0,169.89999389648438,171.3000030517578,160.61000061035156,160.67999267578125,160.0685577392578,27744500.0,129.99000549316406,131.3800048828125,126.05000305175781,126.18000030517578,126.18000030517578,1705700.0,85.70999908447266,86.7300033569336,80.43000030517578,80.77999877929688,80.77999877929688,95618600,142.1300048828125,143.4199981689453,137.32000732421875,137.44000244140625,135.44723510742188,67083400.0,10.489999771118164,11.050000190734863,10.3100004196167,10.329999923706055,10.329999923706055,46295200.0,483.5,487.239990234375,467.8900146484375,468.6099853515625,450.0169372558594,1754600.0
2022-06-29,9.350000381469727,9.420000076293945,9.069999694824219,9.229999542236328,9.229999542236328,40408700.0,15.814000129699707,15.819999694824219,15.170000076293945,15.541999816894531,15.52211856842041,482352000.0,163.57000732421875,166.3300018310547,160.32000732421875,163.94000244140625,163.31614685058594,28595200.0,125.55000305175781,125.98999786376953,123.27999877929688,125.52999877929688,125.52999877929688,1697300.0,79.55000305175781,79.75,76.51000213623047,77.98999786376953,77.98999786376953,104140900,137.4600067138672,140.6699981689453,136.6699981689453,139.22999572753906,137.21124267578125,66242400.0,9.489999771118164,9.600000381469727,8.65999984741211,8.869999885559082,8.869999885559082,109730900.0,470.95001220703125,472.9700012207031,466.4200134277344,469.8399963378906,451.1982116699219,1275600.0
2022-06-30,9.020000457763672,9.1899995803833,8.720000267028809,9.069999694824219,9.069999694824219,33636400.0,15.361000061035156,15.567000389099121,14.862000465393066,15.159000396728516,15.139609336853027,686070000.0,162.14999389648438,165.22999572753906,158.49000549316406,161.25,160.63638305664062,35250600.0,124.19999694824219,124.66999816894531,121.05000305175781,122.52999877929688,122.52999877929688,1679900.0,77.7300033569336,78.91000366210938,75.4800033569336,76.47000122070312,76.47000122070312,105368600,137.25,138.3699951171875,133.77000427246094,136.72000122070312,134.73764038085938,98964500.0,8.65999984741211,8.8100004196167,8.100000381469727,8.649999618530273,8.649999618530273,74706500.0,468.29998779296875,482.0899963378906,464.7200012207031,479.2799987792969,460.263671875,3852400.0
2022-07-01,9.109999656677246,9.430000305175781,9.031000137329102,9.270000457763672,9.270000457763672,33504400.0,14.89900016784668,15.062999725341797,14.392000198364258,14.52299976348877,14.504422187805176,577610000.0,160.30999755859375,160.6199951171875,155.0,160.02999877929688,159.4210205078125,31423900.0,122.77999877929688,125.04000091552734,121.7300033569336,124.86000061035156,124.86000061035156,1003500.0,75.19000244140625,75.44999694824219,72.69000244140625,73.66999816894531,73.66999816894531,87734200,136.0399932861328,139.0399932861328,135.66000366210938,138.92999267578125,136.91561889648438,71051600.0,8.609999656677246,8.970000267028809,8.529999732971191,8.819999694824219,8.819999694824219,51985500.0,481.17999267578125,491.25,478.0,485.760009765625,466.48651123046875,2660400.0
2022-07-05,9.140000343322754,10.100000381469727,9.0,10.069999694824219,10.069999694824219,55854800.0,14.175000190734863,14.970999717712402,14.055000305175781,14.96399974822998,14.944856643676758,651397000.0,158.13999938964844,168.25,157.02000427246094,168.19000244140625,167.54995727539062,28618600.0,123.37000274658203,127.94000244140625,121.95999908447266,127.04000091552734,127.04000091552734,1783500.0,71.9800033569336,75.20999908447266,71.5999984741211,75.19999694824219,75.19999694824219,95589000,137.77000427246094,141.61000061035156,136.92999267578125,141.55999755859375,139.50746154785156,73353800.0,8.539999961853027,9.40999984741211,8.149999618530273,9.380000114440918,9.380000114440918,69309900.0,485.55999755859375,490.8999938964844,478.4599914550781,488.260009765625,468.8874206542969,2489400.0
2022-07-06,10.010000228881836,10.3100004196167,9.739999771118164,9.800000190734863,9.800000190734863,54604300.0,15.010000228881836,15.319000244140625,14.788999557495117,15.130000114440918,15.11064624786377,529066000.0,168.1999969482422,171.58999633789062,165.4600067138672,169.77000427246094,169.1239776611328,23085900.0,127.2699966430664,127.72000122070312,124.9000015258789,125.62000274658203,125.62000274658203,966900.0,75.16999816894531,76.27999877929688,73.55000305175781,75.3499984741211,75.3499984741211,85458900,141.35000610351562,144.1199951171875,141.0800018310547,142.9199981689453,140.84774780273438,74064300.0,9.25,9.529999732971191,8.699999809265137,8.739999771118164,8.739999771118164,52642200.0,488.260009765625,497.0199890136719,487.7799987792969,492.6499938964844,473.10321044921875,2262300.0
2022-07-07,9.760000228881836,10.279999732971191,9.75,10.180000305175781,10.180000305175781,35672500.0,15.456000328063965,15.944999694824219,15.388999938964844,15.857999801635742,15.837715148925781,492903000.0,169.4499969482422,172.72000122070312,167.77999877929688,172.19000244140625,171.53475952148438,24083400.0,125.23999786376953,127.52999877929688,124.19999694824219,126.81999969482422,126.81999969482422,1463400.0,77.19000244140625,79.98999786376953,76.9000015258789,79.30000305175781,79.30000305175781,83640900,143.2899932861328,146.5500030517578,143.27999877929688,146.35000610351562,144.22799682617188,66253700.0,8.949999809265137,9.449999809265137,8.930000305175781,9.329999923706055,9.329999923706055,46116100.0,492.05999755859375,495.5299987792969,489.2200012207031,494.95001220703125,475.3119812011719,2125200.0
2022-07-08,9.920000076293945,10.380000114440918,9.829999923706055,10.170000076293945,10.170000076293945,36737100.0,15.430000305175781,16.03700065612793,15.388999938964844,15.838000297546387,15.817740440368652,467972000.0,169.97999572753906,172.39999389648438,168.14999389648438,170.8800048828125,170.229736328125,19249200.0,126.19999694824219,126.70999908447266,123.19999694824219,124.93000030517578,124.93000030517578,2048600.0,78.30999755859375,80.47000122070312,77.4000015258789,79.3499984741211,79.3499984741211,83405900,145.25999450683594,147.5500030517578,145.0,147.0399932861328,144.9080047607422,64547800.0,9.210000038146973,9.430000305175781,8.9399995803833,9.010000228881836,9.010000228881836,45688300.0,497.32000732421875,505.5199890136719,497.0,501.5400085449219,481.64044189453125,2607800.0
2022-07-11,9.979999542236328,9.994000434875488,9.529999732971191,9.5600004196167,9.5600004196167,34015100.0,15.526000022888184,15.527000427246094,15.038000106811523,15.152000427246094,15.132617950439453,437321000.0,167.07000732421875,167.49000549316406,161.91000366210938,162.8800048828125,162.26019287109375,21885600.0,124.68000030517578,125.0,122.11000061035156,122.69999694824219,122.69999694824219,1254200.0,77.8499984741211,78.29000091552734,75.83999633789062,76.94999694824219,76.94999694824219,76150300,145.6699981689453,146.63999938964844,143.77999877929688,144.8699951171875,142.7694549560547,63141600.0,8.960000038146973,8.970000267028809,8.460000038146973,8.489999771118164,8.489999771118164,40155700.0,501.1199951171875,505.54998779296875,494.8399963378906,498.8999938964844,479.10528564453125,1891100.0
2022-07-12,9.65999984741211,9.960000038146973,9.270000457763672,9.489999771118164,9.489999771118164,42765800.0,15.267999649047852,15.430999755859375,14.876999855041504,15.081999778747559,15.06270694732666,458483000.0,164.8000030517578,165.91000366210938,162.10000610351562,163.27000427246094,162.648681640625,16639700.0,122.56999969482422,124.04000091552734,120.98999786376953,121.98999786376953,121.98999786376953,1279000.0,76.9800033569336,77.44000244140625,74.43000030517578,76.36000061035156,76.36000061035156,77873200,145.75999450683594,148.4499969482422,145.0500030517578,145.86000061035156,143.7451171875,77588800.0,8.479999542236328,9.270000457763672,8.430000305175781,9.130000114440918,9.130000114440918,65626100.0,497.010009765625,501.8999938964844,488.0400085449219,490.57000732421875,471.105712890625,1775300.0
2022-07-13,9.220000267028809,9.550000190734863,9.050000190734863,9.279999732971191,9.279999732971191,32461300.0,14.59000015258789,15.375,14.46500015258789,15.163999557495117,15.14460277557373,521918000.0,160.16000366210938,164.97999572753906,159.61000061035156,163.49000549316406,162.8678436279297,16555100.0,119.93000030517578,122.0,118.55999755859375,121.13999938964844,121.13999938964844,1550400.0,74.94000244140625,79.11000061035156,74.4800033569336,77.5199966430664,77.5199966430664,79355000,142.99000549316406,146.4499969482422,142.1199951171875,145.49000549316406,143.38050842285156,71185600.0,8.729999542236328,9.130000114440918,8.649999618530273,9.0,9.0,41433700.0,484.32000732421875,497.32000732421875,483.82000732421875,492.2200012207031,472.6902160644531,2008400.0
2022-07-14,9.229999542236328,9.279999732971191,8.850000381469727,8.899999618530273,8.899999618530273,26702100.0,15.107999801635742,15.472999572753906,14.727999687194824,15.371999740600586,15.352336883544922,456235000.0,161.22000122070312,162.58999633789062,157.27999877929688,158.0500030517578,157.4485626220703,23765200.0,120.31999969482422,122.79000091552734,118.76000213623047,122.73999786376953,122.73999786376953,2260900.0,78.2300033569336,79.25,76.0,78.5999984741211,78.5999984741211,83493600,144.0800018310547,148.9499969482422,143.25,148.47000122070312,146.31729125976562,78140700.0,8.819999694824219,9.0,8.649999618530273,8.710000038146973,8.710000038146973,40652900.0,496.0899963378906,513.27001953125,493.6199951171875,511.94000244140625,491.6278076171875,3715600.0
2022-07-15,9.010000228881836,9.119999885559082,8.649999618530273,9.039999961853027,9.039999961853027,34918100.0,15.659000396728516,15.781999588012695,15.444999694824219,15.76200008392334,15.741836547851562,385935000.0,160.5399932861328,164.97999572753906,159.82000732421875,164.6999969482422,164.0732421875,23342800.0,123.43000030517578,125.0,123.19000244140625,123.8499984741211,123.8499984741211,1089100.0,79.36000061035156,81.19999694824219,77.9000015258789,81.11000061035156,81.11000061035156,76050600,149.77999877929688,150.86000061035156,148.1999969482422,150.1699981689453,147.99264526367188,76259900.0,8.880000114440918,9.1899995803833,8.710000038146973,9.180000305175781,9.180000305175781,44346700.0,516.9199829101562,524.7999877929688,515.780029296875,522.9500122070312,502.2010192871094,4265100.0
2022-07-18,9.25,9.449999809265137,9.005000114440918,9.029999732971191,9.029999732971191,32428400.0,16.302000045776367,16.89699935913086,16.00200080871582,16.10099983215332,16.080402374267578,670517000.0,166.75,171.69000244140625,165.63999938964844,167.22999572753906,166.5936279296875,23574300.0,124.79000091552734,126.54000091552734,122.87000274658203,123.6500015258789,123.6500015258789,2781700.0,82.20999908447266,84.47000122070312,80.94000244140625,81.43000030517578,81.43000030517578,90464300,150.74000549316406,151.57000732421875,146.6999969482422,147.07000732421875,144.93760681152344,81420900.0,9.430000305175781,10.119999885559082,9.430000305175781,9.649999618530273,9.649999618530273,66343700.0,521.8599853515625,528.530029296875,515.6699829101562,516.2999877929688,495.8147888183594,2464100.0
2022-07-19,9.149999618530273,9.369999885559082,8.890000343322754,9.34000015258789,9.34000015258789,29033800.0,16.486000061035156,17.110000610351562,16.172000885009766,16.992000579833984,16.970266342163086,702366000.0,170.3699951171875,176.49000549316406,169.50999450683594,175.77999877929688,175.111083984375,25933700.0,125.0199966430664,128.2899932861328,124.06999969482422,126.97000122070312,126.97000122070312,1483500.0,82.76000213623047,86.41000366210938,82.19000244140625,85.87999725341797,85.87999725341797,85047500,147.9199981689453,151.22999572753906,146.91000366210938,151.0,148.81060791015625,82982400.0,10.020000457763672,10.40999984741211,9.989999771118164,10.359999656677246,10.359999656677246,60355900.0,522.4099731445312,525.5800170898438,516.969970703125,520.22998046875,499.5888671875,2391000.0
2022-07-20,9.4399995803833,10.199999809265137,9.4399995803833,10.109999656677246,10.109999656677246,40845200.0,16.94700050354004,17.933000564575195,16.801000595092773,17.80699920654297,17.784223556518555,760538000.0,177.49000549316406,183.60000610351562,176.6999969482422,183.08999633789062,182.39324951171875,24784300.0,127.37999725341797,130.55999755859375,127.08999633789062,130.00999450683594,130.00999450683594,1409500.0,85.38999938964844,89.91999816894531,85.08000183105469,89.43000030517578,89.43000030517578,88348600,151.1199951171875,153.72000122070312,150.3699951171875,153.0399932861328,150.8209991455078,64823400.0,10.34000015258789,11.100000381469727,10.279999732971191,11.09000015258789,11.09000015258789,69920800.0,521.260009765625,526.1599731445312,516.8099975585938,524.2000122070312,503.4013977050781,1740700.0
2022-07-21,10.369999885559082,10.760000228881836,10.220000267028809,10.489999771118164,10.489999771118164,51691200.0,17.885000228881836,18.143999099731445,17.545000076293945,18.049999237060547,18.02690887451172,557049000.0,180.6300048828125,183.85000610351562,178.8699951171875,183.1699981689453,182.47296142578125,27195800.0,129.47999572753906,132.35000610351562,129.3699951171875,132.27000427246094,132.27000427246094,1303600.0,89.5999984741211,91.58000183105469,88.22000122070312,91.08999633789062,91.08999633789062,90449300,154.5,155.57000732421875,151.94000244140625,155.35000610351562,153.0975341796875,65086600.0,9.670000076293945,9.899999618530273,9.420000076293945,9.850000381469727,9.850000381469727,144225000.0,524.0399780273438,529.739990234375,521.5999755859375,529.4600219726562,508.45269775390625,1716100.0
2022-07-22,10.350000381469727,10.569999694824219,9.729999542236328,9.84000015258789,9.84000015258789,38915500.0,17.89299964904785,17.966999053955078,17.136999130249023,17.319000244140625,17.296846389770508,536671000.0,173.07000732421875,175.60000610351562,168.41000366210938,169.27000427246094,168.62586975097656,42583900.0,131.55999755859375,133.7899932861328,129.97000122070312,130.41000366210938,130.41000366210938,1104200.0,90.19999694824219,90.69000244140625,87.04000091552734,88.0999984741211,88.0999984741211,76989700,155.38999938964844,156.27999877929688,153.41000366210938,154.08999633789062,151.85580444335938,66675400.0,9.899999618530273,9.989999771118164,9.149999618530273,9.260000228881836,9.260000228881836,100507900.0,530.7100219726562,537.1099853515625,526.0700073242188,529.719970703125,508.7022399902344,1800800.0
2022-07-25,9.829999923706055,9.850000381469727,9.520000457763672,9.680000305175781,9.680000305175781,21485000.0,17.018999099731445,17.124000549316406,16.64900016784668,17.02400016784668,17.00222396850586,480748000.0,169.0,170.57000732421875,164.80999755859375,166.64999389648438,166.01580810546875,26166300.0,129.89999389648438,131.25999450683594,129.42999267578125,130.77000427246094,130.77000427246094,1170600.0,86.56999969482422,87.5999984741211,85.12000274658203,87.54000091552734,87.54000091552734,70083000,154.00999450683594,155.0399932861328,152.27999877929688,152.9499969482422,150.73231506347656,53623900.0,9.260000228881836,9.289999961853027,8.84000015258789,9.180000305175781,9.180000305175781,54848200.0,531.4199829101562,532.2899780273438,526.0,529.1400146484375,508.1454162597656,1452700.0
2022-07-26,9.65999984741211,9.65999984741211,9.380000114440918,9.399999618530273,9.399999618530273,21997800.0,16.888999938964844,16.91900062561035,16.47800064086914,16.533000946044922,16.51185417175293,397865000.0,165.94000244140625,166.0,157.9499969482422,159.14999389648438,158.54437255859375,28468400.0,130.97000122070312,131.88999938964844,130.1999969482422,131.10000610351562,131.10000610351562,1564100.0,87.0,87.75,84.70999908447266,85.25,85.25,69180400,152.25999450683594,153.08999633789062,150.8000030517578,151.60000610351562,149.40191650390625,55138700.0,9.069999694824219,9.100000381469727,8.460000038146973,8.5,8.5,68820200.0,515.0,519.6799926757812,508.760009765625,511.92999267578125,491.6181945800781,3334800.0
2022-07-27,9.670000076293945,10.029999732971191,9.5,10.020000457763672,10.020000457763672,29810900.0,17.031999588012695,17.93600082397461,16.913000106811523,17.790000915527344,17.76724624633789,569776000.0,162.58999633789062,170.8699951171875,162.02000427246094,169.5800018310547,168.93467712402344,43846600.0,130.50999450683594,132.22999572753906,129.55999755859375,130.5800018310547,130.5800018310547,2203100.0,86.94000244140625,90.62000274658203,86.29000091552734,89.81999969482422,89.81999969482422,78301600,152.5800018310547,157.3300018310547,152.16000366210938,156.7899932861328,154.5166473388672,78620700.0,8.789999961853027,8.890000343322754,8.470000267028809,8.850000381469727,8.850000381469727,66105600.0,513.0999755859375,525.3200073242188,511.1700134277344,522.3099975585938,501.5863952636719,2060100.0
2022-07-28,10.029999732971191,10.199999809265137,9.739999771118164,10.130000114440918,10.130000114440918,27172900.0,17.975000381469727,18.139999389648438,17.440000534057617,17.983999252319336,17.960994720458984,474646000.0,161.05999755859375,161.50999450683594,154.85000610351562,160.72000122070312,160.1083984375,73214300.0,130.5800018310547,132.0500030517578,129.67999267578125,130.35000610351562,130.35000610351562,2605900.0,90.41999816894531,92.22000122070312,88.58999633789062,91.66999816894531,91.66999816894531,79009200,156.97999572753906,157.63999938964844,154.41000366210938,157.35000610351562,155.06854248046875,81378700.0,8.970000267028809,9.380000114440918,8.569999694824219,9.100000381469727,9.100000381469727,58406700.0,520.280029296875,539.1799926757812,520.280029296875,536.1799926757812,515.7948608398438,2083300.0
2022-07-29,10.010000228881836,10.350000381469727,9.920000076293945,10.350000381469727,10.350000381469727,31106600.0,17.812999725341797,18.243999481201172,17.691999435424805,18.163000106811523,18.1397705078125,435460000.0,157.69000244140625,160.13999938964844,155.1699981689453,159.10000610351562,158.4945526123047,42065400.0,129.5,132.8800048828125,129.4199981689453,132.72999572753906,132.72999572753906,1885600.0,90.69999694824219,94.80999755859375,90.55999755859375,94.47000122070312,94.47000122070312,76630700,161.24000549316406,163.6300048828125,159.5,162.50999450683594,160.1536865234375,101786900.0,9.010000228881836,9.180000305175781,8.770000457763672,9.0600004196167,9.0600004196167,40901800.0,532.0,542.1199951171875,531.9000244140625,541.2999877929688,520.72021484375,2131500.0
2022-08-01,10.25,10.699999809265137,10.121999740600586,10.470000267028809,10.470000267028809,31694700.0,18.18199920654297,18.84600067138672,17.989999771118164,18.44099998474121,18.41741180419922,476469000.0,157.25,165.19000244140625,155.22999572753906,159.92999267578125,159.32139587402344,40596700.0,132.2899932861328,132.4199981689453,126.69000244140625,127.55999755859375,127.55999755859375,1729200.0,95.58999633789062,98.38999938964844,93.95999908447266,96.77999877929688,96.77999877929688,96477500,161.00999450683594,163.58999633789062,160.88999938964844,161.50999450683594,159.168212890625,67829400.0,8.899999618530273,8.979999542236328,8.569999694824219,8.920000076293945,8.920000076293945,54740900.0,541.4199829101562,552.7100219726562,541.25,546.8099975585938,526.0206909179688,2256000.0
2022-08-02,10.319999694824219,11.229999542236328,10.260000228881836,10.920000076293945,10.920000076293945,40958800.0,18.121999740600586,18.937999725341797,18.091999053955078,18.525999069213867,18.502300262451172,489527000.0,158.30999755859375,162.24000549316406,158.00999450683594,160.19000244140625,159.58041381835938,27374500.0,126.44000244140625,129.0399932861328,126.1500015258789,126.66000366210938,126.66000366210938,1488200.0,95.70999908447266,100.91999816894531,95.36000061035156,99.29000091552734,99.29000091552734,116734100,160.10000610351562,162.41000366210938,159.6300048828125,160.00999450683594,157.68995666503906,59907000.0,8.770000457763672,9.640000343322754,8.670000076293945,9.350000381469727,9.350000381469727,56616000.0,544.030029296875,551.0399780273438,540.77001953125,543.4600219726562,522.7981567382812,1984200.0
2022-08-03,11.079999923706055,11.34000015258789,11.039999961853027,11.199999809265137,11.199999809265137,35796500.0,18.18400001525879,18.968000411987305,18.136999130249023,18.89299964904785,18.868831634521484,418146000.0,162.69000244140625,169.5399932861328,161.57000732421875,168.8000030517578,168.15765380859375,31721900.0,127.4800033569336,129.8800048828125,126.69999694824219,129.80999755859375,129.80999755859375,1671600.0,94.83000183105469,98.7699966430664,93.62000274658203,98.08999633789062,98.08999633789062,131142000,160.83999633789062,166.58999633789062,160.75,166.1300048828125,163.7212677001953,82507500.0,9.5,9.8100004196167,9.470000267028809,9.789999961853027,9.789999961853027,45506500.0,545.0,548.7000122070312,542.1199951171875,547.010009765625,526.213134765625,1693300.0
2022-08-04,11.1899995803833,11.40999984741211,11.029999732971191,11.319999694824219,11.319999694824219,32093400.0,18.849000930786133,19.27400016784668,18.760000228881836,19.21500015258789,19.190418243408203,409652000.0,168.3000030517578,172.14999389648438,166.8000030517578,170.57000732421875,169.92092895507812,23938200.0,130.32000732421875,130.3300018310547,126.43000030517578,127.38999938964844,127.38999938964844,2827700.0,97.5,104.58999633789062,97.26000213623047,103.91000366210938,103.91000366210938,125855800,166.00999450683594,167.19000244140625,164.42999267578125,165.80999755859375,163.40585327148438,55474100.0,9.770000457763672,9.9399995803833,9.600000381469727,9.75,9.75,40094000.0,547.0,547.2000122070312,540.6699829101562,543.280029296875,522.6248779296875,2000500.0
2022-08-05,11.010000228881836,11.619999885559082,10.850000381469727,11.449999809265137,11.449999809265137,50264800.0,18.809999465942383,19.229000091552734,18.666000366210938,18.98900032043457,18.964710235595703,386068000.0,166.99000549316406,171.61000061035156,165.8000030517578,167.11000061035156,166.4740753173828,25832700.0,125.38999938964844,127.4000015258789,125.27999877929688,127.16000366210938,127.16000366210938,2121100.0,101.05000305175781,103.86000061035156,100.9800033569336,102.30999755859375,102.30999755859375,93859900,163.2100067138672,165.85000610351562,163.0,165.35000610351562,163.1788787841797,56697000.0,9.529999732971191,10.050000190734863,9.479999542236328,9.819999694824219,9.819999694824219,42444200.0,537.239990234375,541.5999755859375,533.3499755859375,540.6699829101562,520.1141357421875,1711500.0
2022-08-08,9.770000457763672,10.399999618530273,9.710000038146973,9.819999694824219,9.819999694824219,125272600.0,17.50200080871582,18.23900032043457,17.242000579833984,17.792999267578125,17.770240783691406,981859000.0,168.0,177.50999450683594,167.1300048828125,170.25,169.60214233398438,27299100.0,125.87000274658203,130.0,125.08999633789062,125.51000213623047,125.51000213623047,4477600.0,100.05999755859375,101.80000305175781,97.98999786376953,100.06999969482422,100.06999969482422,92606800,166.3699951171875,167.80999755859375,164.1999969482422,164.8699951171875,162.7051544189453,60276900.0,10.039999961853027,10.489999771118164,9.779999732971191,10.010000228881836,10.010000228881836,67345200.0,543.8400268554688,547.5,538.6699829101562,541.9000244140625,521.29736328125,1344100.0
2022-08-09,9.539999961853027,9.569999694824219,9.010000228881836,9.25,9.25,58788900.0,17.25200080871582,17.44700050354004,16.724000930786133,17.086000442504883,17.064144134521484,668263000.0,168.9499969482422,169.52999877929688,166.60000610351562,168.52999877929688,167.888671875,18655100.0,121.1500015258789,124.5,118.02999877929688,120.76000213623047,120.76000213623047,5966100.0,97.94999694824219,98.05000305175781,93.66999816894531,95.54000091552734,95.54000091552734,89473700,164.02000427246094,165.82000732421875,163.25,164.9199981689453,162.75453186035156,63135500.0,9.710000038146973,9.760000228881836,9.260000228881836,9.470000267028809,9.470000267028809,51552800.0,543.6400146484375,545.0,533.8900146484375,535.8200073242188,515.4485473632812,1877300.0
2022-08-10,9.510000228881836,9.65999984741211,9.319999694824219,9.59000015258789,9.59000015258789,46054900.0,17.697999954223633,18.118000030517578,17.316999435424805,18.097000122070312,18.073850631713867,597422000.0,175.99000549316406,180.47999572753906,173.9499969482422,178.33999633789062,177.66134643554688,30262100.0,122.08000183105469,124.91000366210938,122.04000091552734,123.79000091552734,123.79000091552734,3167000.0,98.44999694824219,99.3499984741211,95.61000061035156,99.05000305175781,99.05000305175781,83416100,167.67999267578125,169.33999633789062,166.89999389648438,169.24000549316406,167.017822265625,70170500.0,9.890000343322754,10.609999656677246,9.819999694824219,10.34000015258789,10.34000015258789,71504000.0,544.47998046875,549.9099731445312,537.2899780273438,539.8200073242188,519.2964477539062,2336600.0
2022-08-11,9.760000228881836,10.050000190734863,9.399999618530273,9.420000076293945,9.420000076293945,44790900.0,18.131000518798828,18.707000732421875,17.875999450683594,17.941999435424805,17.919048309326172,509327000.0,179.7100067138672,183.10000610351562,176.3699951171875,177.49000549316406,176.81459045410156,24079100.0,125.23999786376953,125.38999938964844,120.33999633789062,120.66999816894531,120.66999816894531,2304300.0,99.93000030517578,102.37000274658203,98.0,98.12000274658203,98.12000274658203,77516900,170.05999755859375,170.99000549316406,168.19000244140625,168.49000549316406,166.2776641845703,57149200.0,10.84000015258789,10.949999809265137,10.4399995803833,10.539999961853027,10.539999961853027,50079000.0,543.239990234375,543.489990234375,531.8900146484375,532.2000122070312,511.9661560058594,2340200.0
2022-08-12,9.550000190734863,9.970000267028809,9.420000076293945,9.90999984741211,9.90999984741211,30638200.0,18.15999984741211,18.718000411987305,17.952999114990234,18.708999633789062,18.685068130493164,478094000.0,180.80999755859375,181.4600067138672,178.91000366210938,180.5,179.81312561035156,21274000.0,121.41999816894531,123.37000274658203,120.31999969482422,123.13999938964844,123.13999938964844,1842600.0,99.19999694824219,101.4000015258789,98.4800033569336,100.83000183105469,100.83000183105469,72316300,169.82000732421875,172.1699981689453,169.39999389648438,172.10000610351562,169.84027099609375,68039400.0,10.710000038146973,10.789999961853027,10.449999809265137,10.720000267028809,10.720000267028809,39632900.0,536.1799926757812,538.4000244140625,533.72998046875,537.2100219726562,516.7857055664062,1918200.0
2022-08-15,9.819999694824219,10.100000381469727,9.760000228881836,9.90999984741211,9.90999984741211,33263400.0,18.701000213623047,19.163999557495117,18.613000869750977,19.031999588012695,19.00765609741211,457666000.0,178.9600067138672,181.44000244140625,178.1999969482422,180.88999938964844,180.20164489746094,15878700.0,123.27999877929688,129.0399932861328,123.27999877929688,127.38999938964844,127.38999938964844,2157400.0,100.51000213623047,101.8499984741211,99.80000305175781,101.01000213623047,101.01000213623047,61327100,171.52000427246094,173.38999938964844,171.35000610351562,173.19000244140625,170.91595458984375,54091700.0,10.5600004196167,10.789999961853027,10.420000076293945,10.710000038146973,10.710000038146973,34057500.0,536.4000244140625,547.0,535.6799926757812,545.75,525.0010375976562,1848000.0
2022-08-16,9.850000381469727,9.880000114440918,9.359999656677246,9.739999771118164,9.739999771118164,40603900.0,18.920000076293945,19.142000198364258,18.500999450683594,18.878999710083008,18.85485076904297,451240000.0,179.44000244140625,180.99000549316406,177.0399932861328,179.47000122070312,178.7870330810547,21156700.0,126.0199966430664,137.42999267578125,126.0199966430664,136.58999633789062,136.58999633789062,3772600.0,100.83999633789062,101.44999694824219,98.31999969482422,100.19999694824219,100.19999694824219,60220700,172.77999877929688,173.7100067138672,171.66000366210938,173.02999877929688,170.75804138183594,56377100.0,10.630000114440918,11.380000114440918,10.40999984741211,11.1899995803833,11.1899995803833,59639300.0,551.0999755859375,559.969970703125,548.969970703125,553.02001953125,531.9945068359375,2498000.0
2022-08-17,9.5600004196167,9.619000434875488,9.329999923706055,9.430000305175781,9.430000305175781,33933600.0,18.523000717163086,18.687999725341797,18.145000457763672,18.334999084472656,18.311546325683594,446799000.0,176.75999450683594,178.13999938964844,174.1699981689453,174.85000610351562,174.18463134765625,20118100.0,134.30999755859375,135.8300018310547,131.66000366210938,133.0,133.0,2758200.0,99.26000213623047,99.63999938964844,96.7300033569336,98.2699966430664,98.2699966430664,63735600,172.77000427246094,176.14999389648438,172.57000732421875,174.5500030517578,172.25808715820312,79542000.0,10.970000267028809,10.970000267028809,10.399999618530273,10.5600004196167,10.5600004196167,53063700.0,550.0,559.4500122070312,549.010009765625,556.3200073242188,535.1691284179688,1835200.0
2022-08-18,9.420000076293945,9.470000267028809,9.119999885559082,9.149999618530273,9.149999618530273,26365600.0,18.301000595092773,18.864999771118164,18.183000564575195,18.773000717163086,18.748985290527344,415447000.0,174.33999633789062,175.75999450683594,171.86000061035156,174.66000366210938,173.99533081054688,18844500.0,132.41000366210938,132.8800048828125,130.2100067138672,130.47000122070312,130.47000122070312,2723700.0,97.73999786376953,101.06999969482422,96.7300033569336,100.44000244140625,100.44000244140625,76059500,173.75,174.89999389648438,173.1199951171875,174.14999389648438,171.86331176757812,62290100.0,10.5600004196167,10.569999694824219,10.199999809265137,10.449999809265137,10.449999809265137,47229500.0,559.0599975585938,564.75,556.4199829101562,560.9600219726562,539.6327514648438,1619200.0
2022-08-19,9.0,9.010000228881836,8.479999542236328,8.510000228881836,8.510000228881836,40560200.0,18.4060001373291,18.520000457763672,17.770000457763672,17.849000930786133,17.826171875,441588000.0,170.1999969482422,172.32000732421875,167.0500030517578,167.9600067138672,167.3208465576172,26240800.0,128.8300018310547,129.9499969482422,127.02999877929688,127.73999786376953,127.73999786376953,1363400.0,98.66999816894531,99.25,94.58999633789062,95.94999694824219,95.94999694824219,67221700,173.02999877929688,173.74000549316406,171.30999755859375,171.52000427246094,169.26788330078125,70346300.0,10.140000343322754,10.239999771118164,9.699999809265137,9.869999885559082,9.869999885559082,50379400.0,558.6500244140625,559.260009765625,553.1699829101562,554.530029296875,533.4472045898438,1617000.0
2022-08-22,8.319999694824219,8.399999618530273,8.0600004196167,8.069999694824219,8.069999694824219,37824900.0,17.489999771118164,17.558000564575195,16.965999603271484,17.034000396728516,17.012210845947266,409593000.0,165.49000549316406,165.49000549316406,162.25999450683594,163.0500030517578,162.42955017089844,19499700.0,126.72000122070312,127.58999633789062,124.56999969482422,125.31999969482422,125.31999969482422,1584200.0,94.4000015258789,95.0199966430664,92.36000061035156,92.83999633789062,92.83999633789062,61837300,169.69000244140625,169.86000061035156,167.13999938964844,167.57000732421875,165.36973571777344,69026800.0,9.539999961853027,9.630000114440918,9.350000381469727,9.390000343322754,9.390000343322754,35610400.0,553.0,553.0,544.2899780273438,545.469970703125,524.731689453125,1860900.0
2022-08-23,8.100000381469727,8.279999732971191,8.0,8.010000228881836,8.010000228881836,25658500.0,16.98900032043457,17.46500015258789,16.969999313354492,17.180999755859375,17.159025192260742,369986000.0,162.47999572753906,165.0500030517578,160.6999969482422,161.11000061035156,160.49691772460938,18111800.0,124.58000183105469,125.55000305175781,123.45999908447266,124.36000061035156,124.36000061035156,1172700.0,92.38999938964844,94.44000244140625,92.11000061035156,92.48999786376953,92.48999786376953,52927000,167.0800018310547,168.7100067138672,166.64999389648438,167.22999572753906,165.03419494628906,54147100.0,9.479999542236328,9.739999771118164,9.449999809265137,9.539999961853027,9.539999961853027,37301800.0,545.739990234375,546.010009765625,536.8800048828125,542.0700073242188,521.4608154296875,1359000.0
2022-08-24,8.039999961853027,8.359999656677246,7.980000019073486,8.100000381469727,8.100000381469727,26576400.0,17.011999130249023,17.4060001373291,16.895000457763672,17.222000122070312,17.199970245361328,522661000.0,160.60000610351562,165.4600067138672,159.77000427246094,163.25999450683594,162.63873291015625,20891500.0,124.61000061035156,125.4000015258789,123.16000366210938,123.30000305175781,123.30000305175781,1012800.0,92.20999908447266,93.37999725341797,90.9000015258789,92.7300033569336,92.7300033569336,56520400,167.32000732421875,168.11000061035156,166.25,167.52999877929688,165.3302459716797,53841500.0,9.510000228881836,10.949999809265137,9.489999771118164,10.050000190734863,10.050000190734863,37870300.0,542.75,545.219970703125,539.3599853515625,543.219970703125,522.567138671875,1145800.0
2022-08-25,8.220000267028809,8.430000305175781,8.050000190734863,8.420000076293945,8.420000076293945,25635600.0,16.8439998626709,17.94700050354004,16.83300018310547,17.913000106811523,17.89008331298828,770691000.0,165.17999267578125,168.8800048828125,164.02000427246094,168.77999877929688,168.13772583007812,15550500.0,123.5999984741211,125.4800033569336,123.08999633789062,125.4800033569336,125.4800033569336,1004800.0,93.13999938964844,97.56999969482422,93.13999938964844,97.18000030517578,97.18000030517578,61016200,168.77999877929688,170.13999938964844,168.35000610351562,170.02999877929688,167.79742431640625,51218200.0,10.239999771118164,10.6899995803833,10.210000038146973,10.539999961853027,10.539999961853027,47824200.0,545.739990234375,550.9099731445312,539.5499877929688,550.77001953125,529.8301391601562,1483300.0
2022-08-26,8.420000076293945,8.430000305175781,7.929999828338623,7.940000057220459,7.940000057220459,34150400.0,17.85700035095215,17.923999786376953,16.23699951171875,16.260000228881836,16.239200592041016,769127000.0,168.47999572753906,170.9199981689453,161.6699981689453,161.77999877929688,161.1643524169922,24023600.0,128.16000366210938,130.4499969482422,126.9800033569336,127.47000122070312,127.47000122070312,2724400.0,96.29000091552734,97.5999984741211,91.12000274658203,91.18000030517578,91.18000030517578,65552500,170.57000732421875,171.0500030517578,163.55999755859375,163.6199951171875,161.47161865234375,78961000.0,10.619999885559082,10.859999656677246,9.970000267028809,9.970000267028809,9.970000267028809,46325500.0,550.0,552.6699829101562,531.6699829101562,531.8200073242188,511.6006164550781,1886800.0
2022-08-29,7.820000171661377,7.998000144958496,7.760000228881836,7.809999942779541,7.809999942779541,28566200.0,16.020000457763672,16.33799934387207,15.767000198364258,15.800999641418457,15.780786514282227,496132000.0,160.66000366210938,163.0500030517578,159.00999450683594,159.1699981689453,158.56430053710938,20052700.0,124.54000091552734,126.05000305175781,121.30999755859375,122.9000015258789,122.9000015258789,1848600.0,90.05000305175781,91.19000244140625,88.26000213623047,88.48999786376953,88.48999786376953,61142500,161.14999389648438,162.89999389648438,159.82000732421875,161.3800048828125,159.26100158691406,73314000.0,9.760000228881836,10.039999961853027,9.640000343322754,9.829999923706055,9.829999923706055,31611600.0,527.030029296875,535.5,524.0,531.0599975585938,510.86944580078125,1579900.0
2022-08-30,7.929999828338623,7.974999904632568,7.679999828338623,7.789999961853027,7.789999961853027,27189200.0,15.960000038146973,16.038999557495117,15.182000160217285,15.468000411987305,15.448214530944824,530181000.0,160.35000610351562,161.66000366210938,155.91000366210938,157.16000366210938,156.5619659423828,19567900.0,124.13999938964844,124.51000213623047,121.94999694824219,123.04000091552734,123.04000091552734,1208600.0,90.05999755859375,90.1500015258789,85.33999633789062,86.94000244140625,86.94000244140625,69087100,162.1300048828125,162.55999755859375,157.72000122070312,158.91000366210938,156.82347106933594,77906200.0,10.069999694824219,10.329999923706055,9.569999694824219,9.770000457763672,9.770000457763672,41537700.0,534.280029296875,536.010009765625,521.510009765625,524.1400146484375,504.2125549316406,1872700.0
2022-08-31,7.949999809265137,8.0,7.699999809265137,7.71999979019165,7.71999979019165,28691500.0,15.383999824523926,15.539999961853027,14.958999633789062,15.093999862670898,15.074689865112305,573710000.0,167.07000732421875,167.83999633789062,162.13999938964844,162.92999267578125,162.3099822998047,40953000.0,124.41999816894531,125.68000030517578,122.23999786376953,122.55999755859375,122.55999755859375,1739100.0,86.27999877929688,86.72000122070312,83.72000122070312,84.87000274658203,84.87000274658203,64991700,160.30999755859375,160.5800018310547,157.13999938964844,157.22000122070312,155.15562438964844,87991100.0,9.90999984741211,9.960000038146973,9.449999809265137,9.460000038146973,9.460000038146973,43196800.0,525.5399780273438,526.3200073242188,520.260009765625,522.0999755859375,502.2501220703125,2179800.0
2022-09-01,7.610000133514404,7.619999885559082,7.21999979019165,7.489999771118164,7.489999771118164,39079700.0,14.208999633789062,14.380000114440918,13.270000457763672,13.937000274658203,13.919173240661621,1178865000.0,163.5800018310547,167.36000061035156,160.35000610351562,165.36000061035156,164.7307586669922,30145700.0,121.01000213623047,121.56999969482422,118.2300033569336,120.72000122070312,120.72000122070312,1363200.0,82.3499984741211,82.76000213623047,78.5199966430664,82.33000183105469,82.33000183105469,94854700,156.63999938964844,158.4199981689453,154.6699981689453,157.9600067138672,155.88595581054688,74229900.0,9.289999961853027,9.359999656677246,8.9399995803833,9.350000381469727,9.350000381469727,43701600.0,519.719970703125,529.5800170898438,517.030029296875,529.1699829101562,509.05133056640625,2280600.0
2022-09-02,7.670000076293945,7.670000076293945,7.349999904632568,7.400000095367432,7.400000095367432,25965000.0,14.100000381469727,14.170999526977539,13.590999603271484,13.647000312805176,13.629544258117676,743157000.0,167.4499969482422,167.92999267578125,159.22000122070312,160.32000732421875,159.70993041992188,22634200.0,121.7699966430664,121.7699966430664,118.4000015258789,118.62999725341797,118.62999725341797,1095400.0,83.31999969482422,83.6500015258789,79.80999755859375,80.23999786376953,80.23999786376953,84924400,159.75,160.36000061035156,154.97000122070312,155.80999755859375,153.76414489746094,76957800.0,9.59000015258789,9.710000038146973,9.270000457763672,9.369999885559082,9.369999885559082,39677800.0,532.7000122070312,534.8400268554688,516.0499877929688,519.1099853515625,499.3738098144531,1901700.0
2022-09-06,7.449999809265137,7.460000038146973,7.170000076293945,7.28000020980835,7.28000020980835,30429400.0,13.730999946594238,13.779000282287598,13.35099983215332,13.46500015258789,13.447774887084961,535751000.0,160.10000610351562,161.69000244140625,157.69000244140625,158.5399932861328,157.93667602539062,19339800.0,118.13999938964844,120.70999908447266,117.25,119.52999877929688,119.52999877929688,1541800.0,80.41000366210938,80.88999938964844,78.37000274658203,78.72000122070312,78.72000122070312,68727300,156.47000122070312,157.08999633789062,153.69000244140625,154.52999877929688,152.50096130371094,73714800.0,9.550000190734863,9.720000267028809,9.149999618530273,9.4399995803833,9.4399995803833,35375100.0,520.1599731445312,523.1500244140625,512.530029296875,518.9000244140625,499.1718444824219,1933400.0
2022-09-07,7.269999980926514,7.429999828338623,7.179999828338623,7.389999866485596,7.389999866485596,30330000.0,13.562999725341797,13.838000297546387,13.345999717712402,13.71399974822998,13.70052719116211,512657000.0,157.75999450683594,160.9600067138672,156.80999755859375,160.38999938964844,159.77964782714844,16831200.0,118.48999786376953,120.75,117.19999694824219,120.58000183105469,120.58000183105469,1073900.0,79.23999786376953,80.25,77.73999786376953,79.61000061035156,79.61000061035156,67891200,154.82000732421875,156.6699981689453,153.61000061035156,155.9600067138672,153.91220092773438,87449600.0,9.390000343322754,9.869999885559082,9.390000343322754,9.819999694824219,9.819999694824219,38557200.0,520.0,531.6599731445312,518.9000244140625,529.6400146484375,509.5035095214844,1827900.0
2022-09-08,7.329999923706055,7.53000020980835,7.269999980926514,7.53000020980835,7.53000020980835,26303600.0,13.458999633789062,14.008000373840332,13.369000434875488,13.989999771118164,13.9762544631958,624873000.0,158.7100067138672,162.22999572753906,157.74000549316406,162.05999755859375,161.44329833984375,22530800.0,119.81999969482422,120.62000274658203,117.7300033569336,120.58000183105469,120.58000183105469,1434200.0,80.02999877929688,83.44999694824219,79.23999786376953,82.77999877929688,82.77999877929688,89089300,154.63999938964844,156.36000061035156,152.67999267578125,154.4600067138672,152.431884765625,84923800.0,9.569999694824219,10.100000381469727,9.539999961853027,10.079999923706055,10.079999923706055,41765200.0,524.3300170898438,533.030029296875,521.5599975585938,529.1199951171875,509.0032653808594,1600800.0
2022-09-09,7.679999828338623,7.820000171661377,7.639999866485596,7.789999961853027,7.789999961853027,27822300.0,14.156999588012695,14.473999977111816,14.12600040435791,14.38700008392334,14.3728666305542,486612000.0,163.25,169.5399932861328,163.02000427246094,169.14999389648438,168.5063018798828,22086800.0,123.63999938964844,127.91999816894531,123.0,127.77999877929688,127.77999877929688,2058700.0,84.02999877929688,85.68000030517578,83.83999633789062,85.44999694824219,85.44999694824219,68907700,155.47000122070312,157.82000732421875,154.75,157.3699951171875,155.30364990234375,68028800.0,10.229999542236328,10.520000457763672,10.210000038146973,10.399999618530273,10.399999618530273,47276400.0,532.1199951171875,538.0599975585938,529.530029296875,536.5800170898438,516.1795654296875,1930900.0
2022-09-12,7.860000133514404,8.029999732971191,7.820000171661377,8.010000228881836,8.010000228881836,30544800.0,14.369000434875488,14.54699993133545,14.197999954223633,14.505000114440918,14.49074935913086,484159000.0,167.38999938964844,171.38999938964844,167.27999877929688,168.9600067138672,168.31703186035156,23220400.0,127.77999877929688,130.86000061035156,127.77999877929688,129.5399932861328,129.5399932861328,1706600.0,84.88999938964844,85.3499984741211,83.45999908447266,84.63999938964844,84.63999938964844,71922500,159.58999633789062,164.25999450683594,159.3000030517578,163.42999267578125,161.28407287597656,104956000.0,10.539999961853027,10.789999961853027,10.399999618530273,10.600000381469727,10.600000381469727,34324800.0,537.72998046875,542.5999755859375,537.0,539.52001953125,519.0078735351562,1522400.0
2022-09-13,7.630000114440918,7.659999847412109,7.449999809265137,7.480000019073486,7.480000019073486,29770700.0,13.802000045776367,13.92199993133545,13.098999977111816,13.130999565124512,13.118101119995117,714956000.0,161.5399932861328,161.6300048828125,152.6699981689453,153.1300048828125,152.5472869873047,44444100.0,126.48999786376953,129.25,126.1500015258789,127.0199966430664,127.0199966430664,1363900.0,80.95999908447266,81.47000122070312,76.80000305175781,77.02999877929688,77.02999877929688,80921200,159.89999389648438,160.5399932861328,153.3699951171875,153.83999633789062,151.82000732421875,122656600.0,10.069999694824219,10.460000038146973,9.960000038146973,10.239999771118164,10.239999771118164,41934000.0,530.7899780273438,532.239990234375,508.69000244140625,510.29998779296875,490.8987731933594,2881400.0
2022-09-14,7.449999809265137,7.630000114440918,7.329999923706055,7.630000114440918,7.630000114440918,29422500.0,13.253999710083008,13.289999961853027,12.913000106811523,13.128000259399414,13.115102767944336,588507000.0,153.3300018310547,153.5399932861328,149.0500030517578,151.47000122070312,150.8936004638672,43064200.0,126.6500015258789,128.80999755859375,126.13999938964844,128.16000366210938,128.16000366210938,1906900.0,77.0999984741211,78.08000183105469,75.87000274658203,77.44999694824219,77.44999694824219,71483000,154.7899932861328,157.10000610351562,153.61000061035156,155.30999755859375,153.27069091796875,87965400.0,10.140000343322754,10.59000015258789,9.930000305175781,10.569999694824219,10.569999694824219,38845700.0,513.8599853515625,514.010009765625,503.1199951171875,508.0,488.68621826171875,2007300.0
2022-09-15,7.46999979019165,8.100000381469727,7.449999809265137,8.010000228881836,8.010000228881836,51700600.0,13.015000343322754,13.232999801635742,12.789999961853027,12.928999900817871,12.916298866271973,523625000.0,149.8000030517578,154.1999969482422,148.6999969482422,149.5500030517578,148.9809112548828,34606300.0,127.86000061035156,129.99000549316406,127.61000061035156,128.42999267578125,128.42999267578125,1412900.0,76.63999938964844,77.97000122070312,74.91000366210938,76.66000366210938,76.66000366210938,81818000,154.64999389648438,155.24000549316406,151.3800048828125,152.3699951171875,150.36932373046875,90481100.0,10.460000038146973,11.1899995803833,10.449999809265137,10.920000076293945,10.920000076293945,59124100.0,508.3999938964844,509.05999755859375,500.5299987792969,503.5,484.3573303222656,1749600.0
2022-09-16,7.75,7.929999828338623,7.639999866485596,7.78000020980835,7.78000020980835,42155500.0,12.741999626159668,13.211999893188477,12.616999626159668,13.197999954223633,13.18503475189209,670751000.0,148.0500030517578,148.5800018310547,144.2899932861328,146.2899932861328,145.73329162597656,40122800.0,127.55000305175781,127.55000305175781,122.30000305175781,124.19000244140625,124.19000244140625,2325600.0,75.62000274658203,76.81999969482422,74.68000030517578,76.51000213623047,76.51000213623047,75300200,151.2100067138672,151.35000610351562,148.3699951171875,150.6999969482422,148.7212371826172,162278800.0,10.710000038146973,10.8100004196167,10.460000038146973,10.760000228881836,10.760000228881836,47810800.0,499.57000732421875,506.44000244140625,497.29998779296875,504.1400146484375,484.9729309082031,3004800.0
2022-09-19,7.639999866485596,7.860000133514404,7.579999923706055,7.860000133514404,7.860000133514404,29238800.0,13.01200008392334,13.463000297546387,13.010000228881836,13.381999969482422,13.368851661682129,569685000.0,145.24000549316406,148.5800018310547,145.10000610351562,148.02000427246094,147.4567413330078,22169500.0,121.94999694824219,125.56999969482422,120.05000305175781,125.08000183105469,125.08000183105469,3071500.0,75.38999938964844,77.33999633789062,75.3499984741211,76.7699966430664,76.7699966430664,64966900,149.30999755859375,154.55999755859375,149.10000610351562,154.47999572753906,152.45159912109375,81474200.0,10.65999984741211,11.140000343322754,10.619999885559082,10.779999732971191,10.779999732971191,37564600.0,502.1600036621094,506.7099914550781,498.8900146484375,506.57000732421875,487.3105773925781,1441300.0
2022-09-20,7.78000020980835,7.914999961853027,7.599999904632568,7.619999885559082,7.619999885559082,30349600.0,13.21500015258789,13.482999801635742,13.057000160217285,13.175999641418457,13.163054466247559,524818000.0,145.77999877929688,148.83999633789062,145.22000122070312,146.08999633789062,145.53404235839844,23217400.0,123.30999755859375,124.38999938964844,121.5999984741211,121.69000244140625,121.69000244140625,2181500.0,76.08000183105469,76.58000183105469,74.7300033569336,75.25,75.25,51129100,153.39999389648438,158.0800018310547,153.0800018310547,156.89999389648438,154.83981323242188,107689800.0,10.880000114440918,10.989999771118164,10.399999618530273,10.420000076293945,10.420000076293945,47008400.0,503.0,503.42999267578125,493.4200134277344,499.5199890136719,480.52862548828125,1843100.0
2022-09-21,7.71999979019165,8.069999694824219,7.65500020980835,7.690000057220459,7.690000057220459,36814500.0,13.213000297546387,14.031000137329102,13.109999656677246,13.26099967956543,13.24797248840332,807679000.0,146.38999938964844,149.60000610351562,142.0,142.1199951171875,141.57916259765625,38338600.0,121.69000244140625,122.47000122070312,117.91999816894531,117.91999816894531,117.91999816894531,1453900.0,75.44000244140625,78.41000366210938,74.44999694824219,74.4800033569336,74.4800033569336,82069700,157.33999633789062,158.74000549316406,153.60000610351562,153.72000122070312,151.7015838623047,101696800.0,10.319999694824219,10.359999656677246,9.699999809265137,9.710000038146973,9.710000038146973,67793100.0,502.5,506.42999267578125,493.0,493.07000732421875,474.3238220214844,2082600.0
2022-09-22,7.739999771118164,7.739999771118164,7.239999771118164,7.369999885559082,7.369999885559082,49138300.0,13.069999694824219,13.14900016784668,12.428000450134277,12.560999870300293,12.548660278320312,759162000.0,141.5500030517578,144.5800018310547,140.8699951171875,142.82000732421875,142.27651977539062,34418500.0,116.9000015258789,117.5199966430664,114.16000366210938,114.73999786376953,114.73999786376953,1621700.0,73.88999938964844,74.29000091552734,69.16999816894531,69.5,69.5,101436900,152.3800048828125,154.47000122070312,150.91000366210938,152.74000549316406,150.7344512939453,86652500.0,9.739999771118164,9.930000305175781,9.399999618530273,9.640000343322754,9.640000343322754,62079500.0,494.0,494.0,484.4100036621094,487.1700134277344,468.64813232421875,3133100.0
2022-09-23,7.199999809265137,7.420000076293945,7.130000114440918,7.400000095367432,7.400000095367432,34197300.0,12.420000076293945,12.611000061035156,12.256999969482422,12.515999794006348,12.503704071044922,663309000.0,141.4199981689453,142.6199951171875,138.88999938964844,140.41000366210938,139.8756866455078,31710700.0,113.70999908447266,113.76000213623047,107.37000274658203,110.36000061035156,110.36000061035156,2724300.0,68.0,69.08000183105469,66.81999969482422,67.95999908447266,67.95999908447266,87690000,151.19000244140625,151.47000122070312,148.55999755859375,150.42999267578125,148.45477294921875,96029900.0,9.229999542236328,9.34000015258789,8.739999771118164,8.949999809265137,8.949999809265137,79394400.0,478.94000244140625,482.32000732421875,463.5299987792969,466.3999938964844,448.6678161621094,5377800.0
2022-09-26,7.349999904632568,7.829999923706055,7.349999904632568,7.53000020980835,7.53000020980835,45429800.0,12.491000175476074,12.659000396728516,12.21399974822998,12.227999687194824,12.215988159179688,547343000.0,140.1199951171875,142.24000549316406,136.19000244140625,136.3699951171875,135.85105895996094,30497000.0,109.75,111.68000030517578,106.54000091552734,109.56999969482422,109.56999969482422,2500700.0,67.87000274658203,68.73999786376953,66.25,66.30000305175781,66.30000305175781,82898700,149.66000366210938,153.77000427246094,149.63999938964844,150.77000427246094,148.7903289794922,93339400.0,8.989999771118164,9.359999656677246,8.880000114440918,8.899999618530273,8.899999618530273,56042300.0,465.8699951171875,484.1099853515625,465.2099914550781,480.29998779296875,462.0392761230469,4001900.0
2022-09-27,7.690000057220459,7.835000038146973,7.460000038146973,7.630000114440918,7.630000114440918,31794700.0,12.506999969482422,12.736000061035156,12.258000373840332,12.413000106811523,12.400806427001953,553854000.0,137.9199981689453,139.4199981689453,134.1199951171875,134.39999389648438,133.8885498046875,30826500.0,110.66000366210938,112.08000183105469,108.91999816894531,109.9000015258789,109.9000015258789,1462500.0,67.9000015258789,68.77999877929688,66.0,67.16999816894531,67.16999816894531,94871800,152.74000549316406,154.72000122070312,149.9499969482422,151.75999450683594,149.767333984375,84442700.0,9.199999809265137,9.550000190734863,9.020000457763672,9.220000267028809,9.220000267028809,64007800.0,485.489990234375,488.3999938964844,475.42999267578125,478.29998779296875,460.1153259277344,2412400.0
2022-09-28,7.630000114440918,8.0,7.619999885559082,7.940000057220459,7.940000057220459,31955900.0,12.40999984741211,12.822999954223633,12.354000091552734,12.736000061035156,12.723487854003906,542414000.0,134.6199951171875,142.02999877929688,134.27000427246094,141.61000061035156,141.0711212158203,32658500.0,110.2699966430664,114.69000244140625,109.54000091552734,114.19000244140625,114.19000244140625,1908700.0,67.11000061035156,68.80000305175781,66.55999755859375,68.36000061035156,68.36000061035156,72389500,147.63999938964844,150.63999938964844,144.83999633789062,149.83999633789062,147.87252807617188,146691400.0,9.199999809265137,9.850000381469727,9.130000114440918,9.829999923706055,9.829999923706055,65649300.0,481.5299987792969,491.54998779296875,474.19000244140625,488.2900085449219,469.7255554199219,2419500.0
2022-09-29,8.050000190734863,8.329999923706055,7.78000020980835,8.079999923706055,8.079999923706055,57845800.0,12.447999954223633,12.5,11.946000099182129,12.220000267028809,12.207993507385254,532763000.0,139.36000061035156,139.83999633789062,135.1999969482422,136.41000366210938,135.8909149169922,38985400.0,112.62999725341797,113.02999877929688,108.4000015258789,108.58000183105469,108.58000183105469,1854100.0,67.1500015258789,67.19999694824219,62.83000183105469,64.13999938964844,64.13999938964844,102552400,146.10000610351562,146.72000122070312,140.67999267578125,142.47999572753906,140.60916137695312,128138200.0,9.609999656677246,9.65999984741211,9.020000457763672,9.15999984741211,9.15999984741211,57340600.0,485.6099853515625,489.010009765625,474.07000732421875,478.9800109863281,460.7695617675781,1963900.0
2022-09-30,8.010000228881836,8.5,7.9710001945495605,8.130000114440918,8.130000114440918,47454800.0,12.086999893188477,12.633000373840332,12.074999809265137,12.138999938964844,12.127073287963867,565638000.0,136.0500030517578,140.99000549316406,135.5,135.67999267578125,135.16366577148438,33166400.0,109.52999877929688,111.94000244140625,108.55999755859375,109.0,109.0,1664300.0,63.619998931884766,65.91000366210938,63.34000015258789,63.36000061035156,63.36000061035156,81664100,141.27999877929688,143.10000610351562,138.0,138.1999969482422,136.38536071777344,124925300.0,8.449999809265137,8.510000228881836,7.010000228881836,7.03000020980835,7.03000020980835,237674800.0,480.6600036621094,483.8299865722656,471.8699951171875,472.2699890136719,454.3146667480469,2436700.0
2022-10-03,8.145000457763672,8.300000190734863,7.96999979019165,8.239999771118164,8.239999771118164,35524000.0,12.347000122070312,12.678000450134277,12.104999542236328,12.51200008392334,12.499707221984863,547478000.0,137.13999938964844,139.6199951171875,136.10000610351562,138.61000061035156,138.08253479003906,27723100.0,109.7300033569336,113.91000366210938,108.80000305175781,113.36000061035156,113.36000061035156,1735000.0,64.45999908447266,66.91000366210938,63.38999938964844,66.11000061035156,66.11000061035156,83841600,138.2100067138672,143.07000732421875,137.69000244140625,142.4499969482422,140.57958984375,114311700.0,7.170000076293945,7.190000057220459,6.579999923706055,6.849999904632568,6.849999904632568,104262100.0,474.5,480.8399963378906,470.3999938964844,477.7300109863281,459.5670471191406,2338500.0
2022-10-04,8.479999542236328,8.609999656677246,8.34000015258789,8.460000038146973,8.460000038146973,36313300.0,12.878999710083008,13.220000267028809,12.878999710083008,13.166999816894531,13.154064178466797,584182000.0,140.49000549316406,142.38999938964844,139.33999633789062,140.27999877929688,139.7461700439453,34670700.0,114.77999877929688,117.16999816894531,114.77999877929688,116.58999633789062,116.58999633789062,1606500.0,68.2699966430664,69.18000030517578,67.33000183105469,67.9000015258789,67.9000015258789,77160500,145.02999877929688,146.22000122070312,144.25999450683594,146.10000610351562,144.181640625,87830100.0,7.099999904632568,7.820000171661377,7.079999923706055,7.760000228881836,7.760000228881836,117870500.0,483.8299865722656,488.0199890136719,480.7300109863281,486.1300048828125,467.6476745605469,2175600.0
2022-10-05,8.260000228881836,8.484999656677246,8.074999809265137,8.420000076293945,8.420000076293945,37790200.0,12.91100025177002,13.321000099182129,12.621000289916992,13.208999633789062,13.196023941040039,507131000.0,138.24000549316406,140.2100067138672,134.77999877929688,138.97999572753906,138.4511260986328,27979300.0,115.02999877929688,117.62999725341797,113.9800033569336,117.30000305175781,117.30000305175781,1316000.0,66.58999633789062,68.69000244140625,64.5199966430664,67.94000244140625,67.94000244140625,87127400,144.07000732421875,147.3800048828125,143.00999450683594,146.39999389648438,144.4777069091797,79471000.0,7.46999979019165,7.570000171661377,7.170000076293945,7.429999828338623,7.429999828338623,82831500.0,481.29998779296875,483.8699951171875,474.82000732421875,480.32000732421875,462.0585632324219,1587700.0
2022-10-06,8.399999618530273,8.600000381469727,8.3149995803833,8.470000267028809,8.470000267028809,27653400.0,13.220000267028809,13.656000137329102,13.102999687194824,13.130000114440918,13.11710262298584,644157000.0,137.72000122070312,141.4499969482422,136.60000610351562,139.07000732421875,138.54080200195312,36231100.0,121.0,122.61000061035156,118.79000091552734,121.37999725341797,121.37999725341797,2837600.0,67.81999969482422,70.29000091552734,67.66000366210938,67.8499984741211,67.8499984741211,98325900,145.80999755859375,147.5399932861328,145.22000122070312,145.42999267578125,143.5204315185547,68402200.0,7.369999885559082,7.610000133514404,6.96999979019165,6.980000019073486,6.980000019073486,86819900.0,483.45001220703125,493.8800048828125,481.9200134277344,482.489990234375,464.1460876464844,2430700.0
2022-10-07,8.260000228881836,8.279999732971191,8.109999656677246,8.149999618530273,8.149999618530273,29550500.0,12.505000114440918,12.670000076293945,12.022000312805176,12.076000213623047,12.064138412475586,672478000.0,136.75999450683594,138.2899932861328,132.44000244140625,133.4499969482422,132.94215393066406,33214800.0,118.75,121.06999969482422,118.56999969482422,120.7300033569336,120.7300033569336,1507200.0,64.01000213623047,64.02999877929688,58.220001220703125,58.439998626708984,58.439998626708984,163786300,142.5399932861328,143.10000610351562,139.4499969482422,140.08999633789062,138.2505340576172,85925600.0,6.900000095367432,6.989999771118164,6.570000171661377,6.760000228881836,6.760000228881836,82260200.0,478.260009765625,479.1099853515625,466.1199951171875,468.1499938964844,450.3512878417969,2568100.0
2022-10-10,8.170000076293945,8.180000305175781,7.880000114440918,8.0600004196167,8.0600004196167,26923300.0,12.036999702453613,12.12399959564209,11.407999992370605,11.670000076293945,11.658535957336426,698699000.0,133.5500030517578,136.11000061035156,131.8699951171875,133.7899932861328,133.28085327148438,24024000.0,119.83000183105469,120.6500015258789,117.05000305175781,117.93000030517578,117.93000030517578,1000700.0,57.310001373291016,58.790000915527344,56.29999923706055,57.810001373291016,57.810001373291016,112241800,140.4199981689453,141.88999938964844,138.57000732421875,140.4199981689453,138.5762481689453,74899000.0,6.730000019073486,6.820000171661377,6.150000095367432,6.380000114440918,6.380000114440918,82505700.0,469.69000244140625,470.25,461.6099853515625,466.30999755859375,448.5812683105469,1616300.0
2022-10-11,7.989999771118164,8.295000076293945,7.699999809265137,8.039999961853027,8.039999961853027,40775800.0,11.560999870300293,11.845999717712402,11.282999992370605,11.586000442504883,11.57461929321289,667482000.0,131.6199951171875,132.66000366210938,126.98999786376953,128.5399932861328,128.05084228515625,38481400.0,117.55000305175781,117.55000305175781,111.6500015258789,115.08999633789062,115.08999633789062,1840200.0,57.209999084472656,58.91999816894531,56.04999923706055,57.630001068115234,57.630001068115234,114054800,139.89999389648438,141.35000610351562,138.22000122070312,138.97999572753906,137.1551055908203,77033700.0,6.420000076293945,6.739999771118164,6.110000133514404,6.639999866485596,6.639999866485596,73379000.0,465.0,477.25,463.70001220703125,472.0199890136719,454.0741271972656,2341400.0
2022-10-12,8.0600004196167,8.100000381469727,7.820000171661377,8.069999694824219,8.069999694824219,30201600.0,11.579000473022461,11.734999656677246,11.345000267028809,11.5,11.488702774047852,492590000.0,128.32000732421875,129.6699981689453,126.25,127.5,127.01480865478516,34605200.0,116.58999633789062,120.0,115.33999633789062,116.55000305175781,116.55000305175781,1478800.0,57.45000076293945,58.31999969482422,56.31999969482422,57.849998474121094,57.849998474121094,89264200,139.1300048828125,140.36000061035156,138.16000366210938,138.33999633789062,136.52354431152344,70433700.0,6.639999866485596,7.389999866485596,6.550000190734863,7.309999942779541,7.309999942779541,97735700.0,474.32000732421875,479.739990234375,466.29998779296875,466.3800048828125,448.64862060546875,2043900.0
2022-10-13,7.739999771118164,8.199999809265137,7.565000057220459,8.079999923706055,8.079999923706055,36040900.0,10.970999717712402,12.07800006866455,10.812999725341797,11.960000038146973,11.948250770568848,850103000.0,123.52999877929688,131.13999938964844,122.52999877929688,130.2899932861328,129.79420471191406,34325700.0,113.77999877929688,119.26000213623047,112.5,118.86000061035156,118.86000061035156,1910900.0,55.52000045776367,60.13999938964844,54.56999969482422,58.939998626708984,58.939998626708984,131159800,134.99000549316406,143.58999633789062,134.3699951171875,142.99000549316406,141.1125030517578,113224000.0,6.989999771118164,7.320000171661377,6.849999904632568,7.099999904632568,7.099999904632568,81275600.0,458.19000244140625,471.739990234375,449.0299987792969,467.989990234375,450.1973571777344,3390900.0
2022-10-14,8.229999542236328,8.3100004196167,7.53000020980835,7.53000020980835,7.53000020980835,37430100.0,12.057000160217285,12.111000061035156,11.204000473022461,11.22700023651123,11.215970993041992,713432000.0,131.0,131.7899932861328,126.5199966430664,126.76000213623047,126.27763366699219,23559400.0,120.05000305175781,121.2699966430664,117.69000244140625,117.81999969482422,117.81999969482422,1375000.0,59.599998474121094,59.939998626708984,55.84000015258789,55.939998626708984,55.939998626708984,96959300,144.30999755859375,144.52000427246094,138.19000244140625,138.3800048828125,136.56301879882812,88598000.0,7.269999980926514,7.429999828338623,7.010000228881836,7.130000114440918,7.130000114440918,63672500.0,472.0299987792969,473.3900146484375,453.7900085449219,454.6499938964844,437.364501953125,2301600.0
2022-10-17,7.710000038146973,8.0600004196167,7.690000057220459,7.940000057220459,7.940000057220459,31751700.0,11.517999649047852,11.947999954223633,11.517000198364258,11.887999534606934,11.876320838928223,580774000.0,130.3000030517578,134.7899932861328,130.17999267578125,134.0399932861328,133.5299072265625,29612200.0,119.63999938964844,120.81999969482422,117.69999694824219,117.88999938964844,117.88999938964844,1261300.0,57.349998474121094,58.5099983215332,57.099998474121094,57.959999084472656,57.959999084472656,76977600,141.07000732421875,142.89999389648438,140.27000427246094,142.41000366210938,140.54010009765625,85250900.0,7.380000114440918,7.46999979019165,7.170000076293945,7.269999980926514,7.269999980926514,52393700.0,461.6499938964844,466.8800048828125,460.4800109863281,464.1700134277344,446.5225524902344,2097500.0
2022-10-18,8.149999618530273,8.329999923706055,8.039999961853027,8.15999984741211,8.15999984741211,37120400.0,12.343999862670898,12.491999626159668,11.618000030517578,11.967000007629395,11.955244064331055,659362000.0,137.08999633789062,137.83999633789062,131.39999389648438,132.8000030517578,132.29464721679688,25445000.0,120.72000122070312,121.93000030517578,119.45999908447266,121.29000091552734,121.29000091552734,1087700.0,59.90999984741211,60.4900016784668,56.400001525878906,57.91999816894531,57.91999816894531,103064500,145.49000549316406,146.6999969482422,140.61000061035156,143.75,141.86248779296875,99136600.0,7.699999809265137,8.239999771118164,7.679999828338623,8.079999923706055,8.079999923706055,116496300.0,473.20001220703125,476.5199890136719,468.8299865722656,473.2699890136719,455.276611328125,1864000.0
2022-10-19,8.0600004196167,8.125,7.84499979019165,7.909999847412109,7.909999847412109,26594000.0,11.878999710083008,12.350000381469727,11.833999633789062,12.050999641418457,12.03916072845459,523131000.0,132.88999938964844,137.0,132.22000122070312,133.22999572753906,132.72300720214844,30691000.0,119.93000030517578,122.62999725341797,119.33000183105469,122.5,122.5,1273600.0,57.33000183105469,59.040000915527344,56.56999969482422,57.22999954223633,57.22999954223633,75704800,141.69000244140625,144.9499969482422,141.5,143.86000061035156,141.97105407714844,61758300.0,8.020000457763672,8.140000343322754,7.619999885559082,7.679999828338623,7.679999828338623,70897600.0,467.80999755859375,474.8699951171875,466.95001220703125,471.42999267578125,453.506591796875,1207600.0
2022-10-20,7.730000019073486,8.260000228881836,7.730000019073486,8.039999961853027,8.039999961853027,26689500.0,12.11299991607666,12.769000053405762,12.104999542236328,12.194000244140625,12.182023048400879,652398000.0,132.92999267578125,136.77000427246094,131.30999755859375,131.52999877929688,131.02947998046875,26356300.0,123.08000183105469,127.08000183105469,122.55000305175781,123.88999938964844,123.88999938964844,1435900.0,57.470001220703125,60.20000076293945,57.400001525878906,57.77000045776367,57.77000045776367,79552600,143.02000427246094,145.88999938964844,142.64999389648438,143.38999938964844,141.50721740722656,64522000.0,7.71999979019165,8.289999961853027,7.710000038146973,8.0,8.0,59658500.0,471.0,472.0799865722656,462.9100036621094,464.6199951171875,446.9554138183594,1709500.0
2022-10-21,7.929999828338623,8.319999694824219,7.809999942779541,8.289999961853027,8.289999961853027,30705700.0,12.097999572753906,12.498000144958496,11.88700008392334,12.465999603271484,12.453752517700195,609494000.0,126.30999755859375,130.1199951171875,125.44000244140625,130.00999450683594,129.5152587890625,46348600.0,122.86000061035156,125.80999755859375,121.73999786376953,125.55000305175781,125.55000305175781,1005500.0,57.220001220703125,58.90999984741211,55.709999084472656,58.81999969482422,58.81999969482422,95366400,142.8699951171875,147.85000610351562,142.64999389648438,147.27000427246094,145.33628845214844,86548600.0,7.929999828338623,8.220000267028809,7.789999961853027,8.199999809265137,8.199999809265137,57281000.0,463.7099914550781,479.57000732421875,462.2799987792969,478.17999267578125,459.99993896484375,2508400.0
2022-10-24,8.300000190734863,8.300000190734863,8.010000228881836,8.270000457763672,8.270000457763672,28062200.0,12.508000373840332,12.710000038146973,12.064000129699707,12.598999977111816,12.586623191833496,517457000.0,127.25,133.47999572753906,124.56999969482422,129.72000122070312,129.2263641357422,63563400.0,125.76000213623047,125.80999755859375,120.63999938964844,123.11000061035156,123.11000061035156,1103600.0,58.56999969482422,59.0,56.65999984741211,58.70000076293945,58.70000076293945,76305400,147.19000244140625,150.22999572753906,146.0,149.4499969482422,147.48764038085938,75981900.0,8.109999656677246,8.279999732971191,7.920000076293945,8.220000267028809,8.220000267028809,51101500.0,481.6099853515625,498.0,481.010009765625,496.9700012207031,478.0755310058594,2366200.0
2022-10-25,8.359999656677246,8.65999984741211,8.359999656677246,8.65999984741211,8.65999984741211,31001500.0,12.694000244140625,13.300000190734863,12.663999557495117,13.26099967956543,13.24797248840332,505482000.0,130.8800048828125,138.35000610351562,130.58999633789062,137.50999450683594,136.98672485351562,38433200.0,123.56999969482422,125.61000061035156,122.7300033569336,125.02999877929688,125.02999877929688,1309100.0,58.77000045776367,61.97999954223633,58.689998626708984,61.470001220703125,61.470001220703125,85501900,150.08999633789062,152.49000549316406,149.36000061035156,152.33999633789062,150.3397216796875,74732300.0,8.270000457763672,8.680000305175781,8.210000038146973,8.619999885559082,8.619999885559082,52082000.0,493.32000732421875,500.19000244140625,490.5,499.05999755859375,480.0860900878906,2130900.0
2022-10-26,8.479999542236328,9.050000190734863,8.390000343322754,8.569999694824219,8.569999694824219,33530900.0,12.869000434875488,13.387999534606934,12.708000183105469,12.895999908447266,12.883332252502441,532953000.0,131.67999267578125,135.5500030517578,128.52999877929688,129.82000732421875,129.32598876953125,82791500.0,124.02999877929688,126.4000015258789,122.80999755859375,123.62000274658203,123.62000274658203,1435200.0,59.689998626708984,61.77000045776367,59.150001525878906,59.72999954223633,59.72999954223633,79761600,150.9600067138672,151.99000549316406,148.0399932861328,149.35000610351562,147.38897705078125,88194300.0,8.59000015258789,9.130000114440918,8.569999694824219,8.670000076293945,8.670000076293945,58695700.0,498.0,507.4200134277344,495.69000244140625,499.45001220703125,480.4613037109375,2088700.0
2022-10-27,8.680000305175781,8.779999732971191,8.460000038146973,8.600000381469727,8.600000381469727,28940800.0,13.630000114440918,13.838000297546387,13.121999740600586,13.175999641418457,13.163054466247559,583113000.0,97.9800033569336,102.5,96.37999725341797,97.94000244140625,97.56729888916016,232316600.0,123.63999938964844,125.31999969482422,121.3499984741211,122.73999786376953,122.73999786376953,1268800.0,61.599998474121094,62.720001220703125,58.5099983215332,58.599998474121094,58.599998474121094,83871400,148.07000732421875,149.0500030517578,144.1300048828125,144.8000030517578,142.89871215820312,109180200.0,8.800000190734863,8.960000038146973,8.640000343322754,8.649999618530273,8.649999618530273,48689900.0,499.80999755859375,503.010009765625,494.1400146484375,496.5400085449219,478.52423095703125,1576600.0
2022-10-28,8.550000190734863,8.65999984741211,8.364999771118164,8.640000343322754,8.640000343322754,20697400.0,13.104000091552734,13.850000381469727,13.060999870300293,13.833999633789062,13.820408821105957,521040000.0,99.58000183105469,100.8499984741211,97.51000213623047,99.19999694824219,98.82250213623047,95928300.0,122.77999877929688,124.27999877929688,122.23999786376953,124.0199966430664,124.0199966430664,1388200.0,59.099998474121094,62.349998474121094,58.91999816894531,62.0099983215332,62.0099983215332,78198600,148.1999969482422,157.5,147.82000732421875,155.74000549316406,153.69508361816406,164762400.0,8.5600004196167,8.949999809265137,8.479999542236328,8.9399995803833,8.9399995803833,42739400.0,497.29998779296875,512.8200073242188,495.9700012207031,510.8699951171875,492.33428955078125,2369300.0
2022-10-31,8.59000015258789,8.829999923706055,8.430000305175781,8.789999961853027,8.789999961853027,31376100.0,13.777999877929688,13.838000297546387,13.29699993133545,13.496999740600586,13.483739852905273,486341000.0,98.22000122070312,99.31999969482422,92.5999984741211,93.16000366210938,92.80550384521484,121361400.0,123.37000274658203,123.47000122070312,117.6500015258789,118.4800033569336,118.4800033569336,2593500.0,60.75,61.86000061035156,59.529998779296875,60.060001373291016,60.060001373291016,73274100,153.16000366210938,154.24000549316406,151.9199981689453,153.33999633789062,151.32656860351562,97943200.0,9.020000457763672,9.149999618530273,8.800000190734863,9.0600004196167,9.0600004196167,49289000.0,509.6400146484375,509.6400146484375,500.5,501.5,483.30426025390625,2192200.0
2022-11-01,8.989999771118164,9.0600004196167,8.5600004196167,8.649999618530273,8.649999618530273,29800000.0,13.810999870300293,13.925000190734863,13.519000053405762,13.543000221252441,13.529693603515625,432817000.0,94.33000183105469,97.48999786376953,93.55000305175781,95.19999694824219,94.83772277832031,110189600.0,120.44000244140625,122.73999786376953,115.95999908447266,116.30999755859375,116.30999755859375,1943700.0,61.4900016784668,61.9900016784668,59.43000030517578,59.65999984741211,59.65999984741211,83806700,155.0800018310547,155.4499969482422,149.1300048828125,150.64999389648438,148.671875,80379300.0,9.390000343322754,9.489999771118164,9.039999961853027,9.050000190734863,9.050000190734863,52041000.0,503.70001220703125,507.3900146484375,499.7799987792969,499.9599914550781,481.820068359375,1586300.0
2022-11-02,8.699999809265137,8.760000228881836,8.199999809265137,8.220000267028809,8.220000267028809,36042600.0,13.850000381469727,14.210000038146973,13.211000442504883,13.218999862670898,13.206012725830078,672628000.0,94.20999908447266,95.19999694824219,90.4800033569336,90.54000091552734,90.19546508789062,71821100.0,115.06999969482422,118.44000244140625,113.30000305175781,113.55000305175781,113.55000305175781,2104700.0,63.0,63.93000030517578,58.56999969482422,58.630001068115234,58.630001068115234,142669400,148.9499969482422,152.1699981689453,145.0,145.02999877929688,143.1256866455078,93604600.0,9.010000228881836,9.260000228881836,8.649999618530273,8.6899995803833,8.6899995803833,52525000.0,497.79998779296875,503.239990234375,483.2699890136719,483.510009765625,465.9670104980469,2464400.0
2022-11-03,8.069999694824219,8.300000190734863,7.869999885559082,8.079999923706055,8.079999923706055,36419500.0,13.043000221252441,13.781000137329102,12.956000328063965,13.420999526977539,13.407815933227539,500065000.0,90.08000183105469,90.45999908447266,88.41000366210938,88.91000366210938,88.5716552734375,60664000.0,112.08999633789062,113.93000030517578,109.93000030517578,111.30000305175781,111.30000305175781,1307500.0,58.11000061035156,62.279998779296875,58.029998779296875,60.11000061035156,60.11000061035156,95279900,142.05999755859375,142.8000030517578,138.75,138.8800048828125,137.0564422607422,97918500.0,8.34000015258789,9.069999694824219,8.25,8.829999923706055,8.829999923706055,63837000.0,480.8800048828125,491.3299865722656,479.7099914550781,486.2900085449219,468.6460876464844,2010400.0
2022-11-04,8.1899995803833,8.199999809265137,7.650000095367432,7.929999828338623,7.929999828338623,64338900.0,13.986000061035156,14.229000091552734,13.696999549865723,14.156000137329102,14.14209270477295,612576000.0,90.3499984741211,91.38999938964844,88.08999633789062,90.79000091552734,90.44450378417969,55638100.0,111.62999725341797,111.94999694824219,107.75,108.52999877929688,108.52999877929688,2524700.0,62.5,63.0,60.529998779296875,62.189998626708984,62.189998626708984,84791300,142.08999633789062,142.6699981689453,134.3800048828125,138.3800048828125,136.78955078125,140814800.0,9.119999885559082,9.319999694824219,8.84000015258789,9.0,9.0,51717100.0,490.3999938964844,492.6300048828125,476.489990234375,486.4100036621094,468.76177978515625,1987300.0
2022-11-07,7.78000020980835,7.849999904632568,6.889999866485596,7.019999980926514,7.019999980926514,99332800.0,14.227999687194824,14.411999702453613,13.954000473022461,14.300999641418457,14.286951065063477,410061000.0,94.77999877929688,96.87999725341797,93.0999984741211,96.72000122070312,96.35193634033203,81987300.0,108.5999984741211,109.38999938964844,106.22000122070312,108.4000015258789,108.4000015258789,5450700.0,62.93000030517578,63.529998779296875,61.400001525878906,63.08000183105469,63.08000183105469,62722500,137.11000061035156,139.14999389648438,135.6699981689453,138.9199981689453,137.32334899902344,83374600.0,9.069999694824219,9.079999923706055,8.569999694824219,8.760000228881836,8.760000228881836,46375900.0,477.04998779296875,490.0,474.5,488.54998779296875,470.8240966796875,2036000.0
2022-11-08,7.079999923706055,7.420000076293945,6.909999847412109,7.210000038146973,7.210000038146973,56353900.0,14.800999641418457,14.890999794006348,14.215999603271484,14.60200023651123,14.587655067443848,595292000.0,95.91999816894531,97.80000305175781,94.79000091552734,96.47000122070312,96.10289001464844,52088300.0,91.9000015258789,98.94999694824219,90.0,93.56999969482422,93.56999969482422,19320500.0,64.08999633789062,64.95999908447266,62.369998931884766,63.849998474121094,63.849998474121094,75938000,140.41000366210938,141.42999267578125,137.49000549316406,139.5,137.89669799804688,89908500.0,8.90999984741211,9.229999542236328,8.829999923706055,9.100000381469727,9.100000381469727,53290100.0,490.7300109863281,498.260009765625,484.510009765625,492.760009765625,474.8813781738281,1709900.0
2022-11-09,7.119999885559082,7.184999942779541,6.949999809265137,6.980000019073486,6.980000019073486,42517300.0,14.161999702453613,14.211000442504883,13.758999824523926,13.776000022888184,13.762466430664062,454414000.0,101.72000122070312,104.9000015258789,100.73999786376953,101.47000122070312,101.0838623046875,107677300.0,93.2699966430664,95.56999969482422,92.76000213623047,94.08999633789062,94.08999633789062,3967800.0,62.279998779296875,63.04999923706055,59.79999923706055,59.91999816894531,59.91999816894531,62940300,138.5,138.5500030517578,134.58999633789062,134.8699951171875,133.3199005126953,74917800.0,9.0,9.020000457763672,8.520000457763672,8.5600004196167,8.5600004196167,41664900.0,491.8999938964844,497.5799865722656,486.8599853515625,489.9700012207031,472.1925964355469,1640500.0
2022-11-10,7.460000038146973,7.96999979019165,7.429999828338623,7.639999866485596,7.639999866485596,58579800.0,14.800000190734863,15.77299976348877,14.54699993133545,15.75,15.734526634216309,700819000.0,107.12000274658203,112.75,104.61000061035156,111.87000274658203,111.44429779052734,80671000.0,98.41999816894531,99.6500015258789,96.25,98.56999969482422,98.56999969482422,3100500.0,64.30000305175781,68.80000305175781,63.619998931884766,68.47000122070312,68.47000122070312,107996300,141.24000549316406,146.8699951171875,139.5,146.8699951171875,145.1819610595703,118854000.0,9.119999885559082,9.8100004196167,9.079999923706055,9.779999732971191,9.779999732971191,84559500.0,504.95001220703125,514.8499755859375,501.3999938964844,513.1300048828125,494.5122985839844,3098300.0
2022-11-11,7.480000019073486,8.420000076293945,7.375,8.40999984741211,8.40999984741211,55324100.0,15.807000160217285,16.388999938964844,15.482000350952148,16.32699966430664,16.310958862304688,655487000.0,109.2300033569336,114.9000015258789,108.80999755859375,113.0199966430664,112.58990478515625,59961700.0,98.94999694824219,104.05000305175781,98.16000366210938,102.25,102.25,4107000.0,69.58000183105469,73.31999969482422,68.29000091552734,72.37000274658203,72.37000274658203,111709500,145.82000732421875,150.00999450683594,144.3699951171875,149.6999969482422,147.9794464111328,93979700.0,10.170000076293945,10.449999809265137,9.760000228881836,10.350000381469727,10.350000381469727,69889400.0,513.1300048828125,516.8400268554688,506.7099914550781,515.469970703125,496.7673645019531,2393500.0
2022-11-14,8.180000305175781,8.319999694824219,7.953000068664551,8.100000381469727,8.100000381469727,37402700.0,16.218000411987305,16.540000915527344,15.92199993133545,16.295000076293945,16.27899169921875,527852000.0,110.98999786376953,116.2699966430664,110.80000305175781,114.22000122070312,113.78535461425781,53395000.0,102.23999786376953,103.72000122070312,99.83999633789062,99.87999725341797,99.87999725341797,2824000.0,75.22000122070312,75.25,72.66999816894531,73.52999877929688,73.52999877929688,108892800,148.97000122070312,150.27999877929688,147.42999267578125,148.27999877929688,146.57574462890625,73374100.0,10.40999984741211,10.75,10.220000267028809,10.600000381469727,10.600000381469727,70950200.0,515.77001953125,520.7000122070312,509.4200134277344,509.67999267578125,491.18743896484375,1820200.0
2022-11-15,8.449999809265137,8.470000267028809,8.154999732971191,8.34000015258789,8.34000015258789,34454100.0,16.722000122070312,16.99799919128418,16.381999969482422,16.666000366210938,16.649625778198242,545876000.0,116.06999969482422,118.73999786376953,114.41000366210938,117.08000183105469,116.63446807861328,50670500.0,102.11000061035156,103.16999816894531,99.33000183105469,101.02999877929688,101.02999877929688,2545800.0,77.26000213623047,79.16000366210938,75.38999938964844,76.37000274658203,76.37000274658203,108946300,152.22000122070312,153.58999633789062,148.55999755859375,150.0399932861328,148.31552124023438,89868300.0,10.989999771118164,11.489999771118164,10.960000038146973,11.15999984741211,11.15999984741211,106425900.0,520.0,529.7999877929688,520.0,526.469970703125,507.36822509765625,2502200.0
2022-11-16,8.180000305175781,8.239999771118164,8.0,8.0600004196167,8.0600004196167,28436000.0,16.16200065612793,16.36199951171875,15.873000144958496,15.90999984741211,15.894370079040527,649547000.0,114.5,116.08000183105469,112.66000366210938,113.2300033569336,112.79911041259766,33287800.0,100.68000030517578,102.66999816894531,100.12999725341797,100.80999755859375,100.80999755859375,2506000.0,73.66000366210938,74.83000183105469,71.93000030517578,72.69999694824219,72.69999694824219,79968000,149.1300048828125,149.8699951171875,147.2899932861328,148.7899932861328,147.07992553710938,64218300.0,9.779999732971191,9.819999694824219,9.489999771118164,9.630000114440918,9.630000114440918,124544100.0,521.3099975585938,528.5599975585938,520.1699829101562,524.1099853515625,505.0938720703125,1833600.0
2022-11-17,7.829999923706055,7.880000114440918,7.525000095367432,7.619999885559082,7.619999885559082,33746500.0,15.71500015258789,16.266000747680664,15.53499984741211,15.677000045776367,15.661600112915039,710894000.0,110.41000366210938,112.33000183105469,109.80000305175781,111.44999694824219,111.02588653564453,35093800.0,98.01000213623047,100.0199966430664,97.12000274658203,99.66000366210938,99.66000366210938,1710900.0,70.55999755859375,74.37999725341797,70.16000366210938,73.9000015258789,73.9000015258789,82320800,146.42999267578125,151.47999572753906,146.14999389648438,150.72000122070312,148.98773193359375,80389400.0,9.369999885559082,9.569999694824219,9.149999618530273,9.510000228881836,9.510000228881836,45732600.0,519.0,521.7899780273438,512.9600219726562,521.3200073242188,502.40509033203125,1902500.0
2022-11-18,7.760000228881836,7.789999961853027,7.309999942779541,7.389999866485596,7.389999866485596,27245200.0,15.965999603271484,16.00200080871582,15.119999885559082,15.409000396728516,15.3938627243042,492072000.0,113.80000305175781,114.31999969482422,110.62000274658203,112.05000305175781,111.62361145019531,33357700.0,101.0199966430664,101.0199966430664,98.5,98.7699966430664,98.7699966430664,1992900.0,75.06999969482422,75.3499984741211,72.18000030517578,73.56999969482422,73.56999969482422,73223200,152.30999755859375,152.6999969482422,149.97000122070312,151.2899932861328,149.55116271972656,74829600.0,9.699999809265137,9.729999542236328,9.390000343322754,9.470000267028809,9.470000267028809,38882000.0,526.8699951171875,529.5399780273438,518.1900024414062,523.6699829101562,504.6698303222656,1584400.0
2022-11-21,7.309999942779541,7.320000171661377,7.070000171661377,7.190000057220459,7.190000057220459,36605600.0,15.147000312805176,15.47700023651123,15.079999923706055,15.317000389099121,15.301953315734863,404739000.0,111.5199966430664,112.37000274658203,109.19000244140625,109.86000061035156,109.44193267822266,24351100.0,98.33000183105469,99.05000305175781,96.41999816894531,97.43000030517578,97.43000030517578,1955100.0,72.20999908447266,72.9800033569336,71.56999969482422,72.45999908447266,72.45999908447266,51536300,150.16000366210938,150.3699951171875,147.72000122070312,148.00999450683594,146.30885314941406,58724100.0,9.460000038146973,9.529999732971191,9.130000114440918,9.319999694824219,9.319999694824219,38776300.0,525.739990234375,527.280029296875,522.0800170898438,523.3699951171875,504.3807067871094,1268300.0
2022-11-22,7.179999828338623,7.25,6.980000019073486,7.21999979019165,7.21999979019165,27327800.0,15.32800006866455,16.058000564575195,15.121999740600586,16.038000106811523,16.02224349975586,472866000.0,109.86000061035156,111.62000274658203,108.31999969482422,111.44000244140625,111.01592254638672,29029000.0,97.5199966430664,100.47000122070312,96.0,100.29000091552734,100.29000091552734,1714200.0,72.72000122070312,75.33000183105469,72.11000061035156,75.25,75.25,55450200,148.1300048828125,150.4199981689453,146.92999267578125,150.17999267578125,148.4539337158203,51804100.0,9.359999656677246,9.5600004196167,9.180000305175781,9.470000267028809,9.470000267028809,36685900.0,529.9600219726562,532.7999877929688,526.6799926757812,531.9500122070312,512.6494750976562,1809100.0
2022-11-23,7.25,7.420000076293945,7.119999885559082,7.369999885559082,7.369999885559082,24182900.0,16.097999572753906,16.527000427246094,16.04800033569336,16.518999099731445,16.50276756286621,427241000.0,111.72000122070312,112.66999816894531,110.7300033569336,112.23999786376953,111.81288146972656,21343100.0,100.7300033569336,103.2300033569336,99.58000183105469,103.1500015258789,103.1500015258789,1170700.0,75.48999786376953,78.22000122070312,75.30000305175781,76.4000015258789,76.4000015258789,81623600,149.4499969482422,151.8300018310547,149.33999633789062,151.07000732421875,149.33372497558594,58301400.0,9.489999771118164,9.779999732971191,9.390000343322754,9.729999542236328,9.729999542236328,44422600.0,534.0,536.7999877929688,530.4000244140625,534.489990234375,515.0972290039062,1288200.0
2022-11-25,7.320000171661377,7.339000225067139,7.190000057220459,7.28000020980835,7.28000020980835,10824400.0,16.31800079345703,16.48699951171875,16.172000885009766,16.270000457763672,16.254016876220703,167934000.0,111.30000305175781,112.7300033569336,111.0199966430664,111.41000366210938,110.98604583740234,12007600.0,102.47000122070312,103.66999816894531,102.23999786376953,102.62999725341797,102.62999725341797,939700.0,75.66999816894531,76.04000091552734,74.75,75.13999938964844,75.13999938964844,26018900,148.30999755859375,148.8800048828125,147.1199951171875,148.11000061035156,146.40771484375,35195900.0,9.699999809265137,9.930000305175781,9.640000343322754,9.729999542236328,9.729999542236328,23780800.0,534.1599731445312,535.8599853515625,533.0700073242188,533.6599731445312,514.29736328125,744200.0
2022-11-28,7.230000019073486,7.400000095367432,7.150000095367432,7.159999847412109,7.159999847412109,19438000.0,16.025999069213867,16.35700035095215,15.725000381469727,15.82699966430664,15.81145191192627,303741000.0,110.77999877929688,112.04000091552734,108.37999725341797,108.77999877929688,108.36605072021484,23309400.0,102.38999938964844,103.04000091552734,100.4800033569336,101.26000213623047,101.26000213623047,1387600.0,73.80999755859375,75.47000122070312,72.56999969482422,73.19000244140625,73.19000244140625,45383800,145.13999938964844,146.63999938964844,143.3800048828125,144.22000122070312,142.56243896484375,69246000.0,9.579999923706055,9.729999542236328,9.270000457763672,9.319999694824219,9.319999694824219,32078200.0,530.8900146484375,536.25,528.9400024414062,530.9199829101562,511.65679931640625,1684300.0
2022-11-29,7.199999809265137,7.300000190734863,7.050000190734863,7.079999923706055,7.079999923706055,22150800.0,15.82699966430664,15.932000160217285,15.520000457763672,15.638999938964844,15.623634338378906,298384000.0,109.54000091552734,110.94000244140625,108.54000091552734,109.45999908447266,109.04345703125,23899200.0,101.48999786376953,101.97000122070312,100.0999984741211,101.3499984741211,101.3499984741211,1522700.0,73.62000274658203,74.48999786376953,72.77999877929688,73.38999938964844,73.38999938964844,51846400,144.2899932861328,144.80999755859375,140.35000610351562,141.1699981689453,139.54750061035156,83763800.0,9.359999656677246,9.789999961853027,9.319999694824219,9.75,9.75,46085800.0,531.0399780273438,533.719970703125,528.0,528.9600219726562,509.7679138183594,1685700.0
2022-11-30,7.139999866485596,7.510000228881836,7.0329999923706055,7.5,7.5,32745700.0,15.696999549865723,16.93000030517578,15.597000122070312,16.92300033569336,16.91069984436035,565298000.0,109.51000213623047,118.16000366210938,109.37999725341797,118.0999984741211,117.65058135986328,43348600.0,101.27999877929688,105.83999633789062,100.13999938964844,105.69000244140625,105.69000244140625,4514100.0,73.37999725341797,77.69999694824219,72.80999755859375,77.62999725341797,77.62999725341797,88468400,141.39999389648438,148.72000122070312,140.5500030517578,148.02999877929688,146.32862854003906,111380900.0,9.8100004196167,9.9399995803833,9.40999984741211,9.930000305175781,9.930000305175781,65648500.0,527.4099731445312,542.5800170898438,522.1400146484375,539.25,519.6845092773438,3601800.0
2022-12-01,7.510000228881836,7.880000114440918,7.46999979019165,7.860000133514404,7.860000133514404,34424400.0,16.999000549316406,17.264999389648438,16.635000228881836,17.135000228881836,17.12254524230957,470977000.0,119.19999694824219,121.19999694824219,118.4000015258789,120.44000244140625,119.98168182373047,36551400.0,106.20999908447266,107.41999816894531,104.80000305175781,106.4000015258789,106.4000015258789,1586900.0,78.30999755859375,79.2300033569336,76.44000244140625,77.4800033569336,77.4800033569336,59833400,148.2100067138672,149.1300048828125,146.61000061035156,148.30999755859375,146.60543823242188,71250400.0,9.960000038146973,10.289999961853027,9.899999618530273,9.970000267028809,9.970000267028809,52863100.0,519.1400146484375,519.1400146484375,495.6700134277344,503.8599853515625,485.57861328125,6970400.0
2022-12-02,7.614999771118164,7.760000228881836,7.5,7.659999847412109,7.659999847412109,18794000.0,16.659000396728516,16.933000564575195,16.44499969482422,16.875999450683594,16.863737106323242,371389000.0,117.83000183105469,124.04000091552734,117.61000061035156,123.48999786376953,123.02007293701172,39950500.0,105.77999877929688,108.87999725341797,105.47000122070312,108.76000213623047,108.76000213623047,1857800.0,75.05000305175781,76.27999877929688,73.6500015258789,74.9800033569336,74.9800033569336,64377200,145.9600067138672,148.0,145.64999389648438,147.80999755859375,146.11117553710938,65447400.0,9.729999542236328,10.039999961853027,9.449999809265137,10.0,10.0,48326900.0,498.5199890136719,498.9700012207031,492.1099853515625,494.5299987792969,476.58709716796875,3632100.0
2022-12-05,7.619999885559082,7.695000171661377,7.105000019073486,7.190000057220459,7.190000057220459,32158200.0,16.679000854492188,16.9950008392334,16.472000122070312,16.610000610351562,16.59792709350586,352255000.0,121.75,124.66999816894531,121.3499984741211,122.43000030517578,121.96410369873047,35474900.0,108.36000061035156,109.80000305175781,106.4000015258789,106.9800033569336,106.9800033569336,2042200.0,74.54000091552734,75.16999816894531,72.81999969482422,73.62000274658203,73.62000274658203,47022200,147.77000427246094,150.9199981689453,145.77000427246094,146.6300048828125,144.94471740722656,68826400.0,9.890000343322754,10.270000457763672,9.630000114440918,9.680000305175781,9.680000305175781,52424100.0,492.5,492.70001220703125,484.7300109863281,488.6600036621094,470.9301452636719,2455300.0
2022-12-06,7.190000057220459,7.195000171661377,6.880000114440918,6.989999771118164,6.989999771118164,32868100.0,16.530000686645508,16.572999954223633,15.819000244140625,15.987000465393066,15.975379943847656,352694000.0,119.91000366210938,120.55000305175781,113.73999786376953,114.12000274658203,113.68572998046875,43689200.0,106.37000274658203,107.4000015258789,101.02999877929688,101.2699966430664,101.2699966430664,2180400.0,73.08000183105469,73.38999938964844,69.4000015258789,70.2699966430664,70.2699966430664,64965200,147.07000732421875,147.3000030517578,141.9199981689453,142.91000366210938,141.26747131347656,64727200.0,9.699999809265137,9.760000228881836,9.170000076293945,9.300000190734863,9.300000190734863,50508400.0,490.6600036621094,491.4700012207031,477.1700134277344,481.1600036621094,463.70220947265625,2995900.0
2022-12-07,7.079999923706055,7.349999904632568,7.019999980926514,7.070000171661377,7.070000171661377,28351600.0,15.772000312805176,16.18600082397461,15.666999816894531,16.1200008392334,16.10828399658203,372388000.0,113.76000213623047,115.87999725341797,112.87999725341797,113.93000030517578,113.49644470214844,29461100.0,100.9000015258789,102.37000274658203,98.66999816894531,99.48999786376953,99.48999786376953,1885700.0,69.52999877929688,71.37000274658203,69.27999877929688,70.13999938964844,70.13999938964844,59180100,142.19000244140625,143.3699951171875,140.0,140.94000244140625,139.32012939453125,69721100.0,9.220000267028809,9.350000381469727,8.859999656677246,8.890000343322754,8.890000343322754,52196200.0,479.0899963378906,486.5400085449219,478.8699951171875,481.9700012207031,464.48284912109375,2072600.0
2022-12-08,7.099999904632568,7.269999980926514,6.940000057220459,7.119999885559082,7.119999885559082,23107700.0,16.273000717163086,17.179000854492188,15.958999633789062,17.16900062561035,17.15652084350586,515456000.0,116.38999938964844,117.33999633789062,114.58999633789062,115.33000183105469,114.89112091064453,30619400.0,99.5,101.29000091552734,98.19999694824219,100.79000091552734,100.79000091552734,1558500.0,70.13999938964844,71.22000122070312,69.0,70.47000122070312,70.47000122070312,56734100,142.36000061035156,143.52000427246094,141.10000610351562,142.64999389648438,141.01046752929688,62128300.0,9.0,9.239999771118164,8.9399995803833,9.029999732971191,9.029999732971191,37881700.0,482.8999938964844,483.3299865722656,473.5,481.4200134277344,463.9527587890625,2901000.0
2022-12-09,7.059999942779541,7.190000057220459,7.03000020980835,7.110000133514404,7.110000133514404,23367300.0,17.15999984741211,17.58300018310547,16.975000381469727,17.000999450683594,16.9886417388916,465338000.0,115.30000305175781,117.54000091552734,113.87000274658203,115.9000015258789,115.45895385742188,26033400.0,100.83000183105469,102.16000366210938,99.41000366210938,102.05999755859375,102.05999755859375,1656600.0,69.48999786376953,70.66999816894531,68.5199966430664,68.58999633789062,68.58999633789062,59058300,142.33999633789062,145.57000732421875,140.89999389648438,142.16000366210938,140.526123046875,76097000.0,9.020000457763672,9.130000114440918,8.850000381469727,8.869999885559082,8.869999885559082,37684100.0,475.1000061035156,490.0899963378906,470.5,483.0199890136719,465.4947204589844,4211100.0
2022-12-12,7.110000133514404,7.309999942779541,7.090000152587891,7.289999961853027,7.289999961853027,22672400.0,17.03700065612793,17.538000106811523,16.797000885009766,17.53499984741211,17.522254943847656,457328000.0,115.18000030517578,115.72000122070312,113.13999938964844,114.70999908447266,114.27348327636719,24747100.0,102.41999816894531,103.31999969482422,100.38999938964844,102.61000061035156,102.61000061035156,1770500.0,68.54000091552734,70.66999816894531,67.52999877929688,70.66999816894531,70.66999816894531,60968300,142.6999969482422,144.5,141.05999755859375,144.49000549316406,142.82933044433594,70462700.0,8.770000457763672,9.010000228881836,8.569999694824219,9.010000228881836,9.010000228881836,44353700.0,482.7300109863281,487.82000732421875,480.6700134277344,487.67999267578125,469.9856262207031,2276400.0
2022-12-13,7.730000019073486,7.96999979019165,7.489999771118164,7.5,7.5,41033800.0,18.5310001373291,18.790000915527344,17.711000442504883,18.07200050354004,18.05886459350586,656589000.0,122.12999725341797,123.30000305175781,118.63999938964844,120.1500015258789,119.69277954101562,44701100.0,105.93000030517578,108.94000244140625,102.16000366210938,104.55000305175781,104.55000305175781,2530700.0,74.87000274658203,75.20999908447266,70.66000366210938,71.6500015258789,71.6500015258789,72458000,149.5,149.97000122070312,144.24000549316406,145.47000122070312,143.79806518554688,93886200.0,9.600000381469727,9.670000076293945,8.720000267028809,8.90999984741211,8.90999984741211,62156900.0,497.0400085449219,497.9700012207031,481.54998779296875,488.20001220703125,470.48681640625,2626700.0
2022-12-14,7.5,7.599999904632568,7.264999866485596,7.349999904632568,7.349999904632568,22653800.0,17.98699951171875,18.25200080871582,17.420000076293945,17.673999786376953,17.66115379333496,496888000.0,119.38999938964844,124.13999938964844,119.38999938964844,121.58999633789062,121.1272964477539,36922000.0,104.31999969482422,106.86000061035156,104.22000122070312,104.80999755859375,104.80999755859375,1675100.0,70.93000030517578,72.0,68.31999969482422,68.93000030517578,68.93000030517578,67278000,145.35000610351562,146.66000366210938,141.16000366210938,143.2100067138672,141.56405639648438,82291200.0,8.880000114440918,9.109999656677246,8.710000038146973,8.930000305175781,8.930000305175781,57877700.0,488.8599853515625,491.69000244140625,481.0400085449219,483.5199890136719,465.9765625,2145000.0
2022-12-15,7.170000076293945,7.297999858856201,7.010000228881836,7.010000228881836,7.010000228881836,25417100.0,17.145999908447266,17.31999969482422,16.700000762939453,16.95199966430664,16.939678192138672,478542000.0,118.33000183105469,118.62999725341797,114.01000213623047,116.1500015258789,115.7080078125,34531000.0,103.3499984741211,103.80000305175781,100.38999938964844,101.66000366210938,101.66000366210938,1775900.0,67.5999984741211,68.20999908447266,66.12000274658203,66.52999877929688,66.52999877929688,58557000,141.11000061035156,141.8000030517578,136.02999877929688,136.5,134.93115234375,98931900.0,8.720000267028809,8.949999809265137,8.470000267028809,8.630000114440918,8.630000114440918,52117200.0,475.3399963378906,476.70001220703125,463.1600036621094,463.9100036621094,447.078125,3437700.0
2022-12-16,7.019999980926514,7.079999923706055,6.760000228881836,6.900000095367432,6.900000095367432,32655600.0,16.86400032043457,17.041000366210938,16.40999984741211,16.570999145507812,16.558958053588867,478232000.0,120.2300033569336,123.30999755859375,118.81999969482422,119.43000030517578,118.97551727294922,67064000.0,101.33999633789062,101.70999908447266,100.3499984741211,100.76000213623047,100.76000213623047,3206400.0,66.25,67.19000244140625,64.80000305175781,65.41000366210938,65.41000366210938,62438600,136.69000244140625,137.64999389648438,133.72999572753906,134.50999450683594,132.96401977539062,160156900.0,8.489999771118164,8.699999809265137,8.350000381469727,8.449999809265137,8.449999809265137,43358200.0,461.260009765625,464.7900085449219,456.8800048828125,461.45001220703125,444.7073059082031,4909200.0
2022-12-19,6.800000190734863,6.829999923706055,6.320000171661377,6.349999904632568,6.349999904632568,41511600.0,16.57200050354004,16.608999252319336,16.145000457763672,16.253999710083008,16.242183685302734,354039000.0,116.83000183105469,117.80000305175781,114.33000183105469,114.4800033569336,114.04435729980469,29769900.0,100.37000274658203,100.5999984741211,98.2300033569336,98.58999633789062,98.58999633789062,3426100.0,65.12000274658203,65.58999633789062,63.709999084472656,64.58999633789062,64.58999633789062,46246900,135.11000061035156,135.1999969482422,131.32000732421875,132.3699951171875,130.84861755371094,79592600.0,8.479999542236328,8.489999771118164,8.020000457763672,8.09000015258789,8.09000015258789,41998400.0,460.9200134277344,463.4100036621094,455.3599853515625,458.6300048828125,441.9897155761719,1939200.0
2022-12-20,6.289999961853027,6.539999961853027,6.199999809265137,6.309999942779541,6.309999942779541,30215600.0,16.06399917602539,16.309999465942383,15.85200023651123,16.084999084472656,16.07331085205078,403260000.0,113.26000213623047,117.33000183105469,112.45999908447266,117.08999633789062,116.64442443847656,28742500.0,97.77999877929688,99.44999694824219,97.20999908447266,98.11000061035156,98.11000061035156,2379000.0,63.7599983215332,66.05999755859375,63.52000045776367,65.05000305175781,65.05000305175781,52431300,131.38999938964844,133.25,129.88999938964844,132.3000030517578,130.77943420410156,77432800.0,7.949999809265137,8.270000457763672,7.929999828338623,8.100000381469727,8.100000381469727,49501000.0,456.55999755859375,460.25,452.5299987792969,457.82000732421875,441.2091369628906,1993700.0
2022-12-21,6.239999771118164,6.519999980926514,6.039999961853027,6.5,6.5,34408600.0,16.11400032043457,16.62700080871582,16.101999282836914,16.500999450683594,16.48900604248047,325025000.0,116.69999694824219,120.33999633789062,115.62000274658203,119.76000213623047,119.30426025390625,20392800.0,98.19999694824219,99.91999816894531,97.2300033569336,99.87999725341797,99.87999725341797,1657000.0,65.43000030517578,67.8499984741211,65.20999908447266,67.68000030517578,67.68000030517578,44167600,132.97999572753906,136.80999755859375,132.75,135.4499969482422,133.89320373535156,85928000.0,7.880000114440918,8.789999961853027,7.78000020980835,8.479999542236328,8.479999542236328,77709700.0,459.3800048828125,463.69000244140625,456.20001220703125,462.05999755859375,445.2952575683594,1462400.0
2022-12-22,6.369999885559082,6.380000114440918,6.179999828338623,6.320000171661377,6.320000171661377,28066000.0,16.0939998626709,16.13800048828125,14.881999969482422,15.33899974822998,15.327851295471191,565045000.0,117.19999694824219,118.62000274658203,114.37999725341797,117.12000274658203,116.67430877685547,23618100.0,98.91999816894531,99.76000213623047,97.3499984741211,99.2699966430664,99.2699966430664,1856500.0,66.08000183105469,66.30999755859375,62.2599983215332,63.86000061035156,63.86000061035156,73917700,134.35000610351562,134.55999755859375,130.3000030517578,132.22999572753906,130.71023559570312,77852100.0,8.470000267028809,8.5,7.630000114440918,7.880000114440918,7.880000114440918,64849100.0,458.6499938964844,460.3999938964844,453.3900146484375,458.7099914550781,442.0667419433594,1906100.0
2022-12-23,6.269999980926514,6.300000190734863,6.070000171661377,6.289999961853027,6.289999961853027,20419000.0,15.196000099182129,15.33899974822998,14.883000373840332,15.206000328063965,15.194948196411133,349326000.0,116.02999877929688,118.18000030517578,115.54000091552734,118.04000091552734,117.59081268310547,17796600.0,98.9800033569336,99.93000030517578,98.69999694824219,99.83000183105469,99.83000183105469,1154000.0,63.11000061035156,64.66000366210938,62.720001220703125,64.5199966430664,64.5199966430664,45923000,130.9199981689453,132.4199981689453,129.63999938964844,131.86000061035156,130.34449768066406,63814900.0,7.860000133514404,7.940000057220459,7.53000020980835,7.809999942779541,7.809999942779541,39623700.0,457.5199890136719,463.17999267578125,454.79998779296875,462.6499938964844,445.8638000488281,1229500.0
2022-12-27,6.150000095367432,6.21999979019165,5.920000076293945,6.0,6.0,34573300.0,15.074000358581543,15.100000381469727,14.055999755859375,14.121000289916992,14.110736846923828,464902000.0,117.93000030517578,118.5999984741211,116.05000305175781,116.87999725341797,116.43521881103516,21392300.0,99.33999633789062,99.58000183105469,97.77999877929688,99.37999725341797,99.37999725341797,1225100.0,63.869998931884766,64.27999877929688,62.970001220703125,63.27000045776367,63.27000045776367,36086000,131.3800048828125,131.41000366210938,128.72000122070312,130.02999877929688,128.5355224609375,69007800.0,7.78000020980835,7.900000095367432,7.550000190734863,7.670000076293945,7.670000076293945,37674800.0,464.3999938964844,464.70001220703125,457.1099853515625,458.5,441.8643798828125,1230800.0
2022-12-28,5.980000019073486,6.170000076293945,5.949999809265137,6.070000171661377,6.070000171661377,30096800.0,13.927000045776367,14.26200008392334,13.883999824523926,14.03600025177002,14.025798797607422,351066000.0,116.25,118.1500015258789,115.51000213623047,115.62000274658203,115.18002319335938,19612500.0,99.41999816894531,99.7300033569336,98.55000305175781,99.69000244140625,99.69000244140625,1928800.0,62.540000915527344,63.540000915527344,61.959999084472656,62.56999969482422,62.56999969482422,39526500,129.6699981689453,131.02999877929688,125.87000274658203,126.04000091552734,124.59139251708984,85438400.0,7.710000038146973,7.909999847412109,7.630000114440918,7.670000076293945,7.670000076293945,34112400.0,457.5400085449219,460.4599914550781,452.79998779296875,452.989990234375,436.5542907714844,1324100.0
2022-12-29,6.099999904632568,6.525000095367432,6.099999904632568,6.400000095367432,6.400000095367432,42694200.0,14.402000427246094,14.682999610900879,14.22700023651123,14.602999687194824,14.592385292053223,354923000.0,116.4000015258789,121.02999877929688,115.7699966430664,120.26000213623047,119.8023681640625,22366200.0,100.19000244140625,102.77999877929688,100.05000305175781,101.33999633789062,101.33999633789062,1526400.0,63.63999938964844,65.18000030517578,63.060001373291016,64.81999969482422,64.81999969482422,41428500,127.98999786376953,130.47999572753906,127.7300033569336,129.61000061035156,128.120361328125,75703700.0,7.730000019073486,8.100000381469727,7.699999809265137,8.079999923706055,8.079999923706055,38092700.0,455.6300048828125,459.0,453.4599914550781,456.5299987792969,439.9658508300781,1465000.0
2022-12-30,6.190000057220459,6.420000076293945,6.190000057220459,6.420000076293945,6.420000076293945,27830900.0,14.333999633789062,14.628999710083008,14.232999801635742,14.61400032043457,14.603379249572754,310490000.0,118.16000366210938,120.41999816894531,117.73999786376953,120.33999633789062,119.88204956054688,19583800.0,100.16999816894531,104.45999908447266,99.97000122070312,104.12999725341797,104.12999725341797,1749700.0,63.77000045776367,64.81999969482422,63.13999938964844,64.7699966430664,64.7699966430664,37127000,128.41000366210938,129.9499969482422,127.43000030517578,129.92999267578125,128.4366455078125,77034200.0,7.980000019073486,8.220000267028809,7.929999828338623,8.0600004196167,8.0600004196167,30690600.0,454.6499938964844,456.70001220703125,450.75,456.5,439.9369201660156,1803200.0
2023-01-03,6.579999923706055,6.639999866485596,6.275000095367432,6.389999866485596,6.389999866485596,29969900.0,14.85099983215332,14.996000289916992,14.095999717712402,14.3149995803833,14.304594039916992,401277000.0,122.81999969482422,126.37000274658203,122.27999877929688,124.73999786376953,124.26531219482422,35528500.0,105.26000213623047,106.26000213623047,102.37999725341797,103.11000061035156,103.11000061035156,1668600.0,66.0,66.87999725341797,63.59000015258789,64.0199966430664,64.0199966430664,46851800,130.27999877929688,130.89999389648438,124.16999816894531,125.06999969482422,123.63252258300781,112117500.0,8.239999771118164,8.319999694824219,7.920000076293945,7.96999979019165,7.96999979019165,33965200.0,458.0,458.79998779296875,447.8999938964844,453.2799987792969,436.83380126953125,1978100.0
2023-01-04,6.480000019073486,6.675000190734863,6.369999885559082,6.579999923706055,6.579999923706055,31660500.0,14.567000389099121,14.852999687194824,14.241000175476074,14.74899959564209,14.738279342651367,431324000.0,127.37999725341797,129.0500030517578,125.8499984741211,127.37000274658203,126.88531494140625,32397100.0,103.5,108.62999725341797,103.5,106.7699966430664,106.7699966430664,1474800.0,65.0,65.79000091552734,63.310001373291016,64.66000366210938,64.66000366210938,47477100,126.88999938964844,128.66000366210938,125.08000183105469,126.36000061035156,124.9076919555664,89113600.0,8.069999694824219,8.760000228881836,7.980000019073486,8.739999771118164,8.739999771118164,52046600.0,457.17999267578125,459.510009765625,452.5899963378906,456.55999755859375,439.9947814941406,2097300.0
2023-01-05,6.449999809265137,6.489999771118164,6.25,6.320000171661377,6.320000171661377,34186000.0,14.491000175476074,14.564000129699707,14.14799976348877,14.265000343322754,14.254633903503418,389168000.0,126.12999725341797,128.52000427246094,124.54000091552734,126.94000244140625,126.45694732666016,25447100.0,106.7699966430664,106.94999694824219,105.31999969482422,105.95999908447266,105.95999908447266,1218400.0,64.1500015258789,64.3499984741211,62.29999923706055,62.33000183105469,62.33000183105469,46159500,127.12999725341797,127.7699966430664,124.76000213623047,125.0199966430664,123.58309173583984,80962700.0,8.569999694824219,8.989999771118164,8.470000267028809,8.949999809265137,8.949999809265137,35689900.0,454.5400085449219,456.42999267578125,449.6199951171875,450.19000244140625,433.8558654785156,2169300.0
2023-01-06,6.400000095367432,6.449999809265137,6.090000152587891,6.400000095367432,6.400000095367432,30596400.0,14.473999977111816,15.010000228881836,14.034000396728516,14.859000205993652,14.848200798034668,405044000.0,128.97000122070312,130.3300018310547,126.04000091552734,130.02000427246094,129.5252227783203,27584500.0,107.08000183105469,107.08000183105469,103.2699966430664,104.75,104.75,2602800.0,63.150001525878906,64.30000305175781,60.04999923706055,63.959999084472656,63.959999084472656,70161300,126.01000213623047,130.2899932861328,124.88999938964844,129.6199951171875,128.13023376464844,87754700.0,9.0,9.229999542236328,8.829999923706055,9.199999809265137,9.199999809265137,40099600.0,463.0799865722656,484.4200134277344,462.2200012207031,482.8699951171875,465.3501892089844,5174500.0
2023-01-09,6.489999771118164,6.670000076293945,6.400000095367432,6.5,6.5,31028900.0,15.284000396728516,16.055999755859375,15.140999794006348,15.628000259399414,15.616641998291016,504231000.0,131.16000366210938,132.9499969482422,129.27999877929688,129.47000122070312,128.97732543945312,26649100.0,105.26000213623047,107.29000091552734,104.91999816894531,105.0999984741211,105.0999984741211,2185800.0,66.22000122070312,69.31999969482422,65.66999816894531,67.23999786376953,67.23999786376953,69741300,130.47000122070312,133.41000366210938,129.88999938964844,130.14999389648438,128.65415954589844,70790800.0,9.260000228881836,9.640000343322754,9.210000038146973,9.470000267028809,9.470000267028809,44454500.0,482.92999267578125,486.8699951171875,478.1400146484375,478.75,461.3796691894531,2384800.0
2023-01-10,6.5,6.71999979019165,6.489999771118164,6.699999809265137,6.699999809265137,28236600.0,15.506999969482422,15.961999893188477,15.472000122070312,15.909000396728516,15.897436141967773,384101000.0,127.2699966430664,133.44000244140625,127.1500015258789,132.99000549316406,132.48391723632812,28684400.0,104.79000091552734,106.68000030517578,104.79000091552734,105.52999877929688,105.52999877929688,1313800.0,66.66999816894531,68.1500015258789,66.55999755859375,68.05000305175781,68.05000305175781,41149600,130.25999450683594,131.25999450683594,128.1199951171875,130.72999572753906,129.2274627685547,63896200.0,9.420000076293945,9.710000038146973,9.260000228881836,9.680000305175781,9.680000305175781,38995500.0,477.1400146484375,482.0899963378906,475.4800109863281,481.3999938964844,463.9334716796875,1649900.0
2023-01-11,6.840000152587891,6.989999771118164,6.760000228881836,6.980000019073486,6.980000019073486,25936700.0,15.84000015258789,16.027999877929688,15.562999725341797,16.000999450683594,15.98936939239502,353285000.0,130.9600067138672,133.85000610351562,130.33999633789062,132.88999938964844,132.38430786132812,25423000.0,105.9800033569336,106.93000030517578,104.41000366210938,105.26000213623047,105.26000213623047,1715700.0,68.38999938964844,69.12999725341797,67.22000122070312,69.05999755859375,69.05999755859375,44470100,131.25,133.50999450683594,130.4600067138672,133.49000549316406,131.9557647705078,69458900.0,9.75,9.899999618530273,9.65999984741211,9.859999656677246,9.859999656677246,33668900.0,480.3299865722656,484.5199890136719,479.1099853515625,484.30999755859375,466.7379150390625,1576400.0
2023-01-12,7.010000228881836,7.050000190734863,6.78000020980835,7.010000228881836,7.010000228881836,30152500.0,16.100000381469727,16.636999130249023,15.491999626159668,16.51099967956543,16.498998641967773,551409000.0,133.44000244140625,137.67999267578125,131.75999450683594,136.7100067138672,136.1897735595703,30757700.0,104.91000366210938,105.05999755859375,101.52999877929688,104.29000091552734,104.29000091552734,1775700.0,70.06999969482422,71.6500015258789,67.18000030517578,70.80000305175781,70.80000305175781,70066200,133.8800048828125,134.25999450683594,131.44000244140625,133.41000366210938,131.8766632080078,71379600.0,10.0600004196167,10.289999961853027,9.859999656677246,10.279999732971191,10.279999732971191,48425800.0,484.989990234375,485.0,478.75,482.42999267578125,464.9261169433594,1628200.0
2023-01-13,6.840000152587891,7.010000228881836,6.809999942779541,6.960000038146973,6.960000038146973,20981000.0,16.277999877929688,16.922000885009766,16.165000915527344,16.89900016784668,16.88671875,447287000.0,134.97000122070312,137.38999938964844,134.83999633789062,136.97999572753906,136.45872497558594,22423800.0,103.41000366210938,105.08999633789062,103.05999755859375,105.02999877929688,105.02999877929688,1437700.0,69.83999633789062,71.0999984741211,69.2300033569336,71.0,71.0,45757400,132.02999877929688,134.9199981689453,131.66000366210938,134.75999450683594,133.21116638183594,57809700.0,10.149999618530273,10.609999656677246,10.140000343322754,10.510000228881836,10.510000228881836,41626900.0,480.8900146484375,485.5899963378906,479.0,485.25,467.64385986328125,1405900.0
2023-01-17,6.989999771118164,7.150000095367432,6.730000019073486,7.070000171661377,7.070000171661377,30910300.0,16.89900016784668,17.72800064086914,16.89900016784668,17.70199966430664,17.689132690429688,511102000.0,136.17999267578125,136.75,134.25,135.36000061035156,134.84490966796875,21147600.0,105.02999877929688,105.63999938964844,103.25,104.54000091552734,104.54000091552734,1438900.0,70.87000274658203,72.66000366210938,70.6500015258789,71.58999633789062,71.58999633789062,42621300,134.8300018310547,137.2899932861328,134.1300048828125,135.94000244140625,134.3776092529297,63646600.0,10.609999656677246,10.9399995803833,10.430000305175781,10.880000114440918,10.880000114440918,48197800.0,485.1300048828125,490.4800109863281,484.3699951171875,486.7699890136719,469.1086120605469,1539900.0
2023-01-18,7.15500020980835,7.300000190734863,6.880000114440918,6.900000095367432,6.900000095367432,32743400.0,17.66699981689453,17.87299919128418,17.281999588012695,17.37700080871582,17.364370346069336,439624000.0,135.80999755859375,137.25,132.8000030517578,133.02000427246094,132.51380920410156,20215500.0,104.54000091552734,105.75,103.05000305175781,103.22000122070312,103.22000122070312,1274500.0,71.87000274658203,72.77999877929688,70.5,70.52999877929688,70.52999877929688,39538700,136.82000732421875,138.61000061035156,135.02999877929688,135.2100067138672,133.65597534179688,69672800.0,11.09000015258789,11.170000076293945,10.34000015258789,10.430000305175781,10.430000305175781,57513800.0,484.80999755859375,488.80999755859375,478.5199890136719,479.4700012207031,462.07354736328125,1925500.0
2023-01-19,6.800000190734863,6.894999980926514,6.670000076293945,6.730000019073486,6.730000019073486,24841700.0,17.035999298095703,17.19700050354004,16.731000900268555,16.764999389648438,16.7528133392334,452932000.0,132.49000549316406,137.4499969482422,132.13999938964844,136.14999389648438,135.63189697265625,28625200.0,103.0,103.44000244140625,101.7699966430664,102.26000213623047,102.26000213623047,1164000.0,68.97000122070312,69.25,67.2699966430664,67.70999908447266,67.70999908447266,47189900,134.0800018310547,136.25,133.77000427246094,135.27000427246094,133.7152862548828,58280400.0,10.130000114440918,10.239999771118164,9.920000076293945,10.119999885559082,10.119999885559082,44119300.0,476.239990234375,477.55999755859375,468.07000732421875,469.489990234375,452.4555969238281,1919500.0
2023-01-20,6.760000228881836,7.059999942779541,6.71999979019165,7.019999980926514,7.019999980926514,28751700.0,17.01099967956543,17.856000900268555,16.825000762939453,17.839000701904297,17.82603645324707,564967000.0,135.88999938964844,139.94000244140625,134.61000061035156,139.3699951171875,138.83963012695312,28688600.0,103.37999725341797,106.72000122070312,103.12999725341797,106.58999633789062,106.58999633789062,1458400.0,68.01000213623047,70.12999725341797,67.44999694824219,70.06999969482422,70.06999969482422,47757600,135.27999877929688,138.02000427246094,134.22000122070312,137.8699951171875,136.28538513183594,80223600.0,10.279999732971191,10.619999885559082,10.15999984741211,10.470000267028809,10.470000267028809,39941600.0,473.9200134277344,480.32000732421875,469.4700012207031,480.1099853515625,462.6902770996094,2588600.0
2023-01-23,7.03000020980835,7.409999847412109,6.991000175476074,7.380000114440918,7.380000114440918,31633300.0,18.06399917602539,19.2450008392334,17.81800079345703,19.19300079345703,19.17905044555664,655163000.0,139.2899932861328,143.75999450683594,138.66000366210938,143.27000427246094,142.72479248046875,27470100.0,107.12999725341797,110.94000244140625,106.7699966430664,110.66999816894531,110.66999816894531,1939600.0,72.22000122070312,76.58999633789062,71.54000091552734,76.52999877929688,76.52999877929688,84293200,138.1199951171875,143.32000732421875,137.89999389648438,141.11000061035156,139.48817443847656,81760300.0,10.640000343322754,10.829999923706055,10.529999732971191,10.720000267028809,10.720000267028809,34611400.0,479.95001220703125,495.239990234375,477.6000061035156,492.6099853515625,474.73675537109375,2709400.0
2023-01-24,7.0,7.420000076293945,7.0,7.019999980926514,7.019999980926514,22649500.0,18.82699966430664,19.4950008392334,18.81999969482422,19.264999389648438,19.250995635986328,496204000.0,141.69000244140625,145.0,141.36000061035156,143.13999938964844,142.59530639648438,21970200.0,110.47000122070312,111.66000366210938,109.05000305175781,111.2699966430664,111.2699966430664,1245900.0,73.75,75.63999938964844,73.41999816894531,74.69999694824219,74.69999694824219,60822600,140.30999755859375,143.16000366210938,140.3000030517578,142.52999877929688,140.89186096191406,66435100.0,10.720000267028809,10.960000038146973,10.399999618530273,10.680000305175781,10.680000305175781,33317400.0,492.04998779296875,493.6000061035156,487.010009765625,492.1099853515625,474.25494384765625,1510200.0
2023-01-25,6.920000076293945,7.269999980926514,6.690000057220459,7.21999979019165,7.21999979019165,37147900.0,18.913000106811523,19.3700008392334,18.579999923706055,19.322999954223633,19.308956146240234,449537000.0,141.22000122070312,143.1699981689453,140.30999755859375,141.5,140.96153259277344,26622000.0,109.58999633789062,111.38999938964844,109.2699966430664,110.69999694824219,110.69999694824219,1821200.0,72.9000015258789,75.12000274658203,72.08999633789062,74.91000366210938,74.91000366210938,49932600,140.88999938964844,142.42999267578125,138.80999755859375,141.86000061035156,140.22955322265625,65799300.0,10.489999771118164,10.899999618530273,10.380000114440918,10.880000114440918,10.880000114440918,29042400.0,489.3599853515625,491.94000244140625,484.5,490.8800048828125,473.0695495605469,1329800.0
2023-01-26,7.369999885559082,7.449999809265137,7.039999961853027,7.239999771118164,7.239999771118164,28005600.0,19.701000213623047,20.166000366210938,19.277999877929688,19.802000045776367,19.787607192993164,489535000.0,144.39999389648438,147.50999450683594,143.3000030517578,147.3000030517578,146.73948669433594,25482100.0,111.8499984741211,112.25,110.55999755859375,111.88999938964844,111.88999938964844,1252900.0,76.5,77.08000183105469,74.27999877929688,75.16000366210938,75.16000366210938,49583900,143.1699981689453,144.25,141.89999389648438,143.9600067138672,142.30543518066406,54105100.0,11.0,11.09000015258789,10.569999694824219,10.630000114440918,10.630000114440918,32096200.0,493.20001220703125,498.6700134277344,491.7699890136719,498.29998779296875,480.2203063964844,1576400.0
2023-01-27,7.190000057220459,7.730000019073486,7.139999866485596,7.550000190734863,7.550000190734863,37555200.0,19.461999893188477,20.628000259399414,19.405000686645508,20.364999771118164,20.35019874572754,542142000.0,148.24000549316406,153.19000244140625,147.38999938964844,151.74000549316406,151.16258239746094,35771900.0,114.0999984741211,115.33999633789062,113.36000061035156,114.27999877929688,114.27999877929688,1864900.0,73.69999694824219,76.73999786376953,73.48999786376953,75.4000015258789,75.4000015258789,58118600,143.16000366210938,147.22999572753906,143.0800018310547,145.92999267578125,144.2527618408203,70555800.0,10.779999732971191,11.25,10.760000228881836,11.020000457763672,11.020000457763672,50631600.0,499.760009765625,509.1000061035156,497.8599853515625,503.2900085449219,485.0293273925781,2034100.0
2023-01-30,7.5,7.610000133514404,7.360000133514404,7.369999885559082,7.369999885559082,28567800.0,19.950000762939453,20.139999389648438,19.149999618530273,19.16200065612793,19.148073196411133,488611000.0,149.41000366210938,151.1199951171875,146.9499969482422,147.05999755859375,146.5003662109375,28040100.0,113.0999984741211,114.54000091552734,112.33999633789062,112.66000366210938,112.66000366210938,1368800.0,74.2300033569336,74.63999938964844,72.4000015258789,72.44999694824219,72.44999694824219,48105200,144.9600067138672,145.5500030517578,142.85000610351562,143.0,141.35646057128906,64015300.0,10.829999923706055,11.220000267028809,10.609999656677246,10.640000343322754,10.640000343322754,35766600.0,500.3699951171875,505.6000061035156,500.3699951171875,503.2799987792969,485.01959228515625,1855900.0
2023-01-31,7.409999847412109,7.820000171661377,7.380000114440918,7.78000020980835,7.78000020980835,40984000.0,19.170000076293945,19.687000274658203,18.950000762939453,19.53700065612793,19.52280044555664,498017000.0,147.9499969482422,149.8800048828125,147.52000427246094,148.97000122070312,148.40310668945312,29842100.0,112.52999877929688,113.79000091552734,112.44999694824219,113.2300033569336,113.2300033569336,1346700.0,72.26000213623047,75.19999694824219,72.02999877929688,75.1500015258789,75.1500015258789,71669100,142.6999969482422,144.33999633789062,142.27999877929688,144.2899932861328,142.6316375732422,65874500.0,10.779999732971191,10.829999923706055,10.579999923706055,10.819999694824219,10.819999694824219,30246300.0,503.2300109863281,511.4100036621094,502.0,511.1400146484375,492.5944519042969,1924100.0
2023-02-01,7.730000019073486,8.220000267028809,7.679999828338623,8.199999809265137,8.199999809265137,50123700.0,19.69099998474121,21.191999435424805,19.611000061035156,20.94300079345703,20.927778244018555,660477000.0,148.02999877929688,153.5800018310547,147.05999755859375,153.1199951171875,152.5373077392578,55661000.0,111.25,112.66000366210938,108.76000213623047,112.25,112.25,3239500.0,78.47000122070312,85.4800033569336,77.87999725341797,84.63999938964844,84.63999938964844,152548200,143.97000122070312,146.61000061035156,141.32000732421875,145.42999267578125,143.75851440429688,77663600.0,10.819999694824219,11.420000076293945,10.619999885559082,11.34000015258789,11.34000015258789,47240000.0,508.30999755859375,520.4500122070312,504.7200012207031,517.9099731445312,499.1188049316406,2080200.0
2023-02-02,8.510000228881836,9.210000038146973,8.470000267028809,8.989999771118164,8.989999771118164,71889700.0,21.0,21.948999404907227,20.700000762939453,21.708999633789062,21.693222045898438,564276000.0,183.3800048828125,197.16000366210938,180.16000366210938,188.77000427246094,188.05166625976562,150475700.0,114.08000183105469,114.7300033569336,112.06999969482422,114.72000122070312,114.72000122070312,2889800.0,84.29000091552734,88.94000244140625,83.19999694824219,88.30999755859375,88.30999755859375,97762100,148.89999389648438,151.17999267578125,148.1699981689453,150.82000732421875,149.08657836914062,118339000.0,11.720000267028809,12.260000228881836,11.470000267028809,12.039999961853027,12.039999961853027,61194400.0,524.2899780273438,530.0499877929688,520.6400146484375,523.4299926757812,505.316650390625,2287400.0
2023-02-03,8.539999961853027,8.899999618530273,8.373000144958496,8.40999984741211,8.40999984741211,64785500.0,21.0,21.7450008392334,20.788999557495117,21.100000381469727,21.08466339111328,429366000.0,183.47000122070312,196.77000427246094,182.88999938964844,186.52999877929688,185.82017517089844,76809700.0,112.31999969482422,112.69999694824219,108.87000274658203,109.27999877929688,109.27999877929688,3255300.0,86.66000366210938,88.80000305175781,85.83000183105469,86.08999633789062,86.08999633789062,66557800,148.02999877929688,157.3800048828125,147.8300018310547,154.5,152.7242889404297,154357300.0,11.789999961853027,12.149999618530273,11.680000305175781,11.800000190734863,11.800000190734863,35978400.0,519.1300048828125,521.5499877929688,512.5,514.7999877929688,496.98529052734375,1844100.0
2023-02-06,8.3100004196167,8.53499984741211,8.239999771118164,8.3100004196167,8.3100004196167,38845500.0,20.805999755859375,21.56999969482422,20.785999298095703,21.089000701904297,21.07366943359375,452197000.0,186.52999877929688,190.6999969482422,185.52000427246094,186.05999755859375,185.3519744873047,42483800.0,107.5,108.12000274658203,104.12999725341797,105.55999755859375,105.55999755859375,5255700.0,84.62999725341797,86.27999877929688,83.22000122070312,83.68000030517578,83.68000030517578,53008900,152.57000732421875,153.10000610351562,150.77999877929688,151.72999572753906,149.98611450195312,69858300.0,11.600000381469727,11.899999618530273,11.550000190734863,11.869999885559082,11.869999885559082,33494900.0,514.4400024414062,517.219970703125,512.27001953125,515.5900268554688,497.74798583984375,1740100.0
2023-02-07,8.329999923706055,8.40999984741211,8.0600004196167,8.329999923706055,8.329999923706055,42201800.0,21.381999969482422,22.259000778198242,21.149999618530273,22.17300033569336,22.156885147094727,664150000.0,185.5800018310547,193.77999877929688,184.39999389648438,191.6199951171875,190.89080810546875,47080700.0,106.9000015258789,115.20999908447266,106.30999755859375,113.8499984741211,113.8499984741211,5481600.0,84.31999969482422,86.25,82.5199966430664,85.91000366210938,85.91000366210938,65291900,150.63999938964844,155.22999572753906,150.63999938964844,154.64999389648438,152.87255859375,83322600.0,12.149999618530273,12.619999885559082,11.699999809265137,12.1899995803833,12.1899995803833,70218900.0,511.989990234375,517.989990234375,507.3900146484375,516.530029296875,498.65545654296875,1927300.0
2023-02-08,8.25,8.569999694824219,8.170000076293945,8.220000267028809,8.220000267028809,35105500.0,22.386999130249023,22.878000259399414,22.007999420166016,22.204999923706055,22.188859939575195,559651000.0,190.0,190.8300018310547,182.9199981689453,183.42999267578125,182.73196411132812,36139100.0,112.73999786376953,114.44999694824219,110.19000244140625,110.44999694824219,110.44999694824219,2675500.0,85.87999725341797,88.0,84.54000091552734,84.69000244140625,84.69000244140625,54140400,153.8800048828125,154.5800018310547,151.1699981689453,151.9199981689453,150.1739044189453,64120100.0,12.319999694824219,12.399999618530273,11.84000015258789,11.869999885559082,11.869999885559082,38275600.0,511.2900085449219,512.1799926757812,501.55999755859375,503.80999755859375,486.3756103515625,2062900.0
2023-02-09,8.34000015258789,8.430000305175781,7.940000057220459,7.949999809265137,7.949999809265137,33366700.0,22.606000900268555,23.020000457763672,22.1200008392334,22.336999893188477,22.320764541625977,523876000.0,186.1300048828125,186.64999389648438,177.27000427246094,177.9199981689453,177.24293518066406,37118800.0,111.52999877929688,113.27999877929688,109.93000030517578,110.87999725341797,110.87999725341797,1919800.0,85.87999725341797,86.66999816894531,82.76000213623047,83.20999908447266,83.20999908447266,46525400,153.77999877929688,154.3300018310547,150.4199981689453,150.8699951171875,149.13600158691406,56007100.0,11.949999809265137,12.130000114440918,11.359999656677246,11.529999732971191,11.529999732971191,34305000.0,505.2900085449219,509.1600036621094,498.4200134277344,500.6300048828125,483.3056945800781,1517300.0
2023-02-10,7.789999961853027,7.860000133514404,7.460000038146973,7.510000228881836,7.510000228881836,43042400.0,21.690000534057617,22.077999114990234,20.81100082397461,21.264999389648438,21.249544143676758,550737000.0,176.35000610351562,178.88999938964844,173.35000610351562,174.14999389648438,173.48727416992188,33433600.0,110.30000305175781,111.48999786376953,109.33000183105469,111.0999984741211,111.0999984741211,1535100.0,82.29000091552734,82.70999908447266,80.47000122070312,81.4800033569336,81.4800033569336,49332600,149.4600067138672,151.33999633789062,149.22000122070312,151.00999450683594,149.50230407714844,57450700.0,11.369999885559082,11.449999809265137,11.010000228881836,11.15999984741211,11.15999984741211,39694500.0,498.510009765625,500.54998779296875,495.3800048828125,499.989990234375,482.68780517578125,1536800.0
2023-02-13,7.579999923706055,7.775000095367432,7.449999809265137,7.610000133514404,7.610000133514404,87397100.0,21.538000106811523,22.04800033569336,20.961999893188477,21.788000106811523,21.77216148376465,474919000.0,178.22000122070312,181.0,175.82000732421875,179.42999267578125,178.7471923828125,31463200.0,111.4000015258789,112.55999755859375,110.52999877929688,111.37999725341797,111.37999725341797,1400500.0,81.56999969482422,84.1500015258789,80.9000015258789,83.12999725341797,83.12999725341797,45400000,150.9499969482422,154.25999450683594,150.9199981689453,153.85000610351562,152.31394958496094,62199000.0,11.220000267028809,11.710000038146973,11.130000114440918,11.640000343322754,11.640000343322754,28988700.0,501.739990234375,506.7900085449219,501.3500061035156,506.45001220703125,488.9242858886719,1452600.0
2023-02-14,8.59000015258789,9.295000076293945,8.229999542236328,9.220000267028809,9.220000267028809,216055200.0,21.577999114990234,23.048999786376953,21.365999221801758,22.97100067138672,22.954303741455078,675474000.0,177.16000366210938,181.50999450683594,175.8800048828125,179.47999572753906,178.79701232910156,24034600.0,109.38999938964844,112.20999908447266,108.81999969482422,112.08999633789062,112.08999633789062,1511700.0,82.69999694824219,86.19000244140625,81.7699966430664,85.94999694824219,85.94999694824219,55979700,152.1199951171875,153.77000427246094,150.86000061035156,153.1999969482422,151.6704559326172,61707600.0,11.550000190734863,11.960000038146973,11.390000343322754,11.880000114440918,11.880000114440918,34073000.0,505.010009765625,507.8500061035156,498.6300048828125,503.2200012207031,485.8060607910156,1257300.0
2023-02-15,9.15999984741211,10.229999542236328,9.109999656677246,10.109999656677246,10.109999656677246,153210400.0,22.548999786376953,22.854999542236328,22.106000900268555,22.763999938964844,22.747451782226562,420575000.0,176.4199981689453,178.19000244140625,175.3300018310547,177.16000366210938,176.48582458496094,25308900.0,111.97000122070312,116.02999877929688,111.70999908447266,115.94999694824219,115.94999694824219,1855200.0,85.0999984741211,85.88999938964844,83.31999969482422,85.18000030517578,85.18000030517578,46430200,153.11000061035156,155.5,152.8800048828125,155.3300018310547,153.77919006347656,65573800.0,11.819999694824219,12.210000038146973,11.630000114440918,12.1899995803833,12.1899995803833,34244000.0,502.7300109863281,511.4200134277344,501.3399963378906,511.2799987792969,493.58709716796875,1422600.0
2023-02-16,9.649999618530273,10.3100004196167,9.600000381469727,9.710000038146973,9.710000038146973,88638800.0,22.132999420166016,22.549999237060547,21.927000045776367,22.00200080871582,21.986007690429688,412026000.0,172.75,175.85000610351562,171.7899932861328,172.44000244140625,171.78379821777344,25827500.0,114.62999725341797,115.19000244140625,112.18000030517578,112.5199966430664,112.5199966430664,1349300.0,82.9800033569336,83.3499984741211,80.05000305175781,80.08000183105469,80.08000183105469,57755200,153.50999450683594,156.3300018310547,153.35000610351562,153.7100067138672,152.1753387451172,68167900.0,12.0,12.0,11.569999694824219,11.600000381469727,11.600000381469727,30227800.0,503.6099853515625,510.7300109863281,503.6000061035156,504.1000061035156,486.6556091308594,1456000.0
2023-02-17,9.569999694824219,9.710000038146973,9.085000038146973,9.199999809265137,9.199999809265137,62137800.0,21.631000518798828,21.739999771118164,20.975000381469727,21.38800048828125,21.372455596923828,465888000.0,170.22000122070312,173.17999267578125,169.6999969482422,172.8800048828125,172.2221221923828,24171300.0,111.16999816894531,113.12000274658203,110.31999969482422,112.51000213623047,112.51000213623047,1355300.0,79.5999984741211,79.6500015258789,77.37000274658203,78.5,78.5,47826600,152.35000610351562,153.0,150.85000610351562,152.5500030517578,151.02691650390625,59144100.0,11.510000228881836,11.569999694824219,11.15999984741211,11.289999961853027,11.289999961853027,31103300.0,504.2699890136719,507.7099914550781,501.8399963378906,507.4800109863281,489.9186096191406,1340400.0
2023-02-21,9.010000228881836,9.100000381469727,8.399999618530273,8.470000267028809,8.470000267028809,65226600.0,21.0,21.493999481201172,20.618000030517578,20.655000686645508,20.63998794555664,410015000.0,174.30999755859375,178.1699981689453,171.8800048828125,172.0800018310547,171.4251708984375,34592600.0,111.47000122070312,113.2699966430664,111.04000091552734,112.0199966430664,112.0199966430664,1800900.0,77.1500015258789,78.45999908447266,76.44999694824219,76.7699966430664,76.7699966430664,44045600,150.1999969482422,151.3000030517578,148.41000366210938,148.47999572753906,146.99755859375,58867200.0,11.119999885559082,11.279999732971191,11.029999732971191,11.130000114440918,11.130000114440918,20923500.0,500.82000732421875,503.989990234375,496.54998779296875,501.739990234375,484.3772277832031,1811800.0
2023-02-22,8.479999542236328,8.625,8.15999984741211,8.359999656677246,8.359999656677246,55346000.0,20.707000732421875,21.104000091552734,20.42099952697754,20.753999710083008,20.73891258239746,513184000.0,171.07000732421875,172.75999450683594,169.69000244140625,171.1199951171875,170.46881103515625,22433200.0,112.37999725341797,113.08000183105469,110.5999984741211,111.23999786376953,111.23999786376953,1634800.0,76.93000030517578,78.12999725341797,75.91999816894531,76.61000061035156,76.61000061035156,50286800,148.8699951171875,149.9499969482422,147.16000366210938,148.91000366210938,147.4232635498047,51011300.0,11.069999694824219,11.34000015258789,10.880000114440918,11.039999961853027,11.039999961853027,25605800.0,503.9200134277344,505.4599914550781,496.6000061035156,497.3900146484375,480.1778259277344,1332000.0
2023-02-23,8.420000076293945,8.479999542236328,7.909999847412109,8.170000076293945,8.170000076293945,60015500.0,23.440000534057617,23.88800048828125,23.024999618530273,23.663999557495117,23.646799087524414,1117995000.0,172.0,173.69000244140625,169.3800048828125,172.0399932861328,171.38531494140625,20017800.0,111.5199966430664,111.88999938964844,109.41000366210938,110.37000274658203,110.37000274658203,1190600.0,80.62999725341797,81.79000091552734,77.97000122070312,79.75,79.75,76391300,150.08999633789062,150.33999633789062,147.24000549316406,149.39999389648438,147.90838623046875,48394200.0,11.15999984741211,11.220000267028809,10.670000076293945,10.890000343322754,10.890000343322754,28657500.0,498.79998779296875,498.8599853515625,487.8599853515625,493.1400146484375,476.07489013671875,1546300.0
2023-02-24,7.940000057220459,8.199999809265137,7.869999885559082,8.09000015258789,8.09000015258789,41518600.0,23.225000381469727,23.474000930786133,22.94700050354004,23.285999298095703,23.269075393676758,589716000.0,168.63999938964844,170.72000122070312,167.66000366210938,170.38999938964844,169.74159240722656,19791300.0,108.76000213623047,110.37000274658203,107.91999816894531,109.30000305175781,109.30000305175781,1218300.0,77.75,78.80999755859375,76.94000244140625,78.08999633789062,78.08999633789062,46700000,147.11000061035156,147.19000244140625,145.72000122070312,146.7100067138672,145.24526977539062,55469600.0,10.680000305175781,10.760000228881836,10.380000114440918,10.59000015258789,10.59000015258789,32077800.0,488.5799865722656,490.3599853515625,484.70001220703125,488.6099853515625,471.70166015625,1587600.0
2023-02-27,8.119999885559082,8.229999542236328,7.960000038146973,8.029999732971191,8.029999732971191,35270000.0,23.670000076293945,23.8799991607666,23.45400047302246,23.500999450683594,23.483915328979492,452994000.0,171.8800048828125,173.1199951171875,169.05999755859375,169.5399932861328,168.89483642578125,19277000.0,110.13999938964844,111.11000061035156,109.38999938964844,110.08000183105469,110.08000183105469,1204200.0,79.63999938964844,80.12000274658203,78.52999877929688,78.7699966430664,78.7699966430664,45617300,147.7100067138672,149.1699981689453,147.4499969482422,147.9199981689453,146.4431610107422,44998500.0,10.819999694824219,10.989999771118164,10.760000228881836,10.829999923706055,10.829999923706055,23336700.0,492.54998779296875,493.0,485.67999267578125,487.0299987792969,470.17626953125,1501700.0
2023-02-28,7.960000038146973,8.097000122070312,7.800000190734863,7.840000152587891,7.840000152587891,32937000.0,23.371999740600586,23.825000762939453,23.20599937438965,23.215999603271484,23.199125289916992,455963000.0,171.89999389648438,177.5500030517578,171.8699951171875,174.94000244140625,174.2742919921875,46051100.0,110.19999694824219,111.0999984741211,109.19999694824219,109.55000305175781,109.55000305175781,1418300.0,77.87000274658203,80.13999938964844,77.41999816894531,78.58000183105469,78.58000183105469,44220100,147.0500030517578,149.0800018310547,146.8300018310547,147.41000366210938,145.93824768066406,50547000.0,10.5600004196167,10.699999809265137,10.25,10.619999885559082,10.619999885559082,39800000.0,485.6000061035156,488.8800048828125,483.7799987792969,484.17999267578125,467.4248962402344,1918200.0
2023-03-01,7.829999923706055,7.909999847412109,7.690000057220459,7.690000057220459,7.690000057220459,27939100.0,23.191999435424805,23.256000518798828,22.507999420166016,22.697999954223633,22.681499481201172,460026000.0,174.58999633789062,177.85000610351562,173.0500030517578,173.4199981689453,172.76007080078125,30998400.0,109.91000366210938,110.58999633789062,108.4800033569336,108.69999694824219,108.69999694824219,1011700.0,78.55000305175781,80.29000091552734,77.87999725341797,78.29000091552734,78.29000091552734,44266000,146.8300018310547,147.22999572753906,145.00999450683594,145.30999755859375,143.85922241210938,55479000.0,10.619999885559082,10.760000228881836,10.510000228881836,10.59000015258789,10.59000015258789,26906600.0,481.1000061035156,482.5799865722656,475.0199890136719,478.6700134277344,462.1056213378906,1759300.0
2023-03-02,7.590000152587891,8.029999732971191,7.559999942779541,7.96999979019165,7.96999979019165,36538700.0,22.488000869750977,23.3799991607666,22.43199920654297,23.31399917602539,23.297054290771484,389415000.0,172.3800048828125,175.00999450683594,171.42999267578125,174.52999877929688,173.86582946777344,17352000.0,111.26000213623047,115.29000091552734,111.01000213623047,115.27999877929688,115.27999877929688,4321600.0,77.56999969482422,80.91999816894531,76.6500015258789,80.44000244140625,80.44000244140625,60108600,144.3800048828125,146.7100067138672,143.89999389648438,145.91000366210938,144.4532470703125,52238100.0,10.4399995803833,10.800000190734863,10.350000381469727,10.760000228881836,10.760000228881836,22463300.0,477.3599853515625,487.42999267578125,475.55999755859375,485.69000244140625,468.8826904296875,2379200.0
2023-03-03,8.0,8.5,8.0,8.329999923706055,8.329999923706055,43229100.0,23.31999969482422,23.899999618530273,23.1299991607666,23.889999389648438,23.872634887695312,412393000.0,178.9199981689453,186.6199951171875,177.0500030517578,185.25,184.5450439453125,45877700.0,115.79000091552734,116.95999908447266,115.5,116.69999694824219,116.69999694824219,2119600.0,80.4000015258789,81.62999725341797,79.33999633789062,81.5199966430664,81.5199966430664,54536200,148.0399932861328,151.11000061035156,147.3300018310547,151.02999877929688,149.5220947265625,70732300.0,10.989999771118164,11.199999809265137,10.850000381469727,11.109999656677246,11.109999656677246,29919900.0,474.8299865722656,476.0,465.3299865722656,475.260009765625,458.8135681152344,5354200.0
2023-03-06,8.34000015258789,8.449999809265137,8.199999809265137,8.279999732971191,8.279999732971191,28316200.0,23.891000747680664,24.24799919128418,23.48699951171875,23.554000854492188,23.536880493164062,437429000.0,188.0,189.66000366210938,184.63999938964844,184.89999389648438,184.19638061523438,33209400.0,117.0,118.94000244140625,115.61000061035156,115.70999908447266,115.70999908447266,1461500.0,82.02999877929688,83.30000305175781,81.04000091552734,81.16000366210938,81.16000366210938,54541300,153.7899932861328,156.3000030517578,153.4600067138672,153.8300018310547,152.29417419433594,87558000.0,11.1899995803833,11.529999732971191,11.069999694824219,11.069999694824219,11.069999694824219,32128800.0,476.5199890136719,488.82000732421875,475.5199890136719,483.0799865722656,466.36297607421875,3104700.0
2023-03-07,8.274999618530273,8.425000190734863,8.1899995803833,8.279999732971191,8.279999732971191,26819600.0,23.600000381469727,24.125,23.240999221801758,23.288000106811523,23.275028228759766,515154000.0,189.0,190.36000061035156,184.00999450683594,184.50999450683594,183.807861328125,36701500.0,115.95999908447266,119.44999694824219,115.83000183105469,116.87999725341797,116.87999725341797,2273500.0,81.06999969482422,84.8499984741211,80.66999816894531,82.11000061035156,82.11000061035156,70959000,153.6999969482422,154.02999877929688,151.1300048828125,151.60000610351562,150.08642578125,56182000.0,11.0600004196167,11.199999809265137,10.859999656677246,10.869999885559082,10.869999885559082,24794000.0,486.1000061035156,495.2099914550781,485.0,485.1499938964844,468.361328125,2659100.0
2023-03-08,8.359999656677246,8.579999923706055,8.0600004196167,8.130000114440918,8.130000114440918,38723600.0,23.48699951171875,24.200000762939453,23.423999786376953,24.180999755859375,24.167530059814453,513573000.0,182.8699951171875,185.25999450683594,181.33999633789062,184.97000122070312,184.26611328125,19432400.0,116.38999938964844,116.98999786376953,115.70999908447266,116.30999755859375,116.30999755859375,820100.0,82.79000091552734,85.7699966430664,82.27999877929688,85.37000274658203,85.37000274658203,69529800,152.80999755859375,153.47000122070312,151.8300018310547,152.8699951171875,151.34375,47204800.0,10.850000381469727,10.970000267028809,10.449999809265137,10.529999732971191,10.529999732971191,29901000.0,483.0,486.8800048828125,481.1400146484375,486.0400085449219,469.2205810546875,1548500.0
2023-03-09,8.069999694824219,8.260000228881836,7.679999828338623,7.690000057220459,7.690000057220459,29005900.0,24.174999237060547,24.45400047302246,23.382999420166016,23.43600082397461,23.422943115234375,501257000.0,186.35000610351562,188.92999267578125,180.3000030517578,181.69000244140625,180.99859619140625,26582800.0,116.26000213623047,117.0999984741211,112.69999694824219,112.95999908447266,112.95999908447266,1283700.0,85.29000091552734,87.80999755859375,83.58999633789062,84.02999877929688,84.02999877929688,79496700,153.55999755859375,154.5399932861328,150.22999572753906,150.58999633789062,149.0865020751953,53833600.0,10.510000228881836,10.59000015258789,9.9399995803833,9.989999771118164,9.989999771118164,37505400.0,487.4800109863281,490.0,478.6199951171875,479.5199890136719,462.9261779785156,1629400.0
2023-03-10,7.590000152587891,7.679999828338623,7.28000020980835,7.349999904632568,7.349999904632568,41953600.0,23.409000396728516,23.62700080871582,22.72599983215332,22.96500015258789,22.95220375061035,474866000.0,181.00999450683594,184.77000427246094,178.8000030517578,179.50999450683594,178.82688903808594,25665000.0,112.25,113.4000015258789,109.69000244140625,110.58000183105469,110.58000183105469,1429600.0,84.47000122070312,85.44999694824219,81.62999725341797,82.66999816894531,82.66999816894531,70273600,150.2100067138672,150.94000244140625,147.61000061035156,148.5,147.0173797607422,68572400.0,9.960000038146973,10.069999694824219,9.520000457763672,9.6899995803833,9.6899995803833,46525200.0,478.9800109863281,480.4599914550781,468.3800048828125,471.1400146484375,454.8361511230469,2123000.0
2023-03-13,7.289999961853027,8.149999618530273,7.190000057220459,7.869999885559082,7.869999885559082,63183500.0,22.75200080871582,23.29800033569336,22.297000885009766,22.965999603271484,22.953203201293945,421890000.0,177.9600067138672,183.77999877929688,174.82000732421875,180.89999389648438,180.2115936279297,24728000.0,110.23999786376953,112.37999725341797,108.38999938964844,111.33000183105469,111.33000183105469,1215400.0,81.38999938964844,83.83000183105469,78.5199966430664,82.01000213623047,82.01000213623047,65269100,147.80999755859375,153.13999938964844,147.6999969482422,150.47000122070312,148.96771240234375,84457100.0,9.4399995803833,9.5600004196167,9.109999656677246,9.239999771118164,9.239999771118164,50015700.0,466.79998779296875,476.69000244140625,466.79998779296875,472.0,455.6664123535156,1799600.0
2023-03-14,8.050000190734863,8.140000343322754,7.78000020980835,7.889999866485596,7.889999866485596,33460100.0,23.496000289916992,24.2189998626709,23.459999084472656,24.062999725341797,24.049592971801758,474910000.0,187.5800018310547,194.32000732421875,186.55999755859375,194.02000427246094,193.28167724609375,41642600.0,112.5,115.30999755859375,111.94999694824219,113.80999755859375,113.80999755859375,1267400.0,83.66999816894531,88.30000305175781,83.58999633789062,87.44999694824219,87.44999694824219,66616300,151.27999877929688,153.39999389648438,150.10000610351562,152.58999633789062,151.06654357910156,73695900.0,9.470000267028809,9.5600004196167,9.010000228881836,9.069999694824219,9.069999694824219,45033700.0,475.42999267578125,485.1600036621094,473.0,481.9200134277344,465.2431640625,2422900.0
2023-03-15,7.809999942779541,7.989999771118164,7.699999809265137,7.900000095367432,7.900000095367432,28217400.0,23.76099967956543,24.285999298095703,23.360000610351562,24.22800064086914,24.21450424194336,524486000.0,192.9499969482422,197.77999877929688,190.83999633789062,197.75,196.9974822998047,42123600.0,113.08999633789062,113.9000015258789,111.75,113.30999755859375,113.30999755859375,1086900.0,86.7699966430664,90.41999816894531,86.22000122070312,89.68000030517578,89.68000030517578,86177400,151.19000244140625,153.25,149.9199981689453,152.99000549316406,151.46255493164062,77167900.0,8.720000267028809,8.890000343322754,8.369999885559082,8.729999542236328,8.729999542236328,54438600.0,481.510009765625,487.0199890136719,478.5400085449219,485.6600036621094,468.8537292480469,2226300.0
2023-03-16,8.010000228881836,8.079999923706055,7.860000133514404,7.980000019073486,7.980000019073486,20255400.0,24.027000427246094,25.58799934387207,23.893999099731445,25.541000366210938,25.526769638061523,583253000.0,198.25999450683594,205.75999450683594,196.08999633789062,204.92999267578125,204.150146484375,50447100.0,113.11000061035156,115.93000030517578,112.43000030517578,115.55000305175781,115.55000305175781,1516500.0,89.72000122070312,96.69000244140625,89.0199966430664,96.5999984741211,96.5999984741211,115839200,152.16000366210938,156.4600067138672,151.63999938964844,155.85000610351562,154.2939910888672,76161100.0,8.550000190734863,9.15999984741211,8.489999771118164,9.029999732971191,9.029999732971191,51497900.0,484.92999267578125,488.1400146484375,482.760009765625,487.260009765625,470.3983459472656,1979600.0
2023-03-17,7.929999828338623,8.029999732971191,7.840000152587891,7.880000114440918,7.880000114440918,20920800.0,25.98200035095215,26.39900016784668,25.667999267578125,25.725000381469727,25.71067237854004,848547000.0,200.55999755859375,201.89999389648438,195.42999267578125,195.61000061035156,194.86563110351562,50141100.0,116.0,116.44000244140625,114.51000213623047,116.27999877929688,116.27999877929688,2835200.0,96.66000366210938,98.75,95.94000244140625,97.83999633789062,97.83999633789062,94080800,156.0800018310547,156.74000549316406,154.27999877929688,155.0,153.45249938964844,98944600.0,8.890000343322754,8.979999542236328,8.550000190734863,8.550000190734863,8.550000190734863,53049200.0,489.07000732421875,489.8999938964844,481.510009765625,487.04998779296875,470.19561767578125,3959300.0
2023-03-20,7.764999866485596,8.095000267028809,7.71999979019165,8.079999923706055,8.079999923706055,25497400.0,25.614999771118164,26.02400016784668,25.1299991607666,25.899999618530273,25.885570526123047,432747000.0,198.47999572753906,199.36000061035156,193.63999938964844,197.80999755859375,197.05726623535156,25186300.0,115.58999633789062,117.05999755859375,115.37000274658203,116.30999755859375,116.30999755859375,1974400.0,96.30000305175781,96.94000244140625,92.9000015258789,96.80999755859375,96.80999755859375,92008900,155.07000732421875,157.82000732421875,154.14999389648438,157.39999389648438,155.82850646972656,73641400.0,8.579999923706055,8.890000343322754,8.520000457763672,8.609999656677246,8.609999656677246,45019800.0,488.0,490.7900085449219,485.7200012207031,489.2900085449219,472.35809326171875,1623800.0
2023-03-21,8.199999809265137,8.510000228881836,8.170000076293945,8.449999809265137,8.449999809265137,27104500.0,26.18000030517578,26.392000198364258,25.381000518798828,26.198999404907227,26.184404373168945,547408000.0,203.1999969482422,203.5500030517578,197.9499969482422,202.16000366210938,201.3907012939453,31827000.0,116.4800033569336,119.23999786376953,115.75,118.58999633789062,118.58999633789062,1537300.0,97.0,99.45999908447266,93.63999938964844,95.93000030517578,95.93000030517578,85285300,157.32000732421875,159.39999389648438,156.5399932861328,159.27999877929688,157.6897430419922,73938300.0,8.949999809265137,9.210000038146973,8.949999809265137,9.119999885559082,9.119999885559082,43641300.0,493.0,493.0,485.989990234375,490.8500061035156,473.8641052246094,1664000.0
2023-03-22,8.4399995803833,8.619999885559082,8.199999809265137,8.210000038146973,8.210000038146973,34151000.0,26.424999237060547,27.589000701904297,26.23699951171875,26.468000411987305,26.4532527923584,797295000.0,202.5,207.3699951171875,199.6699981689453,199.80999755859375,199.0496368408203,28477800.0,118.31999969482422,118.56999969482422,113.51000213623047,113.55999755859375,113.55999755859375,1373700.0,95.6500015258789,101.69999694824219,95.63999938964844,97.58000183105469,97.58000183105469,110816300,159.3000030517578,162.13999938964844,157.80999755859375,157.8300018310547,156.2542266845703,75701800.0,9.149999618530273,9.460000038146973,8.970000267028809,8.989999771118164,8.989999771118164,47728500.0,489.4599914550781,496.6199951171875,487.3500061035156,487.5199890136719,470.64935302734375,1299700.0
2023-03-23,8.319999694824219,8.5600004196167,8.15999984741211,8.329999923706055,8.329999923706055,22662200.0,27.114999771118164,27.499000549316406,26.690000534057617,27.19099998474121,27.175851821899414,564889000.0,202.83999633789062,207.8800048828125,202.14999389648438,204.27999877929688,203.5026397705078,27389700.0,114.0,119.02999877929688,114.0,117.4800033569336,117.4800033569336,2357600.0,100.05000305175781,102.43000030517578,98.66999816894531,100.27999877929688,100.27999877929688,84088900,158.8300018310547,161.5500030517578,157.67999267578125,158.92999267578125,157.34323120117188,67622100.0,9.050000190734863,9.5600004196167,8.989999771118164,9.220000267028809,9.220000267028809,57700900.0,490.69000244140625,493.25,484.2900085449219,487.760009765625,470.8810729980469,1565900.0
2023-03-24,8.289999961853027,8.350000381469727,8.0600004196167,8.199999809265137,8.199999809265137,17901200.0,27.0310001373291,27.16699981689453,26.354999542236328,26.77899932861328,26.764080047607422,454920000.0,205.17999267578125,207.5800018310547,203.5500030517578,206.00999450683594,205.22604370117188,27716400.0,118.81999969482422,120.04000091552734,117.11000061035156,118.12000274658203,118.12000274658203,1178000.0,99.18000030517578,99.5199966430664,96.73999786376953,97.94999694824219,97.94999694824219,64712400,158.86000061035156,160.33999633789062,157.85000610351562,160.25,158.65005493164062,59196500.0,9.079999923706055,9.270000457763672,8.960000038146973,9.229999542236328,9.229999542236328,45523800.0,486.94000244140625,495.9700012207031,486.55999755859375,495.2699890136719,478.131103515625,1635200.0
2023-03-27,8.149999618530273,8.319999694824219,7.940000057220459,8.039999961853027,8.039999961853027,20666800.0,26.836999893188477,27.0,26.364999771118164,26.5310001373291,26.51622200012207,361026000.0,204.80999755859375,205.86000061035156,201.36000061035156,202.83999633789062,202.068115234375,18527200.0,118.19999694824219,118.5,116.13999938964844,116.9800033569336,116.9800033569336,1036800.0,98.0199966430664,98.93000030517578,95.43000030517578,96.61000061035156,96.61000061035156,57461400,159.94000244140625,160.77000427246094,157.8699951171875,158.27999877929688,156.6997528076172,52390300.0,9.529999732971191,9.720000267028809,8.680000305175781,8.789999961853027,8.789999961853027,93540200.0,497.2799987792969,499.8599853515625,492.510009765625,493.2200012207031,476.1520690917969,1452100.0
2023-03-28,8.0600004196167,8.119999885559082,7.96999979019165,8.0,8.0,14860500.0,26.44700050354004,26.51300048828125,25.850000381469727,26.40999984741211,26.395286560058594,356104000.0,200.14999389648438,201.02999877929688,197.89999389648438,200.67999267578125,199.91632080078125,19127300.0,116.16999816894531,116.94000244140625,114.83999633789062,115.55000305175781,115.55000305175781,983400.0,96.7699966430664,96.94000244140625,92.87000274658203,94.55999755859375,94.55999755859375,59150100,157.97000122070312,158.49000549316406,155.97999572753906,157.64999389648438,156.07598876953125,45992200.0,8.9399995803833,9.479999542236328,8.9399995803833,9.329999923706055,9.329999923706055,72930100.0,492.6099853515625,494.05999755859375,485.4100036621094,486.7699890136719,469.92523193359375,1407800.0
2023-03-29,8.09000015258789,8.25,8.050999641418457,8.220000267028809,8.220000267028809,15339700.0,26.825000762939453,27.077999114990234,26.597000122070312,26.983999252319336,26.968965530395508,393694000.0,203.55999755859375,205.72000122070312,202.5399932861328,205.35000610351562,204.5685577392578,18851100.0,116.26000213623047,116.9000015258789,115.30000305175781,116.66999816894531,116.66999816894531,770900.0,96.06999969482422,96.91000366210938,94.87000274658203,96.08999633789062,96.08999633789062,55326000,159.3699951171875,161.0500030517578,159.35000610351562,160.77000427246094,159.16488647460938,51305700.0,9.670000076293945,9.960000038146973,9.569999694824219,9.890000343322754,9.890000343322754,55593500.0,489.20001220703125,491.29998779296875,485.8999938964844,490.8699951171875,473.8833923339844,1643000.0
2023-03-30,8.329999923706055,8.380000114440918,8.050000190734863,8.149999618530273,8.149999618530273,21001600.0,27.229000091552734,27.499000549316406,27.101999282836914,27.382999420166016,27.36774444580078,364516000.0,203.3800048828125,208.08999633789062,202.82000732421875,207.83999633789062,207.04908752441406,22608300.0,117.63999938964844,117.69999694824219,115.87999725341797,116.58999633789062,116.58999633789062,859300.0,98.0,99.52999877929688,97.25,97.87999725341797,97.87999725341797,59678500,161.52999877929688,162.47000122070312,161.27000427246094,162.36000061035156,160.73899841308594,49501700.0,10.119999885559082,10.300000190734863,10.0600004196167,10.15999984741211,10.15999984741211,46584200.0,493.0,495.739990234375,491.0,491.4800109863281,474.47235107421875,1545500.0
2023-03-31,8.149999618530273,8.479999542236328,8.079999923706055,8.449999809265137,8.449999809265137,26174800.0,27.139999389648438,27.833999633789062,27.104999542236328,27.777000427246094,27.761524200439453,433933000.0,207.24000549316406,212.1699981689453,206.77000427246094,211.94000244140625,211.13348388671875,25440300.0,117.06999969482422,119.91999816894531,116.70999908447266,119.30000305175781,119.30000305175781,1436200.0,96.33999633789062,98.36000061035156,95.2699966430664,98.01000213623047,98.01000213623047,55861100,162.44000244140625,165.0,161.91000366210938,164.89999389648438,163.2536163330078,68749800.0,10.279999732971191,10.350000381469727,10.0600004196167,10.149999618530273,10.149999618530273,37314300.0,495.0,498.3599853515625,493.94000244140625,496.8699951171875,479.6758117675781,2082000.0
2023-04-03,8.369999885559082,8.529999732971191,8.210000038146973,8.380000114440918,8.380000114440918,22512000.0,27.509000778198242,28.0,27.336000442504883,27.96500015258789,27.949420928955078,398716000.0,208.83999633789062,213.49000549316406,208.1999969482422,213.07000732421875,212.2592010498047,17924600.0,118.77999877929688,119.43000030517578,118.0999984741211,118.69000244140625,118.69000244140625,1350100.0,96.69999694824219,96.79000091552734,94.80999755859375,96.55999755859375,96.55999755859375,50655300,164.27000427246094,166.2899932861328,164.22000122070312,166.1699981689453,164.5109405517578,56976200.0,9.979999542236328,10.069999694824219,9.819999694824219,9.970000267028809,9.970000267028809,39031900.0,496.5,499.20001220703125,495.0,497.0299987792969,479.8302001953125,1804700.0
2023-04-04,8.529999732971191,8.539999961853027,8.229999542236328,8.350000381469727,8.350000381469727,23961200.0,27.965999603271484,28.0,27.30699920654297,27.452999114990234,27.43770408630371,368592000.0,213.38999938964844,216.24000549316406,212.5399932861328,214.72000122070312,213.90289306640625,21026400.0,119.12000274658203,121.83999633789062,118.75,121.63999938964844,121.63999938964844,1647600.0,97.04000091552734,97.2699966430664,95.20999908447266,95.87000274658203,95.87000274658203,43195900,166.60000610351562,166.83999633789062,165.11000061035156,165.6300048828125,163.97634887695312,46278300.0,10.069999694824219,10.119999885559082,9.550000190734863,9.850000381469727,9.850000381469727,38016300.0,496.5,502.5799865722656,495.5,497.7300109863281,480.5060729980469,1913300.0
2023-04-05,8.630000114440918,8.649999618530273,7.840000152587891,7.980000019073486,7.980000019073486,54946900.0,26.82900047302246,26.99799919128418,26.395000457763672,26.881000518798828,26.866025924682617,515015000.0,214.14999389648438,215.19000244140625,209.94000244140625,211.47999572753906,210.67523193359375,19396600.0,121.48999786376953,121.48999786376953,118.98999786376953,120.9800033569336,120.9800033569336,1142700.0,94.3499984741211,94.5,91.36000061035156,92.55999755859375,92.55999755859375,52979300,164.74000549316406,165.0500030517578,161.8000030517578,163.75999450683594,162.125,51511700.0,9.779999732971191,9.890000343322754,9.609999656677246,9.65999984741211,9.65999984741211,25510600.0,499.0,504.1300048828125,495.1600036621094,497.1300048828125,479.92681884765625,1941500.0
2023-04-06,7.880000114440918,8.140000343322754,7.789999961853027,8.09000015258789,8.09000015258789,23488600.0,26.583999633789062,27.079999923706055,26.427000045776367,27.03700065612793,27.021936416625977,397654000.0,209.25,216.94000244140625,208.64999389648438,216.10000610351562,215.2776641845703,26104400.0,120.5,120.9800033569336,118.7300033569336,119.0,119.0,1508400.0,91.47000122070312,92.91000366210938,90.62000274658203,92.47000122070312,92.47000122070312,47778400,162.42999267578125,164.9600067138672,162.0,164.66000366210938,163.01602172851562,45390100.0,9.720000267028809,9.880000114440918,9.539999961853027,9.729999542236328,9.729999542236328,28095400.0,482.0,487.8500061035156,477.5,485.9800109863281,469.1626281738281,4114700.0
2023-04-10,8.0,8.4399995803833,7.900000095367432,8.390000343322754,8.390000343322754,29184700.0,26.822999954223633,27.621000289916992,26.66900062561035,27.57900047302246,27.563634872436523,395279000.0,214.7100067138672,215.66000366210938,210.66000366210938,214.75,213.9327850341797,16106100.0,118.0199966430664,121.2300033569336,117.3499984741211,121.04000091552734,121.04000091552734,942300.0,91.31999969482422,95.80000305175781,91.0199966430664,95.4800033569336,95.4800033569336,52536300,161.4199981689453,162.02999877929688,160.0800018310547,162.02999877929688,160.41229248046875,47716900.0,9.600000381469727,9.890000343322754,9.5600004196167,9.869999885559082,9.869999885559082,24047400.0,483.8999938964844,493.8999938964844,481.6600036621094,493.8299865722656,476.7409973144531,1653600.0
2023-04-11,8.350000381469727,8.789999961853027,8.34000015258789,8.609999656677246,8.609999656677246,35617900.0,27.724000930786133,27.790000915527344,27.125999450683594,27.16900062561035,27.15386390686035,314378000.0,215.47999572753906,216.02000427246094,213.41000366210938,213.85000610351562,213.0362091064453,16710100.0,120.7300033569336,121.79000091552734,120.31999969482422,120.38999938964844,120.38999938964844,1204300.0,96.05999755859375,96.06999969482422,92.69000244140625,94.02999877929688,94.02999877929688,51935800,162.35000610351562,162.36000061035156,160.50999450683594,160.8000030517578,159.194580078125,47644200.0,9.90999984741211,10.140000343322754,9.789999961853027,10.039999961853027,10.039999961853027,26263500.0,493.8299865722656,499.989990234375,493.0,498.6499938964844,481.39422607421875,1547400.0
2023-04-12,8.75,8.774999618530273,8.300000190734863,8.329999923706055,8.329999923706055,28771300.0,27.3700008392334,27.468000411987305,26.447999954223633,26.4950008392334,26.480239868164062,446259000.0,214.83999633789062,216.83999633789062,212.5800018310547,214.0,213.18563842773438,18972200.0,118.75,121.08999633789062,118.5,119.68000030517578,119.68000030517578,1195600.0,94.97000122070312,95.0,91.73999786376953,92.33000183105469,92.33000183105469,53383100,161.22000122070312,162.05999755859375,159.77999877929688,160.10000610351562,158.50157165527344,50133100.0,10.1899995803833,10.229999542236328,9.600000381469727,9.619999885559082,9.619999885559082,34149900.0,500.0,500.04998779296875,488.5400085449219,489.3500061035156,472.4159851074219,2063700.0
2023-04-13,8.5,8.699999809265137,8.430000305175781,8.579999923706055,8.579999923706055,27983300.0,26.733999252319336,26.886999130249023,26.32900047302246,26.46299934387207,26.448257446289062,353615000.0,215.72999572753906,221.14999389648438,215.69000244140625,220.35000610351562,219.51148986816406,23310400.0,120.69999694824219,123.05999755859375,120.69999694824219,122.01000213623047,122.01000213623047,1299100.0,92.79000091552734,93.16000366210938,91.83000183105469,92.08999633789062,92.08999633789062,40572500,161.6300048828125,165.8000030517578,161.4199981689453,165.55999755859375,163.9070281982422,68445600.0,9.720000267028809,9.850000381469727,9.699999809265137,9.770000457763672,9.770000457763672,21807900.0,493.489990234375,498.44000244140625,490.30999755859375,497.8900146484375,480.66046142578125,1600500.0
2023-04-14,8.529999732971191,8.90999984741211,8.470000267028809,8.8100004196167,8.8100004196167,42364500.0,26.503999710083008,26.882999420166016,26.219999313354492,26.757999420166016,26.743091583251953,395660000.0,217.8800048828125,222.11000061035156,217.5500030517578,221.49000549316406,220.64715576171875,21591200.0,121.81999969482422,123.20999908447266,121.5,123.06999969482422,123.06999969482422,1304300.0,91.81999969482422,92.97000122070312,90.5,91.75,91.75,38734800,164.58999633789062,166.32000732421875,163.82000732421875,165.2100067138672,163.560546875,49386500.0,9.819999694824219,9.869999885559082,9.550000190734863,9.600000381469727,9.600000381469727,21640200.0,496.19000244140625,500.3699951171875,490.1600036621094,491.29998779296875,474.2985534667969,1675300.0
2023-04-17,8.8100004196167,9.039999961853027,8.779999732971191,8.800000190734863,8.800000190734863,26047500.0,26.565000534057617,27.006000518798828,26.433000564575195,27.00200080871582,26.986957550048828,321471000.0,219.7899932861328,220.97999572753906,217.1300048828125,218.86000061035156,218.02716064453125,15481900.0,123.0,124.83000183105469,122.62999725341797,124.37999725341797,124.37999725341797,1228600.0,90.2300033569336,90.69000244140625,88.30000305175781,89.87000274658203,89.87000274658203,47250800,165.08999633789062,165.38999938964844,164.02999877929688,165.22999572753906,163.580322265625,41516200.0,9.619999885559082,9.800000190734863,9.510000228881836,9.75,9.75,24539000.0,492.7699890136719,497.8900146484375,491.1499938964844,493.94000244140625,476.84716796875,1411800.0
2023-04-18,8.930000305175781,9.020000457763672,8.720000267028809,8.729999542236328,8.729999542236328,21185300.0,27.533000946044922,28.110000610351562,27.35700035095215,27.66699981689453,27.651586532592773,604812000.0,219.91000366210938,220.44000244140625,216.2100067138672,217.88999938964844,217.0608367919922,12281000.0,124.18000030517578,124.7300033569336,123.2300033569336,124.30999755859375,124.30999755859375,1108200.0,91.61000061035156,92.16000366210938,89.33000183105469,89.77999877929688,89.77999877929688,46246300,166.10000610351562,167.41000366210938,165.64999389648438,166.47000122070312,164.80795288085938,49923000.0,9.760000228881836,9.859999656677246,9.65999984741211,9.84000015258789,9.84000015258789,22055200.0,496.1000061035156,497.6300048828125,494.1199951171875,496.8999938964844,479.70477294921875,1339600.0
2023-04-19,8.579999923706055,8.657999992370605,8.479999542236328,8.489999771118164,8.489999771118164,18193700.0,27.361000061035156,28.0,27.23200035095215,27.930999755859375,27.915437698364258,358660000.0,213.47000122070312,217.3300018310547,212.92999267578125,215.6999969482422,214.87916564941406,15898100.0,123.33000183105469,124.43000030517578,122.98999786376953,123.3499984741211,123.3499984741211,979700.0,88.51000213623047,90.54000091552734,88.22000122070312,89.94000244140625,89.94000244140625,37344500,165.8000030517578,168.16000366210938,165.5399932861328,167.6300048828125,165.9563751220703,47720200.0,9.699999809265137,9.850000381469727,9.520000457763672,9.800000190734863,9.800000190734863,25981000.0,497.1300048828125,497.989990234375,493.8299865722656,496.0299987792969,478.8648986816406,1098800.0
2023-04-20,8.289999961853027,8.5,8.130000114440918,8.149999618530273,8.149999618530273,23573000.0,27.67099952697754,28.030000686645508,27.0,27.104000091552734,27.08890151977539,427713000.0,213.47999572753906,216.75,212.77000427246094,213.07000732421875,212.2592010498047,16475400.0,122.9000015258789,125.38999938964844,122.7699966430664,125.13999938964844,125.13999938964844,1158600.0,88.83000183105469,91.58000183105469,88.7300033569336,90.11000061035156,90.11000061035156,47082700,166.08999633789062,167.8699951171875,165.55999755859375,166.64999389648438,164.98614501953125,52456400.0,9.630000114440918,9.65999984741211,9.300000190734863,9.329999923706055,9.329999923706055,38877300.0,495.75,510.6600036621094,495.510009765625,505.5799865722656,488.0843811035156,2936500.0
2023-04-21,8.140000343322754,8.220000267028809,8.09000015258789,8.180000305175781,8.180000305175781,14896700.0,26.95199966430664,27.183000564575195,26.722000122070312,27.118999481201172,27.1038875579834,345103000.0,210.2100067138672,213.41000366210938,209.5800018310547,212.88999938964844,212.07986450195312,17717200.0,125.16000366210938,125.4800033569336,124.7699966430664,124.98999786376953,124.98999786376953,916800.0,89.80000305175781,89.80000305175781,88.05999755859375,88.43000030517578,88.43000030517578,41118300,165.0500030517578,166.4499969482422,164.49000549316406,165.02000427246094,163.3724365234375,58337300.0,9.300000190734863,9.380000114440918,9.069999694824219,9.380000114440918,9.380000114440918,28720300.0,509.3699951171875,510.6400146484375,505.4599914550781,506.3500061035156,488.8277282714844,1508600.0
2023-04-24,8.15999984741211,8.25,7.940000057220459,8.100000381469727,8.100000381469727,20439300.0,27.01300048828125,27.365999221801758,26.67099952697754,27.04199981689453,27.026933670043945,339282000.0,213.67999267578125,213.9199981689453,210.7100067138672,212.7899932861328,211.98023986816406,15750900.0,124.61000061035156,128.0,124.2699966430664,127.79000091552734,127.79000091552734,1958200.0,88.11000061035156,88.63999938964844,86.33999633789062,87.56999969482422,87.56999969482422,40423800,165.0,165.60000610351562,163.88999938964844,165.3300018310547,163.67935180664062,41949600.0,9.319999694824219,9.4399995803833,9.140000343322754,9.279999732971191,9.279999732971191,23084800.0,506.1000061035156,511.69000244140625,505.80999755859375,511.4200134277344,493.7223205566406,1374100.0
2023-04-25,8.0,8.020000457763672,7.730000019073486,7.739999771118164,7.739999771118164,21849100.0,27.077999114990234,27.246999740600586,26.225000381469727,26.240999221801758,26.22637939453125,378527000.0,210.82000732421875,211.25999450683594,207.1300048828125,207.5500030517578,206.76019287109375,19198200.0,127.12999725341797,128.3000030517578,126.72000122070312,127.01000213623047,127.01000213623047,1678000.0,86.9000015258789,87.05999755859375,83.76000213623047,83.80000305175781,83.80000305175781,52771500,165.19000244140625,166.30999755859375,163.72999572753906,163.77000427246094,162.13490295410156,48714100.0,9.270000457763672,9.270000457763672,8.90999984741211,8.960000038146973,8.960000038146973,27625300.0,511.1300048828125,513.1300048828125,502.260009765625,503.1700134277344,485.75775146484375,1789900.0
2023-04-26,7.869999885559082,7.909999847412109,7.650000095367432,7.739999771118164,7.739999771118164,21396700.0,27.00200080871582,27.329999923706055,26.704999923706055,26.95599937438965,26.940980911254883,406337000.0,212.5,214.11000061035156,208.8800048828125,209.39999389648438,208.60313415527344,41992700.0,125.98999786376953,126.12999725341797,120.83999633789062,121.5999984741211,121.5999984741211,3108300.0,86.51000213623047,87.3499984741211,85.31999969482422,85.94000244140625,85.94000244140625,47786600,163.05999755859375,165.27999877929688,162.8000030517578,163.75999450683594,162.125,45498800.0,9.029999732971191,9.079999923706055,8.699999809265137,8.760000228881836,8.760000228881836,33804600.0,500.4200134277344,502.8699951171875,493.3900146484375,494.6600036621094,477.54229736328125,1441900.0
2023-04-27,7.829999923706055,7.909999847412109,7.71999979019165,7.820000171661377,7.820000171661377,21385500.0,27.363000869750977,27.4950008392334,26.625,27.22599983215332,27.210832595825195,377161000.0,239.88999938964844,241.69000244140625,236.77000427246094,238.55999755859375,237.6521759033203,71196500.0,122.45999908447266,124.29000091552734,121.94999694824219,123.94999694824219,123.94999694824219,1826200.0,86.41000366210938,87.56999969482422,84.08999633789062,87.44000244140625,87.44000244140625,53087200,165.19000244140625,168.55999755859375,165.19000244140625,168.41000366210938,166.72860717773438,64902300.0,8.90999984741211,8.960000038146973,8.720000267028809,8.899999618530273,8.899999618530273,25196300.0,494.8299865722656,502.260009765625,494.8299865722656,501.2699890136719,483.9235534667969,1361600.0
2023-04-28,7.769999980926514,8.0,7.619999885559082,7.75,7.75,24924400.0,27.225000381469727,27.757999420166016,27.070999145507812,27.749000549316406,27.73354148864746,292216000.0,239.00999450683594,240.42999267578125,235.75,240.32000732421875,239.40548706054688,39554000.0,123.80999755859375,124.9800033569336,123.0999984741211,124.29000091552734,124.29000091552734,1511200.0,87.0199966430664,89.75,86.44000244140625,89.37000274658203,89.37000274658203,50652100,168.49000549316406,169.85000610351562,167.8800048828125,169.67999267578125,167.9859161376953,55209200.0,8.84000015258789,9.300000190734863,8.829999923706055,9.210000038146973,9.210000038146973,34107600.0,501.55999755859375,504.8299865722656,500.6400146484375,503.2200012207031,485.8060607910156,1169400.0
2023-05-01,7.75,7.820000171661377,7.659999847412109,7.78000020980835,7.78000020980835,19134200.0,27.84000015258789,29.058000564575195,27.780000686645508,28.90999984741211,28.89389419555664,570329000.0,238.6199951171875,244.0,236.4600067138672,243.17999267578125,242.2545928955078,29143900.0,124.0,125.97000122070312,123.75,124.13999938964844,124.13999938964844,1403400.0,91.02999877929688,91.04000091552734,88.61000061035156,89.69000244140625,89.69000244140625,59358700,169.27999877929688,170.4499969482422,168.63999938964844,169.58999633789062,167.89682006835938,52472900.0,9.270000457763672,9.630000114440918,9.210000038146973,9.489999771118164,9.489999771118164,43945100.0,499.1499938964844,500.04998779296875,488.79998779296875,493.5899963378906,476.5093078613281,2203200.0
2023-05-02,7.71999979019165,7.909999847412109,7.429999828338623,7.590000152587891,7.590000152587891,38008000.0,28.68000030517578,28.836000442504883,28.08300018310547,28.209999084472656,28.194284439086914,402730000.0,243.17999267578125,244.9199981689453,238.99000549316406,239.24000549316406,238.32960510253906,24350100.0,123.72000122070312,125.06999969482422,120.27999877929688,121.62000274658203,121.62000274658203,1666700.0,89.31999969482422,90.45999908447266,88.12000274658203,89.91000366210938,89.91000366210938,70483500,170.08999633789062,170.35000610351562,167.5399932861328,168.5399932861328,166.85728454589844,48425700.0,9.380000114440918,9.539999961853027,9.170000076293945,9.449999809265137,9.449999809265137,33396200.0,495.0,495.67999267578125,489.80999755859375,494.80999755859375,477.6870422363281,1940800.0
2023-05-03,7.619999885559082,7.679999828338623,7.449999809265137,7.559999942779541,7.559999942779541,24322400.0,27.84000015258789,28.367000579833984,27.472000122070312,27.802000045776367,27.78651237487793,383387000.0,239.47000122070312,241.75,232.75,237.02999877929688,236.1280059814453,34463900.0,121.93000030517578,123.47000122070312,121.69999694824219,122.13999938964844,122.13999938964844,1210100.0,83.54000091552734,85.4800033569336,81.0199966430664,81.62000274658203,81.62000274658203,109482200,169.5,170.9199981689453,167.16000366210938,167.4499969482422,165.77816772460938,65136000.0,9.460000038146973,9.699999809265137,9.40999984741211,9.430000305175781,9.430000305175781,28997800.0,496.6000061035156,498.7799987792969,489.6600036621094,490.05999755859375,473.1014099121094,1426400.0
2023-05-04,7.46999979019165,7.519999980926514,7.28000020980835,7.380000114440918,7.380000114440918,29989300.0,27.650999069213867,27.858999252319336,27.239999771118164,27.562000274658203,27.546642303466797,321850000.0,236.05999755859375,238.1999969482422,232.92999267578125,233.52000427246094,232.63136291503906,17889400.0,122.55999755859375,122.55999755859375,119.56999969482422,120.27999877929688,120.27999877929688,1568900.0,81.56999969482422,91.63999938964844,81.11000061035156,86.61000061035156,86.61000061035156,122840500,164.88999938964844,167.0399932861328,164.30999755859375,165.7899932861328,164.13473510742188,81235400.0,9.779999732971191,9.84000015258789,9.210000038146973,9.390000343322754,9.390000343322754,51862300.0,488.94000244140625,490.9100036621094,485.92999267578125,490.3399963378906,474.3590393066406,1487000.0
2023-05-05,7.440000057220459,7.550000190734863,7.320000171661377,7.409999847412109,7.409999847412109,45601300.0,27.826000213623047,28.7549991607666,27.731000900268555,28.68000030517578,28.664020538330078,361494000.0,232.24000549316406,234.67999267578125,229.85000610351562,232.77999877929688,231.8941650390625,26978900.0,120.4000015258789,124.80999755859375,119.91000366210938,124.51000213623047,124.51000213623047,1452100.0,84.98999786376953,90.43000030517578,84.72000122070312,89.83999633789062,89.83999633789062,78407400,170.97999572753906,174.3000030517578,170.75999450683594,173.57000732421875,171.8370819091797,113316400.0,9.539999961853027,10.09000015258789,9.529999732971191,10.010000228881836,10.010000228881836,52101900.0,493.20001220703125,499.3999938964844,492.9800109863281,499.05999755859375,482.7948913574219,1708200.0
2023-05-08,7.639999866485596,7.855000019073486,7.590000152587891,7.739999771118164,7.739999771118164,105304000.0,28.52199935913086,29.219999313354492,28.350000381469727,29.150999069213867,29.1347599029541,344979000.0,231.4199981689453,235.6199951171875,230.27000427246094,233.27000427246094,232.38230895996094,16400500.0,124.26000213623047,125.94000244140625,123.94999694824219,125.69000244140625,125.69000244140625,1117200.0,89.98999786376953,95.66000366210938,89.16999816894531,95.04000091552734,95.04000091552734,95503200,172.47999572753906,173.85000610351562,172.11000061035156,173.5,171.7677764892578,55962800.0,10.149999618530273,10.65999984741211,10.039999961853027,10.609999656677246,10.609999656677246,44199800.0,497.3699951171875,500.25,495.70001220703125,499.05999755859375,482.7948913574219,1015000.0
2023-05-09,9.220000267028809,9.6899995803833,8.654999732971191,9.550000190734863,9.550000190734863,223573300.0,28.89900016784668,28.972999572753906,28.450000762939453,28.570999145507812,28.555084228515625,314869000.0,231.4600067138672,235.8800048828125,231.0800018310547,233.3699951171875,232.48191833496094,16865600.0,125.48999786376953,125.58000183105469,124.01000213623047,124.5999984741211,124.5999984741211,1044800.0,94.88999938964844,96.16000366210938,93.43000030517578,95.05999755859375,95.05999755859375,68674800,173.0500030517578,173.5399932861328,171.60000610351562,171.77000427246094,170.05502319335938,45326900.0,10.489999771118164,10.710000038146973,10.380000114440918,10.649999618530273,10.649999618530273,26602000.0,496.9599914550781,501.739990234375,496.3900146484375,500.7900085449219,484.4685363769531,1571800.0
2023-05-10,9.729999542236328,10.300000190734863,9.460000038146973,9.9399995803833,9.9399995803833,149375000.0,29.0049991607666,29.113000869750977,28.461000442504883,28.885000228881836,28.868907928466797,369350000.0,236.1699981689453,236.75,230.72000122070312,233.0800018310547,232.19305419921875,19119000.0,126.2699966430664,126.7699966430664,123.41999816894531,124.73999786376953,124.73999786376953,1355700.0,96.41999816894531,99.94000244140625,96.12000274658203,97.0199966430664,97.0199966430664,95619500,173.02000427246094,174.02999877929688,171.89999389648438,173.55999755859375,171.8271484375,53724500.0,10.800000190734863,10.890000343322754,10.34000015258789,10.489999771118164,10.489999771118164,29655000.0,501.95001220703125,504.9700012207031,495.1000061035156,499.6600036621094,483.3753356933594,1257600.0
2023-05-11,10.140000343322754,10.159000396728516,9.710000038146973,9.880000114440918,9.880000114440918,73754100.0,28.895999908447266,28.950000762939453,28.246000289916992,28.577999114990234,28.562076568603516,322149000.0,233.0500030517578,238.2100067138672,232.3000030517578,235.7899932861328,234.89271545410156,20449000.0,125.11000061035156,127.62000274658203,124.80999755859375,125.56999969482422,125.56999969482422,1358000.0,98.16000366210938,99.19000244140625,96.13999938964844,97.0999984741211,97.0999984741211,57061000,173.85000610351562,174.58999633789062,172.1699981689453,173.75,172.0152587890625,49514700.0,10.369999885559082,10.489999771118164,10.15999984741211,10.239999771118164,10.239999771118164,25870000.0,499.510009765625,503.0,497.54998779296875,501.8900146484375,485.5326843261719,1046700.0
2023-05-12,9.859999656677246,10.010000228881836,9.470000267028809,9.5,9.5,62031700.0,28.52899932861328,28.780000686645508,28.04599952697754,28.34000015258789,28.32421112060547,274222000.0,236.74000549316406,236.9600067138672,231.4499969482422,233.80999755859375,232.92025756835938,16155300.0,126.0,126.08000183105469,124.45999908447266,125.26000213623047,125.26000213623047,886300.0,96.83000183105469,97.44999694824219,93.68000030517578,95.26000213623047,95.26000213623047,53790400,173.6199951171875,174.05999755859375,171.0,172.57000732421875,171.0833740234375,45497800.0,10.25,10.260000228881836,9.680000305175781,9.829999923706055,9.829999923706055,29765700.0,503.1700134277344,506.0299987792969,501.20001220703125,504.07000732421875,487.6416320800781,1471900.0
2023-05-15,9.210000038146973,9.600000381469727,9.020000457763672,9.520000457763672,9.520000457763672,53555500.0,28.507999420166016,28.9689998626709,28.152000427246094,28.952999114990234,28.936870574951172,293926000.0,236.9199981689453,240.25999450683594,235.3300018310547,238.86000061035156,237.95103454589844,20653200.0,125.5199966430664,125.9800033569336,123.55999755859375,125.06999969482422,125.06999969482422,1458800.0,95.19999694824219,97.43000030517578,93.44999694824219,97.4000015258789,97.4000015258789,51749200,173.16000366210938,173.2100067138672,171.47000122070312,172.07000732421875,170.58766174316406,37266700.0,9.859999656677246,10.380000114440918,9.819999694824219,10.3100004196167,10.3100004196167,27705900.0,504.010009765625,505.0,498.8599853515625,502.0400085449219,485.6777648925781,1135700.0
2023-05-16,9.399999618530273,9.630000114440918,9.350000381469727,9.470000267028809,9.470000267028809,42311900.0,28.840999603271484,29.8700008392334,28.832000732421875,29.21299934387207,29.19672393798828,449405000.0,235.7899932861328,239.63999938964844,235.52000427246094,238.82000732421875,237.91119384765625,18163800.0,123.7699966430664,124.55000305175781,122.44000244140625,124.05000305175781,124.05000305175781,1635600.0,97.38999938964844,103.27999877929688,97.30999755859375,101.4800033569336,101.4800033569336,90622900,171.99000549316406,173.13999938964844,171.8000030517578,172.07000732421875,170.58766174316406,42110300.0,10.260000228881836,10.640000343322754,10.069999694824219,10.359999656677246,10.359999656677246,30032700.0,500.0,500.2900085449219,494.29998779296875,496.1499938964844,479.979736328125,1229300.0
2023-05-17,9.539999961853027,10.28499984741211,9.460000038146973,10.25,10.25,63834500.0,29.583999633789062,30.198999404907227,29.43000030517578,30.17799949645996,30.16118621826172,432535000.0,238.4499969482422,243.83999633789062,238.13999938964844,242.49000549316406,241.56724548339844,21193100.0,123.48999786376953,125.94000244140625,121.72000122070312,125.0199966430664,125.0199966430664,4367500.0,101.79000091552734,104.13999938964844,100.05000305175781,103.75,103.75,75240900,171.7100067138672,172.92999267578125,170.4199981689453,172.69000244140625,171.2023162841797,57951600.0,10.40999984741211,11.180000305175781,10.399999618530273,11.039999961853027,11.039999961853027,53763700.0,498.0,498.010009765625,491.8999938964844,495.0,478.86724853515625,2069500.0
2023-05-18,10.460000038146973,11.8100004196167,10.390000343322754,11.739999771118164,11.739999771118164,171402300.0,30.40999984741211,31.827999114990234,30.31999969482422,31.67799949645996,31.660350799560547,748725000.0,241.3000030517578,247.08999633789062,241.19000244140625,246.85000610351562,245.91064453125,22943300.0,138.3800048828125,141.9600067138672,134.75999450683594,139.6300048828125,139.6300048828125,12476000.0,103.9800033569336,108.0999984741211,103.93000030517578,107.93000030517578,107.93000030517578,74338700,173.0,175.24000549316406,172.5800018310547,175.0500030517578,173.54200744628906,65496700.0,10.970000267028809,11.319999694824219,10.970000267028809,11.279999732971191,11.279999732971191,33835000.0,495.0,498.6000061035156,494.0799865722656,498.1000061035156,481.8661193847656,2298900.0
2023-05-19,11.970000267028809,12.40999984741211,11.520000457763672,11.710000038146973,11.710000038146973,148321300.0,31.535999298095703,31.579999923706055,30.916000366210938,31.263999938964844,31.246580123901367,473908000.0,247.47000122070312,248.69000244140625,243.41000366210938,245.63999938964844,244.7052459716797,21599800.0,140.1999969482422,141.1999969482422,135.9600067138672,137.42999267578125,137.42999267578125,3795300.0,106.36000061035156,107.29000091552734,104.62000274658203,105.81999969482422,105.81999969482422,67830600,176.38999938964844,176.38999938964844,174.94000244140625,175.16000366210938,173.65106201171875,55772400.0,11.170000076293945,11.220000267028809,10.8100004196167,10.9399995803833,10.9399995803833,28804600.0,499.3900146484375,499.3900146484375,493.9200134277344,496.5199890136719,480.3376770019531,1634400.0
2023-05-22,11.619999885559082,12.104999542236328,11.390000343322754,11.84000015258789,11.84000015258789,76377100.0,30.900999069213867,31.520000457763672,30.68000030517578,31.176000595092773,31.158632278442383,372000000.0,245.41000366210938,253.57000732421875,245.1199951171875,248.32000732421875,247.37506103515625,27738500.0,137.42999267578125,139.33999633789062,136.19000244140625,137.25,137.25,1940600.0,104.68000030517578,108.79000091552734,103.48999786376953,108.0,108.0,65424200,173.97999572753906,174.7100067138672,173.4499969482422,174.1999969482422,172.69932556152344,43570900.0,11.069999694824219,11.279999732971191,10.829999923706055,11.220000267028809,11.220000267028809,24221100.0,497.0,497.0,488.5400085449219,491.8699951171875,475.8392028808594,1943800.0
2023-05-23,11.949999809265137,13.420000076293945,11.869999885559082,12.640000343322754,12.640000343322754,148701800.0,31.0,31.288000106811523,30.631000518798828,30.687999725341797,30.670902252197266,356253000.0,246.80999755859375,251.61000061035156,246.64999389648438,246.74000549316406,245.80105590820312,17748100.0,136.91000366210938,136.9199981689453,134.52999877929688,135.77999877929688,135.77999877929688,1595400.0,107.25,110.98999786376953,107.19000244140625,108.12000274658203,108.12000274658203,73099100,173.1300048828125,173.3800048828125,171.27999877929688,171.55999755859375,170.08204650878906,50747300.0,11.119999885559082,11.529999732971191,11.020000457763672,11.039999961853027,11.039999961853027,31999100.0,487.1700134277344,487.1700134277344,482.9700012207031,484.8699951171875,469.0674133300781,1800200.0
2023-05-24,12.050000190734863,12.430000305175781,11.819999694824219,12.229999542236328,12.229999542236328,90496900.0,30.209999084472656,30.60700035095215,29.805999755859375,30.538000106811523,30.52098846435547,721419000.0,245.27999877929688,249.58999633789062,244.9499969482422,249.2100067138672,248.2616729736328,17724300.0,135.52999877929688,137.17999267578125,135.32000732421875,135.83999633789062,135.83999633789062,1410000.0,105.9800033569336,108.91000366210938,105.63999938964844,108.2699966430664,108.2699966430664,65910500,171.08999633789062,172.4199981689453,170.52000427246094,171.83999633789062,170.35964965820312,45143500.0,10.84000015258789,10.859999656677246,10.380000114440918,10.670000076293945,10.670000076293945,34266800.0,487.25,487.25,480.9100036621094,482.760009765625,467.0261535644531,1600600.0
2023-05-25,13.180000305175781,13.220000267028809,12.34000015258789,12.84000015258789,12.84000015258789,106557800.0,38.52299880981445,39.47999954223633,36.6349983215332,37.97999954223633,37.95883560180664,1543911000.0,253.39999389648438,255.6199951171875,249.1699981689453,252.69000244140625,251.72840881347656,22371400.0,137.16000366210938,137.44000244140625,134.64999389648438,136.72999572753906,136.72999572753906,1614500.0,117.30999755859375,120.69000244140625,115.80000305175781,120.3499984741211,120.3499984741211,108514700,172.41000366210938,173.89999389648438,171.69000244140625,172.99000549316406,171.499755859375,56058300.0,11.0,11.220000267028809,10.869999885559082,11.0,11.0,40944700.0,480.2099914550781,488.5400085449219,476.75,486.54998779296875,470.69256591796875,3421900.0
2023-05-26,12.84000015258789,14.194999694824219,12.819999694824219,13.649999618530273,13.649999618530273,127311200.0,37.88999938964844,39.16999816894531,37.54999923706055,38.94599914550781,38.9243049621582,714397000.0,252.92999267578125,262.30999755859375,252.7100067138672,262.0400085449219,261.0428161621094,25727200.0,137.02999877929688,139.22999572753906,136.5399932861328,138.97999572753906,138.97999572753906,1232900.0,122.45999908447266,127.43000030517578,120.88999938964844,127.02999877929688,127.02999877929688,92922800,173.32000732421875,175.77000427246094,173.11000061035156,175.42999267578125,173.91871643066406,54835000.0,11.149999618530273,11.369999885559082,11.149999618530273,11.279999732971191,11.279999732971191,30569800.0,485.6499938964844,510.75,484.1199951171875,507.260009765625,490.7276611328125,5302600.0
2023-05-30,14.4399995803833,15.005000114440918,14.239999771118164,14.710000038146973,14.710000038146973,159089300.0,40.595001220703125,41.9379997253418,39.94900131225586,40.111000061035156,40.08865737915039,923401000.0,265.25,268.6499938964844,261.2900085449219,262.5199890136719,261.5210266113281,23816500.0,139.50999450683594,139.9499969482422,137.63999938964844,138.27999877929688,138.27999877929688,1199400.0,130.4199981689453,130.7899932861328,123.51000213623047,125.2699966430664,125.2699966430664,98902300,176.9600067138672,178.99000549316406,176.57000732421875,177.3000030517578,175.7726287841797,55964400.0,11.5,11.84000015258789,11.199999809265137,11.380000114440918,11.380000114440918,32709100.0,509.7900085449219,514.7899780273438,501.5899963378906,508.0299987792969,491.4725646972656,2544800.0
2023-05-31,14.1899995803833,14.789999961853027,13.819999694824219,14.710000038146973,14.710000038146973,130392200.0,39.487998962402344,40.29499816894531,37.821998596191406,37.83399963378906,37.812923431396484,1002580000.0,260.0,265.0,258.45001220703125,264.7200012207031,263.7126159667969,25473700.0,137.35000610351562,138.49000549316406,136.47999572753906,137.72999572753906,137.72999572753906,2748200.0,122.41999816894531,123.95999908447266,117.86000061035156,118.20999908447266,118.20999908447266,87552200,177.3300018310547,179.35000610351562,176.75999450683594,177.25,175.72303771972656,99625300.0,11.399999618530273,11.449999809265137,10.9399995803833,11.229999542236328,11.229999542236328,32724100.0,508.8599853515625,513.8699951171875,504.95001220703125,511.55999755859375,494.8874816894531,3320800.0
2023-06-01,14.460000038146973,15.220000267028809,14.199999809265137,14.539999961853027,14.539999961853027,126015100.0,38.48899841308594,40.04999923706055,38.34000015258789,39.77000045776367,39.74784469604492,635873000.0,265.8999938964844,274.0,265.8900146484375,272.6099853515625,271.57257080078125,25609500.0,137.4499969482422,138.8000030517578,136.7899932861328,137.58999633789062,137.58999633789062,1129500.0,117.29000091552734,121.27999877929688,116.5999984741211,119.47000122070312,119.47000122070312,66032900,177.6999969482422,180.1199951171875,176.92999267578125,180.08999633789062,178.53855895996094,68901800.0,11.319999694824219,11.930000305175781,11.199999809265137,11.850000381469727,11.850000381469727,39965900.0,509.3299865722656,513.739990234375,502.1000061035156,512.5999755859375,495.89361572265625,2407700.0
2023-06-02,14.649999618530273,15.029999732971191,14.15999984741211,14.520000457763672,14.520000457763672,79328400.0,40.09700012207031,40.5,39.05799865722656,39.32699966430664,39.30508804321289,482731000.0,272.6600036621094,275.3500061035156,271.1199951171875,272.6099853515625,271.57257080078125,19405300.0,137.75,139.33999633789062,135.5800018310547,137.52000427246094,137.52000427246094,1877400.0,120.75,121.66000366210938,117.68000030517578,117.86000061035156,117.86000061035156,52331100,181.02999877929688,181.77999877929688,179.25999450683594,180.9499969482422,179.39114379882812,61945900.0,12.039999961853027,12.279999732971191,11.899999618530273,12.180000305175781,12.180000305175781,36273500.0,510.32000732421875,518.5,509.3999938964844,512.5900268554688,495.8839416503906,2283900.0
2023-06-05,14.364999771118164,15.699999809265137,14.364999771118164,15.239999771118164,15.239999771118164,109017800.0,38.909000396728516,39.564998626708984,38.707000732421875,39.17100143432617,39.14918899536133,396094000.0,270.29998779296875,275.57000732421875,269.55999755859375,271.3900146484375,270.3572692871094,20742900.0,136.85000610351562,139.0399932861328,136.3000030517578,136.72000122070312,136.72000122070312,1605800.0,116.58999633789062,119.31999969482422,116.41999816894531,117.93000030517578,117.93000030517578,52602900,182.6300048828125,184.9499969482422,178.0399932861328,179.5800018310547,178.03298950195312,121946500.0,12.170000076293945,12.380000114440918,12.079999923706055,12.300000190734863,12.300000190734863,26125500.0,512.5900268554688,518.9199829101562,512.02001953125,518.25,501.35943603515625,2023500.0
2023-06-06,15.300000190734863,15.579999923706055,14.920000076293945,15.460000038146973,15.460000038146973,74284300.0,38.83000183105469,39.15999984741211,38.14799880981445,38.65399932861328,38.63246536254883,388729000.0,270.1400146484375,276.57000732421875,269.69000244140625,271.1199951171875,270.08831787109375,19419000.0,136.88999938964844,137.4199981689453,135.50999450683594,135.67999267578125,135.67999267578125,1297700.0,117.91000366210938,124.41999816894531,117.73999786376953,124.2300033569336,124.2300033569336,75257500,179.97000122070312,180.1199951171875,177.42999267578125,179.2100067138672,177.66619873046875,64848400.0,12.229999542236328,12.84000015258789,12.199999809265137,12.770000457763672,12.770000457763672,32243400.0,518.25,518.6300048828125,512.760009765625,516.260009765625,499.4342956542969,1410300.0
2023-06-07,16.010000228881836,17.15999984741211,14.520000457763672,14.6899995803833,14.6899995803833,227244100.0,38.915000915527344,39.499000549316406,37.35599899291992,37.474998474121094,37.4579963684082,511998000.0,271.6700134277344,274.25,262.79998779296875,263.6000061035156,262.5968933105469,26163600.0,135.67999267578125,136.66000366210938,131.50999450683594,132.25,132.25,2021800.0,124.02999877929688,125.33999633789062,117.06999969482422,117.83000183105469,117.83000183105469,81755200,178.44000244140625,181.2100067138672,177.32000732421875,177.82000732421875,176.2881317138672,61944600.0,12.869999885559082,13.180000305175781,12.8100004196167,13.029999732971191,13.029999732971191,38518700.0,514.510009765625,519.2899780273438,510.57000732421875,511.2300109863281,494.5682373046875,1784700.0
2023-06-08,14.4399995803833,15.59000015258789,14.390000343322754,15.1899995803833,15.1899995803833,115591600.0,37.7239990234375,38.86399841308594,37.505001068115234,38.5099983215332,38.492530822753906,417772000.0,260.6199951171875,267.6499938964844,258.8800048828125,264.5799865722656,263.5731506347656,20899400.0,132.00999450683594,133.8300018310547,131.67999267578125,133.1199951171875,133.1199951171875,1054100.0,118.30000305175781,122.20999908447266,117.05000305175781,121.05000305175781,121.05000305175781,65246900,177.89999389648438,180.83999633789062,177.4600067138672,180.57000732421875,179.0144805908203,50214900.0,12.850000381469727,12.970000267028809,12.699999809265137,12.75,12.75,31998400.0,512.5,520.2899780273438,512.5,520.0900268554688,503.1394958496094,1530400.0
2023-06-09,15.359999656677246,15.979999542236328,14.819999694824219,15.020000457763672,15.020000457763672,93983400.0,39.0369987487793,39.71099853515625,38.56700134277344,38.77000045776367,38.752410888671875,427717000.0,262.4800109863281,267.95001220703125,261.70001220703125,264.95001220703125,263.9417724609375,16938500.0,133.05999755859375,134.22000122070312,132.08999633789062,134.02999877929688,134.02999877929688,1009500.0,123.56999969482422,127.25,123.55000305175781,124.91999816894531,124.91999816894531,75051600,181.5,182.22999572753906,180.6300048828125,180.9600067138672,179.40109252929688,48870700.0,12.880000114440918,13.390000343322754,12.850000381469727,13.09000015258789,13.09000015258789,33995100.0,518.1900024414062,522.0599975585938,515.5,517.280029296875,500.421142578125,1287300.0
2023-06-12,15.4399995803833,16.030000686645508,15.329999923706055,15.649999618530273,15.649999618530273,89900400.0,39.20000076293945,39.529998779296875,38.61800003051758,39.481998443603516,39.464088439941406,388701000.0,267.1700134277344,271.75,265.3299865722656,271.04998779296875,270.0185546875,15442500.0,134.02999877929688,136.2899932861328,134.0,136.0,136.0,1023100.0,128.52000427246094,130.47999572753906,126.4000015258789,129.19000244140625,129.19000244140625,85394700,181.27000427246094,183.88999938964844,180.97000122070312,183.7899932861328,182.20668029785156,54274900.0,13.9399995803833,15.100000381469727,13.84000015258789,14.720000267028809,14.720000267028809,126582800.0,517.280029296875,521.27001953125,516.0,520.969970703125,503.99078369140625,1404500.0
2023-06-13,16.18000030517578,16.270000457763672,15.163000106811523,16.0,16.0,112765900.0,40.18600082397461,41.10100173950195,39.7400016784668,41.02199935913086,41.00339126586914,613208000.0,274.8800048828125,275.7200012207031,269.0899963378906,271.32000732421875,270.2875061035156,16164000.0,136.5500030517578,137.55999755859375,136.05999755859375,136.47000122070312,136.47000122070312,1390400.0,132.32000732421875,132.8300018310547,122.44999694824219,124.52999877929688,124.52999877929688,132461900,182.8000030517578,184.14999389648438,182.44000244140625,183.30999755859375,181.73085021972656,54929100.0,15.0600004196167,15.369999885559082,14.739999771118164,15.34000015258789,15.34000015258789,68046100.0,522.02001953125,522.9500122070312,517.9099731445312,522.02001953125,505.0066223144531,1204700.0
2023-06-14,15.930000305175781,16.190000534057617,15.4399995803833,15.90999984741211,15.90999984741211,70871900.0,40.82400131225586,43.0,40.551998138427734,42.99700164794922,42.97748947143555,740465000.0,271.8900146484375,274.989990234375,268.32000732421875,273.3500061035156,272.309814453125,19175100.0,136.3300018310547,136.92999267578125,134.4499969482422,136.6300048828125,136.6300048828125,1146300.0,126.52999877929688,127.7300033569336,123.80999755859375,127.33000183105469,127.33000183105469,95888100,183.3699951171875,184.38999938964844,182.02000427246094,183.9499969482422,182.36534118652344,57462900.0,15.510000228881836,15.779999732971191,15.1899995803833,15.600000381469727,15.600000381469727,59729300.0,525.0,527.8499755859375,523.1400146484375,527.2000122070312,510.0177917480469,1841400.0
2023-06-15,15.65999984741211,16.790000915527344,15.489999771118164,16.600000381469727,16.600000381469727,91200900.0,42.60200119018555,43.28900146484375,42.14699935913086,42.65299987792969,42.63365173339844,568622000.0,272.29998779296875,283.989990234375,271.4200134277344,281.8299865722656,280.75750732421875,25973500.0,136.14999389648438,137.6999969482422,135.67999267578125,137.1999969482422,137.1999969482422,921600.0,125.38999938964844,125.69999694824219,122.26000213623047,124.23999786376953,124.23999786376953,85587100,183.9600067138672,186.52000427246094,183.77999877929688,186.00999450683594,184.40757751464844,65433200.0,15.449999809265137,16.15999984741211,15.40999984741211,16.1200008392334,16.1200008392334,64037400.0,529.0,531.260009765625,526.6599731445312,529.1799926757812,511.9332275390625,1871600.0
2023-06-16,16.8700008392334,16.90999984741211,16.010000228881836,16.299999237060547,16.299999237060547,90473900.0,43.45000076293945,43.72100067138672,42.6609992980957,42.69200134277344,42.672630310058594,655709000.0,284.75,287.8500061035156,280.1300048828125,281.0,279.9306945800781,43102500.0,138.3000030517578,138.77999877929688,137.24000549316406,138.63999938964844,138.63999938964844,2376400.0,125.81999969482422,125.8499984741211,119.9000015258789,120.08000183105469,120.08000183105469,81846900,186.72999572753906,186.99000549316406,184.27000427246094,184.9199981689453,183.3269805908203,101235600.0,16.299999237060547,16.399999618530273,15.6899995803833,15.800000190734863,15.800000190734863,51051600.0,530.0999755859375,530.4199829101562,522.6300048828125,523.6500244140625,506.58343505859375,3147400.0
2023-06-20,15.989999771118164,16.889999389648438,15.579999923706055,15.789999961853027,15.789999961853027,81335000.0,42.99800109863281,43.9900016784668,42.67399978637695,43.80799865722656,43.788124084472656,451153000.0,278.7300109863281,284.79998779296875,276.2200012207031,284.3299865722656,283.24798583984375,20701600.0,138.63999938964844,139.41000366210938,137.61000061035156,139.02999877929688,139.02999877929688,1484500.0,119.08999633789062,121.75,117.69999694824219,118.93000030517578,118.93000030517578,58851800,184.41000366210938,186.10000610351562,184.41000366210938,185.00999450683594,183.4162139892578,49799100.0,15.989999771118164,16.059999465942383,15.699999809265137,15.899999618530273,15.899999618530273,37891000.0,521.9500122070312,522.9000244140625,518.1400146484375,519.7000122070312,502.7622375488281,1684400.0
2023-06-21,15.65999984741211,15.755000114440918,14.369999885559082,14.640000343322754,14.640000343322754,97885000.0,43.500999450683594,43.6150016784668,42.08000183105469,43.04499816894531,43.02547073364258,551603000.0,283.5299987792969,284.0,278.3599853515625,281.6400146484375,280.5682373046875,20556200.0,139.02999877929688,141.58999633789062,138.94000244140625,140.4600067138672,140.4600067138672,1814800.0,118.48999786376953,119.19000244140625,111.66999816894531,112.11000061035156,112.11000061035156,82835600,184.89999389648438,185.41000366210938,182.58999633789062,183.9600067138672,182.37525939941406,49515700.0,15.880000114440918,16.18000030517578,15.449999809265137,15.890000343322754,15.890000343322754,37155600.0,517.9099731445312,521.6400146484375,516.5399780273438,519.6199951171875,502.684814453125,1273600.0
2023-06-22,14.300000190734863,14.4399995803833,13.859999656677246,14.050000190734863,14.050000190734863,103461000.0,42.25299835205078,43.42599868774414,42.23400115966797,43.025001525878906,43.0054817199707,417737000.0,279.0799865722656,285.260009765625,277.7900085449219,284.8800048828125,283.7958984375,17563100.0,140.4600067138672,141.5800018310547,140.10000610351562,141.17999267578125,141.17999267578125,1309400.0,112.23999786376953,114.0,109.8499984741211,110.69999694824219,110.69999694824219,70754800,183.74000549316406,187.0500030517578,183.6699981689453,187.0,185.38905334472656,51245300.0,15.739999771118164,15.960000038146973,15.59000015258789,15.760000228881836,15.760000228881836,23564100.0,520.6900024414062,524.6799926757812,519.6799926757812,524.2000122070312,507.1155090332031,1114000.0
2023-06-23,13.640000343322754,14.140000343322754,13.5600004196167,14.029999732971191,14.029999732971191,74640600.0,42.4640007019043,42.808998107910156,42.01499938964844,42.20899963378906,42.189849853515625,358140000.0,281.510009765625,289.6700134277344,278.95001220703125,288.7300109863281,287.63128662109375,50988400.0,140.6199951171875,142.1699981689453,139.99000549316406,141.85000610351562,141.85000610351562,4419400.0,109.30999755859375,111.0999984741211,107.45999908447266,110.01000213623047,110.01000213623047,73545600,185.5500030517578,187.55999755859375,185.00999450683594,186.67999267578125,185.0718231201172,53079300.0,15.489999771118164,16.0,15.430000305175781,15.800000190734863,15.800000190734863,39357500.0,523.1300048828125,525.4000244140625,519.3400268554688,524.4400024414062,507.3477478027344,1433700.0
2023-06-26,13.869999885559082,14.420000076293945,13.829999923706055,13.9399995803833,13.9399995803833,50679900.0,42.46099853515625,42.763999938964844,40.099998474121094,40.63199996948242,40.61356735229492,594322000.0,288.70001220703125,289.7900085449219,277.6000061035156,278.4700012207031,277.4103088378906,24232700.0,142.0,144.44000244140625,141.89999389648438,143.50999450683594,143.50999450683594,1390700.0,110.94999694824219,112.55000305175781,107.19999694824219,107.51000213623047,107.51000213623047,68557000,186.8300018310547,188.0500030517578,185.22999572753906,185.27000427246094,183.67398071289062,48088700.0,14.979999542236328,15.039999961853027,13.899999618530273,14.600000381469727,14.600000381469727,107033000.0,524.4000244140625,524.8699951171875,521.260009765625,523.4199829101562,506.3609619140625,1278500.0
2023-06-27,14.220000267028809,14.760000228881836,13.960000038146973,14.609999656677246,14.609999656677246,55410500.0,40.79899978637695,41.939998626708984,40.448001861572266,41.875999450683594,41.856998443603516,462175000.0,282.010009765625,289.3500061035156,280.6499938964844,287.04998779296875,285.9576721191406,26108300.0,144.36000061035156,146.8000030517578,143.82000732421875,146.33999633789062,146.33999633789062,1579400.0,108.56999969482422,110.97000122070312,107.08000183105469,110.38999938964844,110.38999938964844,59381600,185.88999938964844,188.38999938964844,185.6699981689453,188.05999755859375,186.43991088867188,50730800.0,14.75,15.90999984741211,14.699999809265137,15.890000343322754,15.890000343322754,62431700.0,522.6500244140625,532.4099731445312,522.0999755859375,530.3300170898438,513.0457763671875,1673600.0
2023-06-28,14.529999732971191,15.430000305175781,14.46500015258789,15.279999732971191,15.279999732971191,66001000.0,40.65999984741211,41.845001220703125,40.518001556396484,41.117000579833984,41.09834671020508,582639000.0,284.82000732421875,289.54998779296875,284.05999755859375,285.2900085449219,284.204345703125,16722100.0,147.33999633789062,149.0399932861328,145.6300048828125,145.97999572753906,145.97999572753906,1487400.0,108.20999908447266,111.77999877929688,107.62999725341797,110.16999816894531,110.16999816894531,67534100,187.92999267578125,189.89999389648438,187.60000610351562,189.25,187.6196746826172,51216800.0,15.9399995803833,17.489999771118164,15.880000114440918,17.290000915527344,17.290000915527344,96977000.0,528.97998046875,533.489990234375,528.6099853515625,532.7999877929688,515.4352416992188,1245200.0
2023-06-29,15.399999618530273,15.569999694824219,15.0600004196167,15.199999809265137,15.199999809265137,46300900.0,41.55799865722656,41.599998474121094,40.599998474121094,40.821998596191406,40.8034782409668,380514000.0,284.5,286.57000732421875,280.69000244140625,281.5299987792969,280.45867919921875,15395700.0,146.24000549316406,146.25,144.10000610351562,145.47000122070312,145.47000122070312,974500.0,112.06999969482422,112.76000213623047,109.83999633789062,111.23999786376953,111.23999786376953,58347200,189.0800018310547,190.07000732421875,188.94000244140625,189.58999633789062,187.9567413330078,46347300.0,17.25,17.75,16.8799991607666,17.15999984741211,17.15999984741211,60301600.0,530.5800170898438,532.4500122070312,528.9500122070312,531.6900024414062,514.3614501953125,1121800.0
2023-06-30,15.479999542236328,15.800000190734863,15.229999542236328,15.329999923706055,15.329999923706055,42081000.0,41.68000030517578,42.54999923706055,41.500999450683594,42.301998138427734,42.282806396484375,501148000.0,284.760009765625,289.04998779296875,284.4200134277344,286.9800109863281,285.887939453125,19676000.0,146.8800048828125,147.63999938964844,146.5500030517578,147.16000366210938,147.16000366210938,1094600.0,113.02999877929688,114.69000244140625,112.41000366210938,113.91000366210938,113.91000366210938,53331900,191.6300048828125,194.47999572753906,191.25999450683594,193.97000122070312,192.29901123046875,85069600.0,17.799999237060547,18.8799991607666,17.6200008392334,18.829999923706055,18.829999923706055,114966800.0,534.1699829101562,539.5599975585938,533.6300048828125,538.3800048828125,520.8333129882812,2221900.0
2023-07-03,15.489999771118164,15.59000015258789,15.1899995803833,15.520000457763672,15.520000457763672,26037400.0,42.516998291015625,42.89799880981445,42.20199966430664,42.41299819946289,42.39375686645508,198209000.0,286.70001220703125,289.3999938964844,284.8500061035156,286.0199890136719,284.93157958984375,8629300.0,146.6300048828125,147.75999450683594,146.4499969482422,147.72999572753906,147.72999572753906,453600.0,115.16000366210938,116.7300033569336,114.51000213623047,115.81999969482422,115.81999969482422,31860000,193.77999877929688,193.8800048828125,191.75999450683594,192.4600067138672,190.80201721191406,31458200.0,18.549999237060547,19.190000534057617,18.43000030517578,18.959999084472656,18.959999084472656,44829000.0,537.25,541.0800170898438,534.3400268554688,541.0399780273438,523.4066772460938,951400.0
2023-07-05,15.425000190734863,15.770000457763672,15.229999542236328,15.699999809265137,15.699999809265137,39179900.0,42.1349983215332,43.176998138427734,42.084999084472656,42.31700134277344,42.29780578613281,323618000.0,287.6499938964844,298.1199951171875,286.3599853515625,294.3699951171875,293.2497863769531,33865500.0,146.4499969482422,147.36000061035156,144.52999877929688,145.0399932861328,145.0399932861328,1543300.0,116.0999984741211,117.66000366210938,113.86000061035156,113.94999694824219,113.94999694824219,49501600,191.57000732421875,192.97999572753906,190.6199951171875,191.3300018310547,189.68174743652344,46920300.0,18.93000030517578,19.549999237060547,18.799999237060547,19.209999084472656,19.209999084472656,55764800.0,541.219970703125,546.0499877929688,537.5,541.1300048828125,523.4938354492188,1630400.0
2023-07-06,15.319999694824219,15.383000373840332,14.619999885559082,15.130000114440918,15.130000114440918,56534000.0,41.84400177001953,42.17900085449219,41.34600067138672,42.10300064086914,42.083900451660156,303582000.0,295.8900146484375,298.1199951171875,291.30999755859375,291.989990234375,290.8788146972656,47600500.0,143.1999969482422,144.57000732421875,142.3699951171875,142.8800048828125,142.8800048828125,1229900.0,112.06999969482422,113.79000091552734,110.30999755859375,113.4800033569336,113.4800033569336,42342000,189.83999633789062,192.02000427246094,189.1999969482422,191.80999755859375,190.15760803222656,45094300.0,18.829999923706055,19.040000915527344,18.149999618530273,18.860000610351562,18.860000610351562,56532200.0,538.8800048828125,540.2999877929688,536.5800170898438,537.3699951171875,519.8563232421875,1750100.0
2023-07-07,15.229999542236328,15.899999618530273,15.1899995803833,15.34000015258789,15.34000015258789,48109800.0,42.321998596191406,43.2140007019043,42.18000030517578,42.50299835205078,42.48371887207031,355881000.0,292.17999267578125,296.20001220703125,288.6600036621094,290.5299987792969,289.4244079589844,25546200.0,142.7899932861328,144.6999969482422,142.33999633789062,143.19000244140625,143.19000244140625,885500.0,114.16000366210938,115.33000183105469,113.04000091552734,113.16999816894531,113.16999816894531,37135100,191.41000366210938,192.6699981689453,190.24000549316406,190.67999267578125,189.03733825683594,46778000.0,18.81999969482422,19.459999084472656,18.81999969482422,19.040000915527344,19.040000915527344,44325500.0,533.8900146484375,536.4600219726562,524.6300048828125,525.0499877929688,507.9377746582031,2739500.0
2023-07-10,15.369999885559082,16.329999923706055,14.944999694824219,16.299999237060547,16.299999237060547,62823600.0,42.65700149536133,42.81100082397461,41.64899826049805,42.18000030517578,42.16086196899414,353908000.0,295.54998779296875,298.1300048828125,287.04998779296875,294.1000061035156,292.9808654785156,37058300.0,143.75,144.33999633789062,143.25999450683594,143.94000244140625,143.94000244140625,895600.0,113.0,113.61000061035156,109.87999725341797,113.58000183105469,113.58000183105469,49330200,189.25999450683594,189.99000549316406,187.0399932861328,188.61000061035156,186.9851837158203,59922200.0,19.030000686645508,19.389999389648438,18.969999313354492,19.299999237060547,19.299999237060547,39739700.0,525.0599975585938,531.1500244140625,525.0599975585938,527.010009765625,509.8338928222656,1955600.0
2023-07-11,16.469999313354492,16.93000030517578,16.149999618530273,16.489999771118164,16.489999771118164,63236600.0,42.48099899291992,42.757999420166016,42.06700134277344,42.404998779296875,42.38576126098633,298244000.0,293.8999938964844,300.17999267578125,291.8999938964844,298.2900085449219,297.1549072265625,27585900.0,144.49000549316406,151.0500030517578,143.3800048828125,150.75,150.75,4257200.0,111.66000366210938,113.2699966430664,109.5,111.31999969482422,111.31999969482422,59899500,189.16000366210938,189.3000030517578,186.60000610351562,188.0800018310547,186.45974731445312,46638100.0,19.309999465942383,19.3799991607666,18.65999984741211,18.899999618530273,18.899999618530273,43404900.0,527.5,530.760009765625,526.1500244140625,529.6400146484375,512.3782348632812,1262300.0
2023-07-12,16.780000686645508,16.940000534057617,16.40999984741211,16.59000015258789,16.59000015258789,50079400.0,43.03300094604492,43.935001373291016,42.777000427246094,43.902000427246094,43.882080078125,481277000.0,301.75,309.45001220703125,300.1000061035156,309.3399963378906,308.162841796875,36677100.0,151.55999755859375,151.6300048828125,147.27999877929688,149.9199981689453,149.9199981689453,1683300.0,112.88999938964844,115.4000015258789,112.30999755859375,114.58000183105469,114.58000183105469,57993100,189.67999267578125,191.6999969482422,188.47000122070312,189.77000427246094,188.13519287109375,60750200.0,19.15999984741211,19.15999984741211,18.190000534057617,18.219999313354492,18.219999313354492,55581800.0,532.0,540.1099853515625,531.1099853515625,538.0,520.4657592773438,1960500.0
2023-07-13,16.700000762939453,17.260000228881836,16.631000518798828,16.739999771118164,16.739999771118164,58397800.0,44.518001556396484,46.154998779296875,44.492000579833984,45.97700119018555,45.956146240234375,478204000.0,313.6199951171875,316.239990234375,310.2900085449219,313.4100036621094,312.21734619140625,30281000.0,150.1199951171875,150.74000549316406,148.7100067138672,149.2899932861328,149.2899932861328,1190800.0,115.76000213623047,116.16000366210938,113.58000183105469,115.91999816894531,115.91999816894531,49206700,190.5,191.19000244140625,189.77999877929688,190.5399932861328,188.89854431152344,41342300.0,18.299999237060547,18.479999542236328,17.719999313354492,17.75,17.75,49645400.0,537.7999877929688,539.1199951171875,532.7899780273438,538.4500122070312,520.9010620117188,1647200.0
2023-07-14,16.760000228881836,17.0,16.270000457763672,16.399999618530273,16.399999618530273,45018700.0,46.58300018310547,48.0880012512207,45.060001373291016,45.46900177001953,45.44837188720703,772075000.0,311.7900085449219,314.8800048828125,307.3599853515625,308.8699951171875,307.69464111328125,22576000.0,149.2899932861328,150.39999389648438,148.83999633789062,150.0,150.0,938100.0,116.16999816894531,122.12000274658203,115.25,115.94000244140625,115.94000244140625,91847300,190.22999572753906,191.17999267578125,189.6300048828125,190.69000244140625,189.04727172851562,41573900.0,17.739999771118164,17.940000534057617,17.100000381469727,17.229999542236328,17.229999542236328,41364300.0,538.7100219726562,546.8599853515625,538.0999755859375,546.7000122070312,528.8822021484375,1828400.0
2023-07-17,16.420000076293945,17.59000015258789,16.31999969482422,17.399999618530273,17.399999618530273,63505000.0,46.28900146484375,46.49599838256836,45.262001037597656,46.46099853515625,46.439918518066406,510488000.0,307.5400085449219,311.7099914550781,304.7099914550781,310.6199951171875,309.4379577636719,25323100.0,152.00999450683594,153.72000122070312,151.47000122070312,152.7100067138672,152.7100067138672,1401900.0,115.94999694824219,118.83999633789062,112.7300033569336,118.31999969482422,118.31999969482422,68593300,191.89999389648438,194.32000732421875,191.80999755859375,193.99000549316406,192.31883239746094,50520200.0,17.350000381469727,17.979999542236328,17.34000015258789,17.709999084472656,17.709999084472656,35689400.0,546.1799926757812,554.2100219726562,546.0999755859375,552.9600219726562,534.9382934570312,1909900.0
2023-07-18,17.8799991607666,18.1299991607666,17.190000534057617,18.079999923706055,18.079999923706055,87365700.0,46.70100021362305,47.895999908447266,45.73400115966797,47.49399948120117,47.47245407104492,569164000.0,310.8800048828125,314.20001220703125,307.6199951171875,312.04998779296875,310.8625183105469,20764600.0,153.11000061035156,153.60000610351562,150.88999938964844,153.5500030517578,153.5500030517578,1333700.0,117.55000305175781,118.43000030517578,115.19000244140625,117.93000030517578,117.93000030517578,57980100,193.35000610351562,194.3300018310547,192.4199981689453,193.72999572753906,192.0610809326172,48353800.0,17.889999389648438,18.579999923706055,17.850000381469727,18.25,18.25,39202600.0,552.6699829101562,555.0,549.3900146484375,553.5900268554688,535.5477905273438,1779200.0
2023-07-19,18.020000457763672,18.9950008392334,17.760000228881836,18.049999237060547,18.049999237060547,89044600.0,47.4640007019043,47.81800079345703,46.742000579833984,47.07699966430664,47.055641174316406,427502000.0,313.0299987792969,318.67999267578125,310.5199890136719,316.010009765625,314.8074645996094,21763700.0,153.83999633789062,153.83999633789062,151.25999450683594,152.00999450683594,152.00999450683594,1015200.0,121.30000305175781,121.66999816894531,115.55000305175781,116.43000030517578,116.43000030517578,70363100,193.10000610351562,198.22999572753906,192.64999389648438,195.10000610351562,193.41928100585938,80507300.0,18.489999771118164,18.5,17.889999389648438,18.149999618530273,18.149999618530273,35920000.0,554.47998046875,555.8900146484375,552.02001953125,554.1099853515625,536.0507202148438,1261100.0
2023-07-20,17.540000915527344,18.0,16.979999542236328,17.1299991607666,17.1299991607666,62711600.0,46.50699996948242,47.08700180053711,45.0620002746582,45.52000045776367,45.49934387207031,537865000.0,313.5,315.5400085449219,302.2200012207031,302.5199890136719,301.3687744140625,23836900.0,151.8800048828125,153.58999633789062,150.94000244140625,151.63999938964844,151.63999938964844,1268300.0,114.95999908447266,115.05000305175781,109.23999786376953,110.25,110.25,76340400,195.08999633789062,196.47000122070312,192.5,193.1300048828125,191.46627807617188,59581200.0,18.0,18.15999984741211,17.610000610351562,17.649999618530273,17.649999618530273,32239300.0,553.8099975585938,561.0700073242188,553.7100219726562,556.9600219726562,538.8078002929688,1732800.0
2023-07-21,17.469999313354492,17.489999771118164,16.0,16.43000030517578,16.43000030517578,63260300.0,45.78799819946289,45.86600112915039,44.099998474121094,44.308998107910156,44.28889846801758,963769000.0,304.57000732421875,305.4599914550781,291.20001220703125,294.260009765625,293.1402587890625,42089700.0,152.85000610351562,152.85000610351562,149.8300018310547,149.9600067138672,149.9600067138672,874100.0,110.97000122070312,112.30000305175781,109.54000091552734,110.94999694824219,110.94999694824219,76778100,194.10000610351562,194.97000122070312,191.22999572753906,191.94000244140625,190.28652954101562,71917800.0,17.600000381469727,17.899999618530273,17.56999969482422,17.8799991607666,17.8799991607666,27191100.0,559.1699829101562,562.0499877929688,557.4500122070312,557.8599853515625,539.678466796875,5263900.0
2023-07-24,16.610000610351562,16.690000534057617,16.1200008392334,16.31999969482422,16.31999969482422,36133600.0,44.73099899291992,45.10900115966797,44.040000915527344,44.61199951171875,44.59176254272461,382516000.0,295.7799987792969,297.5199890136719,288.29998779296875,291.6099853515625,290.50030517578125,24915700.0,150.4600067138672,150.92999267578125,148.83999633789062,150.27999877929688,150.27999877929688,549900.0,110.62000274658203,111.30999755859375,108.55000305175781,110.61000061035156,110.61000061035156,45583600,193.41000366210938,194.91000366210938,192.25,192.75,191.08950805664062,45377800.0,17.8799991607666,18.010000228881836,17.219999313354492,17.850000381469727,17.850000381469727,28805300.0,558.0,566.5700073242188,555.8800048828125,563.9299926757812,545.5506591796875,2086400.0
2023-07-25,16.350000381469727,16.860000610351562,16.350000381469727,16.549999237060547,16.549999237060547,36612900.0,44.941001892089844,46.18299865722656,44.92300033569336,45.67900085449219,45.65827560424805,348081000.0,295.19000244140625,298.29998779296875,291.8599853515625,294.4700012207031,293.34942626953125,19585600.0,149.69000244140625,151.44000244140625,149.5399932861328,151.02999877929688,151.02999877929688,666000.0,111.13999938964844,114.05000305175781,111.0,113.0,113.0,44916300,193.3300018310547,194.44000244140625,192.9199981689453,193.6199951171875,191.9520263671875,37283200.0,17.709999084472656,17.780000686645508,17.34000015258789,17.450000762939453,17.450000762939453,26368800.0,566.77001953125,567.5499877929688,564.2999877929688,565.1900024414062,546.7695922851562,1602500.0
2023-07-26,16.399999618530273,16.690000534057617,16.1299991607666,16.43000030517578,16.43000030517578,35804800.0,46.020999908447266,46.053001403808594,44.630001068115234,45.45199966430664,45.43138122558594,364237000.0,301.19000244140625,301.7699890136719,291.8999938964844,298.57000732421875,297.433837890625,47256900.0,150.66000366210938,151.3000030517578,149.0,150.25,150.25,825500.0,111.91000366210938,112.36000061035156,109.30000305175781,110.08999633789062,110.08999633789062,51721700,193.6699981689453,195.63999938964844,193.32000732421875,194.5,192.824462890625,47471900.0,17.5,17.739999771118164,17.329999923706055,17.649999618530273,17.649999618530273,23856600.0,565.510009765625,568.030029296875,563.4199829101562,566.1699829101562,547.7177124023438,1306400.0
2023-07-27,16.799999237060547,17.190000534057617,16.0,16.149999618530273,16.149999618530273,50685200.0,46.51900100708008,47.39500045776367,45.75,45.900001525878906,45.87917709350586,455976000.0,325.1199951171875,325.3500061035156,309.8399963378906,311.7099914550781,310.5238342285156,64229200.0,151.25999450683594,151.75,149.24000549316406,149.85000610351562,149.85000610351562,934800.0,111.79000091552734,115.08000183105469,110.51000213623047,111.0999984741211,111.0999984741211,70678000,196.02000427246094,197.1999969482422,192.5500030517578,193.22000122070312,191.55548095703125,47460200.0,18.6200008392334,18.809999465942383,18.09000015258789,18.219999313354492,18.219999313354492,50553800.0,567.719970703125,571.1599731445312,560.5999755859375,561.8300170898438,543.5191040039062,1485300.0
2023-07-28,17.209999084472656,17.969999313354492,16.739999771118164,17.809999465942383,17.809999465942383,106125600.0,46.667999267578125,47.027000427246094,46.38100051879883,46.75,46.72879409790039,331194000.0,316.8800048828125,326.20001220703125,314.25,325.4800109863281,324.2414245605469,39220300.0,151.97000122070312,152.19000244140625,150.4600067138672,151.60000610351562,151.60000610351562,598100.0,113.37999725341797,114.86000061035156,112.44000244140625,112.95999908447266,112.95999908447266,55526000,194.6699981689453,196.6300048828125,194.13999938964844,195.8300018310547,194.14297485351562,48291400.0,18.360000610351562,18.719999313354492,18.360000610351562,18.489999771118164,18.489999771118164,24508400.0,564.5800170898438,567.8099975585938,562.6199951171875,563.3200073242188,544.9605712890625,1371400.0
2023-07-31,18.81999969482422,19.9950008392334,18.3799991607666,19.84000015258789,19.84000015258789,142173800.0,46.75400161743164,47.130001068115234,46.50600051879883,46.729000091552734,46.70779800415039,251055000.0,323.69000244140625,325.6600036621094,317.5899963378906,318.6000061035156,317.3876037597656,25799600.0,151.60000610351562,152.97000122070312,150.72000122070312,152.94000244140625,152.94000244140625,1043200.0,114.16000366210938,114.68000030517578,112.3499984741211,114.4000015258789,114.4000015258789,54187300,196.05999755859375,196.49000549316406,195.25999450683594,196.4499969482422,194.75765991210938,38824100.0,18.760000228881836,18.860000610351562,18.5,18.84000015258789,18.84000015258789,27014200.0,563.0,564.2899780273438,559.0499877929688,560.6699829101562,542.3969116210938,1365900.0
2023-08-01,19.459999084472656,20.239999771118164,19.229999542236328,19.989999771118164,19.989999771118164,99336200.0,46.459999084472656,46.900001525878906,46.027000427246094,46.50699996948242,46.485897064208984,237858000.0,317.5400085449219,324.1400146484375,314.6600036621094,322.7099914550781,321.4819641113281,22817900.0,152.1999969482422,153.75,151.60000610351562,151.7899932861328,151.7899932861328,1078800.0,114.26000213623047,118.19000244140625,113.16000366210938,117.5999984741211,117.5999984741211,95279300,196.24000549316406,196.72999572753906,195.27999877929688,195.61000061035156,193.92489624023438,35175100.0,18.15999984741211,18.40999984741211,17.479999542236328,17.989999771118164,17.989999771118164,42573300.0,560.6300048828125,562.8800048828125,554.5399780273438,555.469970703125,537.3663940429688,1445300.0
2023-08-02,19.260000228881836,19.6200008392334,18.149999618530273,18.969999313354492,18.969999313354492,98215800.0,45.83100128173828,45.84000015258789,43.387001037597656,44.26900100708008,44.2489128112793,530142000.0,318.0,318.3900146484375,310.6499938964844,314.30999755859375,313.1139221191406,20461100.0,149.97000122070312,149.97999572753906,146.39999389648438,147.22000122070312,147.22000122070312,1299500.0,119.48999786376953,119.5,107.37999725341797,109.3499984741211,109.3499984741211,173372000,195.0399932861328,195.17999267578125,191.85000610351562,192.5800018310547,190.92098999023438,50389300.0,17.6200008392334,17.940000534057617,17.549999237060547,17.719999313354492,17.719999313354492,25360500.0,552.260009765625,556.6300048828125,551.02001953125,552.3499755859375,534.3480834960938,1635000.0
2023-08-03,18.6299991607666,19.299999237060547,18.610000610351562,18.709999084472656,18.709999084472656,54345900.0,43.79999923706055,45.11800003051758,43.79999923706055,44.51499938964844,44.49480438232422,324176000.0,309.92999267578125,315.95001220703125,309.92999267578125,313.19000244140625,311.99822998046875,15180200.0,145.83999633789062,147.07000732421875,144.35000610351562,145.75,145.75,854800.0,108.94999694824219,114.95999908447266,108.94999694824219,113.1500015258789,113.1500015258789,90605400,191.57000732421875,192.3699951171875,190.69000244140625,191.1699981689453,189.52316284179688,61235200.0,17.56999969482422,17.899999618530273,17.389999389648438,17.559999465942383,17.559999465942383,22112300.0,553.530029296875,560.3499755859375,552.219970703125,557.6900024414062,539.5139770507812,1463400.0
2023-08-04,18.874000549316406,19.079999923706055,18.079999923706055,18.200000762939453,18.200000762939453,71979800.0,44.98500061035156,45.641998291015625,44.393001556396484,44.68000030517578,44.659732818603516,362666000.0,314.9599914550781,318.4100036621094,310.20001220703125,310.7300109863281,309.5475769042969,17600200.0,145.42999267578125,145.63999938964844,141.63999938964844,142.17999267578125,142.17999267578125,1721800.0,114.4800033569336,118.8499984741211,113.95999908447266,115.81999969482422,115.81999969482422,83083100,185.52000427246094,187.3800048828125,181.9199981689453,181.99000549316406,180.42222595214844,115799700.0,17.6200008392334,17.649999618530273,17.079999923706055,17.15999984741211,17.15999984741211,26782300.0,561.0700073242188,561.2899780273438,551.4099731445312,552.0399780273438,534.0481567382812,1141500.0
2023-08-07,18.25,18.389999389648438,17.010000228881836,17.989999771118164,17.989999771118164,133808400.0,45.111000061035156,45.540000915527344,44.5629997253418,45.41699981689453,45.396400451660156,322154000.0,313.2300109863281,317.07000732421875,310.4599914550781,316.55999755859375,315.3553771972656,16236500.0,142.30999755859375,142.82000732421875,140.67999267578125,141.17999267578125,141.17999267578125,1954700.0,116.36000061035156,119.08000183105469,115.48999786376953,116.80999755859375,116.80999755859375,65854800,182.1300048828125,183.1300048828125,177.35000610351562,178.85000610351562,177.30926513671875,97576100.0,17.389999389648438,18.049999237060547,17.389999389648438,18.040000915527344,18.040000915527344,29955200.0,554.989990234375,559.5599975585938,554.989990234375,558.4099731445312,540.2106323242188,1015400.0
2023-08-08,17.489999771118164,17.489999771118164,16.100000381469727,17.040000915527344,17.040000915527344,143014200.0,44.85300064086914,45.242000579833984,44.055999755859375,44.66400146484375,44.64373779296875,353843000.0,314.3999938964844,317.8900146484375,310.1099853515625,312.6400146484375,311.4502868652344,15183500.0,139.77999877929688,140.24000549316406,138.47999572753906,140.13999938964844,140.13999938964844,2603600.0,114.94000244140625,115.45999908447266,111.41000366210938,113.2300033569336,113.2300033569336,54141800,179.69000244140625,180.27000427246094,177.5800018310547,179.8000030517578,178.25108337402344,67823000.0,17.760000228881836,17.950000762939453,17.510000228881836,17.920000076293945,17.920000076293945,21033700.0,558.0,558.9000244140625,551.8400268554688,556.1199951171875,537.9953002929688,1020400.0
2023-08-09,16.760000228881836,16.920000076293945,15.100000381469727,15.25,15.25,126230400.0,44.27399826049805,44.3120002746582,42.13399887084961,42.55400085449219,42.534690856933594,586449000.0,312.8800048828125,313.6300048828125,302.8500061035156,305.2099914550781,304.0485534667969,19955800.0,140.0,143.83999633789062,136.9199981689453,139.39999389648438,139.39999389648438,3773100.0,112.88999938964844,113.1500015258789,108.77999877929688,110.47000122070312,110.47000122070312,56257100,180.8699951171875,180.92999267578125,177.00999450683594,178.19000244140625,176.65496826171875,60378500.0,17.989999771118164,18.1299991607666,17.260000228881836,17.270000457763672,17.270000457763672,24718700.0,557.97998046875,562.0900268554688,556.8099975585938,559.7000122070312,541.4585571289062,1471800.0
2023-08-10,15.4399995803833,15.869999885559082,15.25,15.40999984741211,15.40999984741211,73129100.0,42.15999984741211,43.57400131225586,41.834999084472656,42.38800048828125,42.36876678466797,492705000.0,307.94000244140625,312.3399963378906,303.8699951171875,305.739990234375,304.5765075683594,14358900.0,140.85000610351562,142.6199951171875,138.4199981689453,138.4600067138672,138.4600067138672,1920300.0,111.30000305175781,113.88999938964844,109.47000122070312,110.2300033569336,110.2300033569336,57297800,179.47999572753906,180.75,177.60000610351562,177.97000122070312,176.43685913085938,54686900.0,17.459999084472656,17.709999084472656,17.18000030517578,17.360000610351562,17.360000610351562,22120800.0,563.2000122070312,569.2100219726562,560.7000122070312,561.489990234375,543.190185546875,1107200.0
2023-08-11,15.050000190734863,15.579999923706055,14.90999984741211,15.40999984741211,15.40999984741211,56489900.0,41.750999450683594,42.018001556396484,40.638999938964844,40.85499954223633,40.836463928222656,533085000.0,302.57000732421875,304.7200012207031,300.3599853515625,301.6400146484375,300.4921569824219,13967800.0,138.3300018310547,140.6300048828125,137.42999267578125,140.1999969482422,140.1999969482422,1398100.0,108.8499984741211,109.06999969482422,106.4800033569336,107.56999969482422,107.56999969482422,55618700,177.32000732421875,178.6199951171875,176.5500030517578,177.7899932861328,176.4964141845703,51988100.0,17.1200008392334,17.149999618530273,16.68000030517578,16.790000915527344,16.790000915527344,26470600.0,560.3499755859375,565.0,559.030029296875,562.9600219726562,544.6123046875,1043100.0
2023-08-14,15.199999809265137,15.739999771118164,14.949999809265137,15.720000267028809,15.720000267028809,47511400.0,40.486000061035156,43.79999923706055,40.31100082397461,43.75299835205078,43.733150482177734,690286000.0,300.9800109863281,306.2099914550781,298.25,306.19000244140625,305.0248107910156,15641900.0,140.33999633789062,142.4600067138672,139.97999572753906,142.3800048828125,142.3800048828125,1482500.0,106.75,111.98999786376953,105.41999816894531,111.9800033569336,111.9800033569336,57421800,177.97000122070312,179.69000244140625,177.30999755859375,179.4600067138672,178.15428161621094,43675600.0,16.600000381469727,16.850000381469727,16.479999542236328,16.829999923706055,16.829999923706055,20464000.0,564.77001953125,567.7100219726562,560.4400024414062,561.469970703125,543.1708374023438,1247600.0
2023-08-15,15.609999656677246,15.869999885559082,15.289999961853027,15.369999885559082,15.369999885559082,44000400.0,44.560001373291016,45.268001556396484,43.709999084472656,43.939998626708984,43.920066833496094,676512000.0,306.1400146484375,307.2300109863281,300.0299987792969,301.95001220703125,300.80096435546875,11623600.0,142.0,142.33999633789062,138.97000122070312,139.50999450683594,139.50999450683594,1188900.0,111.98999786376953,113.18000030517578,110.16999816894531,111.3499984741211,111.3499984741211,53816600,178.8800048828125,179.47999572753906,177.0500030517578,177.4499969482422,176.1588897705078,43622600.0,16.649999618530273,16.829999923706055,16.489999771118164,16.610000610351562,16.610000610351562,17912200.0,561.0499877929688,565.1599731445312,558.2000122070312,558.510009765625,540.3073120117188,1124300.0
2023-08-16,15.210000038146973,15.725000381469727,15.119999885559082,15.449999809265137,15.449999809265137,40394600.0,44.52000045776367,44.67499923706055,43.40599822998047,43.486000061035156,43.466270446777344,527451000.0,300.20001220703125,301.0799865722656,294.2799987792969,294.2900085449219,293.1701354980469,18547700.0,139.35000610351562,141.55999755859375,139.07000732421875,140.27000427246094,140.27000427246094,1335300.0,110.08999633789062,110.44000244140625,106.9800033569336,107.19000244140625,107.19000244140625,54327300,177.1300048828125,178.5399932861328,176.5,176.57000732421875,175.28529357910156,46964900.0,16.479999542236328,16.610000610351562,16.15999984741211,16.18000030517578,16.18000030517578,22550600.0,561.7000122070312,564.9500122070312,558.719970703125,559.0499877929688,540.8297119140625,1340100.0
2023-08-17,15.390000343322754,15.437000274658203,14.03499984741211,14.149999618530273,14.149999618530273,91086700.0,43.970001220703125,44.0620002746582,43.000999450683594,43.34400177001953,43.32433319091797,452395000.0,293.04998779296875,296.04998779296875,284.95001220703125,285.0899963378906,284.005126953125,23950100.0,140.52999877929688,140.97000122070312,138.05999755859375,138.0800018310547,138.0800018310547,1008600.0,107.62000274658203,107.8499984741211,104.0999984741211,104.44000244140625,104.44000244140625,59064300,177.13999938964844,177.50999450683594,173.47999572753906,174.0,172.73397827148438,66062900.0,16.260000228881836,16.290000915527344,15.800000190734863,15.800000190734863,15.800000190734863,27220500.0,559.469970703125,560.4199829101562,545.0800170898438,547.1099853515625,529.2788696289062,1941900.0
2023-08-18,13.880000114440918,14.600000381469727,13.680000305175781,14.399999618530273,14.399999618530273,70047000.0,42.6349983215332,43.577999114990234,41.65999984741211,43.29899978637695,43.279354095458984,583768000.0,279.0299987792969,285.69000244140625,274.3800048828125,283.25,282.172119140625,34061200.0,136.69000244140625,138.32000732421875,135.97999572753906,137.4600067138672,137.4600067138672,1026600.0,102.4000015258789,106.06999969482422,101.68000030517578,105.44999694824219,105.44999694824219,59884300,172.3000030517578,175.10000610351562,171.9600067138672,174.49000549316406,173.22042846679688,61114200.0,15.4399995803833,15.84000015258789,15.390000343322754,15.59000015258789,15.59000015258789,25668300.0,546.9199829101562,549.469970703125,543.1099853515625,544.9400024414062,527.1796264648438,1877800.0
2023-08-21,14.420000076293945,14.779999732971191,14.34000015258789,14.5,14.5,43206200.0,44.49399948120117,47.064998626708984,44.22200012207031,46.96699905395508,46.94569396972656,692573000.0,283.45001220703125,290.5,281.8500061035156,289.8999938964844,288.79681396484375,20181500.0,138.33999633789062,139.74000549316406,137.72999572753906,139.55999755859375,139.55999755859375,1001400.0,106.19999694824219,108.54000091552734,105.66999816894531,108.22000122070312,108.22000122070312,49319200,175.07000732421875,176.1300048828125,173.74000549316406,175.83999633789062,174.5605926513672,46311900.0,15.770000457763672,15.850000381469727,15.5,15.710000038146973,15.710000038146973,18829000.0,543.8599853515625,545.1500244140625,536.2999877929688,543.2100219726562,525.5059814453125,2076100.0
2023-08-22,14.760000228881836,15.130000114440918,14.630000114440918,14.670000076293945,14.670000076293945,52106900.0,48.1349983215332,48.1870002746582,45.33300018310547,45.667999267578125,45.647281646728516,755293000.0,292.54998779296875,292.8999938964844,286.75,287.6000061035156,286.50555419921875,12999900.0,140.22999572753906,141.97000122070312,140.0,140.47999572753906,140.47999572753906,1217500.0,109.4000015258789,109.72000122070312,104.8499984741211,105.66000366210938,105.66000366210938,47335100,177.05999755859375,177.67999267578125,176.25,177.22999572753906,175.9404754638672,42084200.0,15.789999961853027,15.859999656677246,15.430000305175781,15.65999984741211,15.65999984741211,20261100.0,541.9600219726562,541.9600219726562,537.5,538.3699951171875,520.8236694335938,1286000.0
2023-08-23,14.5,15.470000267028809,14.420000076293945,15.300000190734863,15.300000190734863,53523300.0,45.86600112915039,47.20000076293945,45.20800018310547,47.11600112915039,47.094627380371094,779046000.0,288.5,297.3999938964844,287.6700134277344,294.239990234375,293.1202697753906,18287000.0,141.0800018310547,144.8300018310547,140.75,144.5500030517578,144.5500030517578,1258700.0,105.6500015258789,110.08000183105469,105.0,109.43000030517578,109.43000030517578,54656300,178.52000427246094,181.5500030517578,178.3300018310547,181.1199951171875,179.8021697998047,52722800.0,15.699999809265137,16.389999389648438,15.489999771118164,16.25,16.25,29806800.0,538.9600219726562,541.1699829101562,536.239990234375,540.8599853515625,523.2325439453125,1295800.0
2023-08-24,15.699999809265137,15.710000038146973,13.875,14.140000343322754,14.140000343322754,93586200.0,50.215999603271484,50.26599884033203,47.159000396728516,47.16299819946289,47.1416015625,1156044000.0,298.5,299.4599914550781,286.6400146484375,286.75,285.6587829589844,18360900.0,144.5500030517578,145.82000732421875,139.61000061035156,139.66000366210938,139.66000366210938,1404300.0,111.05999755859375,111.63999938964844,100.87000274658203,101.80000305175781,101.80000305175781,109179100,180.6699981689453,181.10000610351562,176.00999450683594,176.3800048828125,175.0966796875,54945800.0,16.170000076293945,16.329999923706055,15.699999809265137,15.710000038146973,15.710000038146973,21392500.0,539.2899780273438,541.0,530.8200073242188,531.7100219726562,515.3526611328125,1587500.0
2023-08-25,14.140000343322754,14.649999618530273,14.010000228881836,14.529999732971191,14.529999732971191,55668900.0,47.012001037597656,47.80500030517578,45.02399826049805,46.018001556396484,45.99712371826172,925341000.0,286.1300048828125,288.3900146484375,276.0299987792969,285.5,284.41357421875,23701400.0,139.66000366210938,142.3800048828125,139.05999755859375,141.4199981689453,141.4199981689453,1419200.0,101.16999816894531,104.12000274658203,99.58000183105469,102.25,102.25,74793100,177.3800048828125,179.14999389648438,175.82000732421875,178.61000061035156,177.31045532226562,51449600.0,15.720000267028809,15.989999771118164,15.550000190734863,15.899999618530273,15.899999618530273,19060500.0,532.9099731445312,535.7899780273438,530.5599975585938,534.010009765625,517.581787109375,1511500.0
2023-08-28,14.6899995803833,14.880000114440918,14.5,14.640000343322754,14.640000343322754,35964700.0,46.481998443603516,46.97999954223633,44.88800048828125,46.834999084472656,46.813751220703125,685192000.0,288.0,291.45001220703125,285.79998779296875,290.260009765625,289.15545654296875,14239300.0,141.52999877929688,142.0,140.2899932861328,140.8000030517578,140.8000030517578,620700.0,103.47000122070312,104.06999969482422,100.88999938964844,102.61000061035156,102.61000061035156,55386800,180.08999633789062,180.58999633789062,178.5500030517578,180.19000244140625,178.87896728515625,43820700.0,15.920000076293945,16.09000015258789,15.680000305175781,15.710000038146973,15.710000038146973,19018100.0,536.0,537.0399780273438,533.1199951171875,536.1900024414062,519.69482421875,945800.0
2023-08-29,14.600000381469727,15.630000114440918,14.5,15.399999618530273,15.399999618530273,47213200.0,46.66600036621094,49.08100128173828,46.39099884033203,48.784000396728516,48.76186752319336,701397000.0,288.5799865722656,299.1499938964844,288.17999267578125,297.989990234375,296.85601806640625,20844500.0,140.10000610351562,142.25,140.07000732421875,141.38999938964844,141.38999938964844,785600.0,102.11000061035156,106.56999969482422,101.79000091552734,105.91999816894531,105.91999816894531,50850300,179.6999969482422,184.89999389648438,179.5,184.1199951171875,182.78038024902344,53003900.0,15.59000015258789,16.1200008392334,15.430000305175781,16.040000915527344,16.040000915527344,17645000.0,534.3400268554688,543.0700073242188,534.3400268554688,542.77001953125,526.0723876953125,1468500.0
2023-08-30,15.460000038146973,16.350000381469727,15.329999923706055,16.329999923706055,16.329999923706055,65674100.0,49.04399871826172,49.926998138427734,48.42499923706055,49.263999938964844,49.24164581298828,735206000.0,297.1700134277344,298.2900085449219,293.42999267578125,295.1000061035156,293.9770202636719,17717000.0,141.86000061035156,142.2100067138672,140.9199981689453,141.8300018310547,141.8300018310547,583900.0,105.4000015258789,107.66999816894531,104.5,106.58999633789062,106.58999633789062,54847300,184.94000244140625,187.85000610351562,184.74000549316406,187.64999389648438,186.28466796875,60813900.0,16.170000076293945,16.239999771118164,15.829999923706055,15.869999885559082,15.869999885559082,18121700.0,542.72998046875,544.4199829101562,539.3099975585938,542.260009765625,525.5781860351562,1292800.0
2023-08-31,15.600000381469727,15.850000381469727,14.649999618530273,14.979999542236328,14.979999542236328,101517200.0,49.380001068115234,49.74399948120117,48.95800018310547,49.35499954223633,49.33260726928711,528570000.0,295.79998779296875,301.1000061035156,295.6600036621094,295.8900146484375,294.7640380859375,17229900.0,141.99000549316406,143.47000122070312,141.97999572753906,142.1999969482422,142.1999969482422,1438500.0,106.19000244140625,108.05999755859375,104.86000061035156,105.72000122070312,105.72000122070312,58919000,187.83999633789062,189.1199951171875,187.47999572753906,187.8699951171875,186.50306701660156,60794500.0,15.850000381469727,16.040000915527344,15.6899995803833,15.819999694824219,15.819999694824219,21797600.0,540.0,552.2000122070312,540.0,549.280029296875,532.3822021484375,2086500.0
2023-09-01,15.15999984741211,15.364999771118164,14.829999923706055,15.180000305175781,15.180000305175781,45107800.0,49.762001037597656,49.79999923706055,48.141998291015625,48.50899887084961,48.48699188232422,463830000.0,299.3699951171875,301.739990234375,294.4700012207031,296.3800048828125,295.2521667480469,12819800.0,142.75,143.6199951171875,140.52999877929688,141.8300018310547,141.8300018310547,1379900.0,107.0,110.05999755859375,106.61000061035156,109.44999694824219,109.44999694824219,54808900,189.49000549316406,189.9199981689453,188.27999877929688,189.4600067138672,188.08151245117188,45732600.0,15.829999923706055,16.059999465942383,15.579999923706055,15.729999542236328,15.729999542236328,16760800.0,553.0700073242188,553.47998046875,540.6400146484375,544.25,527.5068969726562,1437400.0
2023-09-05,15.079999923706055,15.420000076293945,14.899999618530273,15.210000038146973,15.210000038146973,33818400.0,48.222999572753906,48.85100173950195,47.86000061035156,48.54800033569336,48.525970458984375,382653000.0,297.0199890136719,301.3900146484375,295.510009765625,300.1499938964844,299.0078125,14956000.0,141.52999877929688,142.9600067138672,140.83999633789062,141.17999267578125,141.17999267578125,1342900.0,109.0,111.81999969482422,106.30000305175781,110.77999877929688,110.77999877929688,66042200,188.27999877929688,189.97999572753906,187.61000061035156,189.6999969482422,188.3197479248047,45280000.0,15.569999694824219,15.569999694824219,14.920000076293945,15.369999885559082,15.369999885559082,31023200.0,545.72998046875,549.1900024414062,544.0,544.72998046875,527.9720458984375,1714300.0
2023-09-06,15.170000076293945,15.619999885559082,15.079999923706055,15.300000190734863,15.300000190734863,38738100.0,48.441001892089844,48.54899978637695,46.58000183105469,47.06100082397461,47.04352569580078,468670000.0,301.7099914550781,303.29998779296875,295.6600036621094,299.1700134277344,298.0315246582031,15418100.0,141.3000030517578,141.3300018310547,139.75999450683594,140.97000122070312,140.97000122070312,1074600.0,110.55999755859375,111.33000183105469,108.22000122070312,109.27999877929688,109.27999877929688,47736700,188.39999389648438,188.85000610351562,181.47000122070312,182.91000366210938,181.57916259765625,81755800.0,15.109999656677246,15.489999771118164,15.039999961853027,15.430000305175781,15.430000305175781,19238600.0,541.719970703125,548.6799926757812,540.1799926757812,546.6900024414062,529.871826171875,1476600.0
2023-09-07,14.880000114440918,15.239999771118164,14.289999961853027,15.210000038146973,15.210000038146973,51798800.0,45.525001525878906,46.34400177001953,45.152000427246094,46.24100112915039,46.22383499145508,433330000.0,298.0,307.04998779296875,292.2200012207031,298.6700134277344,297.5334777832031,33748700.0,140.75,143.00999450683594,139.85000610351562,142.22999572753906,142.22999572753906,925400.0,106.13999938964844,107.69000244140625,105.08999633789062,106.58999633789062,106.58999633789062,49080100,175.17999267578125,178.2100067138672,173.5399932861328,177.55999755859375,176.26808166503906,112488800.0,15.25,15.359999656677246,14.989999771118164,15.300000190734863,15.300000190734863,18761400.0,548.6500244140625,550.989990234375,544.2899780273438,548.6199951171875,531.7423706054688,1340000.0
2023-09-08,15.119999885559082,15.609999656677246,15.085000038146973,15.130000114440918,15.130000114440918,33862000.0,45.94200134277344,46.60599899291992,45.270999908447266,45.571998596191406,45.555076599121094,473069000.0,299.2200012207031,305.25,296.7799987792969,297.8900146484375,296.7564392089844,17548000.0,142.75,143.0,141.6300048828125,142.77000427246094,142.77000427246094,711800.0,107.0199966430664,109.73999786376953,105.75,106.08999633789062,106.08999633789062,46232000,178.35000610351562,180.24000549316406,177.7899932861328,178.17999267578125,176.88356018066406,65551300.0,15.210000038146973,15.520000457763672,15.09000015258789,15.300000190734863,15.300000190734863,13695000.0,549.0700073242188,552.3800048828125,548.0999755859375,551.1900024414062,534.2333984375,1075300.0
2023-09-11,15.40999984741211,16.100000381469727,15.359999656677246,15.789999961853027,15.789999961853027,55294700.0,46.14799880981445,46.16299819946289,44.3120002746582,45.178001403808594,45.161224365234375,473966000.0,301.4100036621094,309.0400085449219,301.2799987792969,307.55999755859375,306.38958740234375,19489300.0,142.89999389648438,146.08999633789062,142.55999755859375,145.3800048828125,145.3800048828125,1077600.0,107.31999969482422,107.51000213623047,103.0,105.31999969482422,105.31999969482422,50611300,180.07000732421875,180.3000030517578,177.33999633789062,179.36000061035156,178.05499267578125,58953100.0,15.5600004196167,15.600000381469727,14.949999809265137,15.479999542236328,15.479999542236328,18092800.0,552.8099975585938,559.3900146484375,551.8599853515625,558.780029296875,541.5899047851562,1388600.0
2023-09-12,15.460000038146973,16.149999618530273,15.430000305175781,15.59000015258789,15.59000015258789,39497900.0,44.737998962402344,45.67300033569336,44.53099822998047,44.869998931884766,44.853336334228516,349256000.0,306.3299865722656,308.6600036621094,300.2300109863281,301.6600036621094,300.5120849609375,13480400.0,144.61000061035156,146.22999572753906,142.8300018310547,143.19000244140625,143.19000244140625,846600.0,104.19999694824219,106.73999786376953,103.18000030517578,105.30999755859375,105.30999755859375,44413600,179.49000549316406,180.1300048828125,174.82000732421875,176.3000030517578,175.01727294921875,90370200.0,15.319999694824219,15.640000343322754,15.229999542236328,15.460000038146973,15.460000038146973,15495000.0,559.280029296875,560.4000244140625,556.1799926757812,558.7899780273438,541.5994873046875,1055500.0
2023-09-13,15.630000114440918,15.850000381469727,15.420000076293945,15.600000381469727,15.600000381469727,34354400.0,44.599998474121094,45.93000030517578,44.50299835205078,45.48500061035156,45.468109130859375,398355000.0,302.3599853515625,307.17999267578125,301.32000732421875,305.05999755859375,303.89910888671875,13210900.0,143.1300048828125,144.72999572753906,142.5800018310547,144.36000061035156,144.36000061035156,970100.0,105.0999984741211,108.73999786376953,104.83000183105469,107.70999908447266,107.70999908447266,44702300,176.50999450683594,177.3000030517578,173.97999572753906,174.2100067138672,172.94247436523438,84267900.0,15.15999984741211,15.270000457763672,14.920000076293945,15.020000457763672,15.020000457763672,23991200.0,558.2999877929688,560.4400024414062,554.6199951171875,559.760009765625,542.5397338867188,1162700.0
2023-09-14,15.6899995803833,16.040000915527344,15.470000267028809,15.829999923706055,15.829999923706055,38572500.0,45.95000076293945,45.98699951171875,45.13100051879883,45.58100128173828,45.56407928466797,370097000.0,306.739990234375,312.8699951171875,305.0299987792969,311.7200012207031,310.5337829589844,19343100.0,144.58999633789062,145.5,143.05999755859375,144.39999389648438,144.39999389648438,813300.0,108.43000030517578,109.1500015258789,106.22000122070312,106.62999725341797,106.62999725341797,45920600,174.0,176.10000610351562,173.5800018310547,175.74000549316406,174.46133422851562,60895800.0,15.350000381469727,15.779999732971191,15.260000228881836,15.630000114440918,15.630000114440918,24656700.0,564.8099975585938,566.7000122070312,560.25,564.77001953125,547.3956909179688,1257300.0
2023-09-15,15.770000457763672,15.899999618530273,15.170000076293945,15.329999923706055,15.329999923706055,56161900.0,45.340999603271484,45.5989990234375,43.80799865722656,43.900001525878906,43.883697509765625,506831000.0,311.6099853515625,312.0,298.75,300.30999755859375,299.167236328125,28106400.0,144.0,144.4199981689453,142.22999572753906,142.91000366210938,142.91000366210938,1623100.0,106.06999969482422,106.76000213623047,101.27999877929688,101.48999786376953,101.48999786376953,71017600,176.47999572753906,176.5,173.82000732421875,175.00999450683594,173.73663330078125,109205100.0,15.539999961853027,15.619999885559082,15.109999656677246,15.1899995803833,15.1899995803833,24287200.0,565.3300170898438,565.510009765625,555.5399780273438,556.3599853515625,539.244384765625,2944900.0
2023-09-18,15.180000305175781,15.630000114440918,15.069999694824219,15.460000038146973,15.460000038146973,37404100.0,42.74800109863281,44.242000579833984,42.0,43.965999603271484,43.949676513671875,500271000.0,298.19000244140625,303.6000061035156,297.79998779296875,302.54998779296875,301.398681640625,14234200.0,143.0399932861328,143.0399932861328,139.64999389648438,141.3300018310547,141.3300018310547,918700.0,100.81999969482422,102.98999786376953,99.44999694824219,102.37000274658203,102.37000274658203,49061300,176.47999572753906,179.3800048828125,176.1699981689453,177.97000122070312,176.67510986328125,67257600.0,15.140000343322754,15.210000038146973,14.979999542236328,15.039999961853027,15.039999961853027,19251100.0,558.1799926757812,564.1900024414062,557.469970703125,562.719970703125,545.4086303710938,1003100.0
2023-09-19,15.34000015258789,15.519000053405762,14.949999809265137,15.149999618530273,15.149999618530273,37804800.0,43.83300018310547,43.965999603271484,43.00199890136719,43.52000045776367,43.50383758544922,373064000.0,302.4800109863281,306.1700134277344,299.80999755859375,305.07000732421875,303.9090881347656,15924400.0,141.19000244140625,145.10000610351562,140.33999633789062,143.91000366210938,143.91000366210938,1255200.0,101.75,102.86000061035156,100.69999694824219,101.61000061035156,101.61000061035156,41704100,177.52000427246094,179.6300048828125,177.1300048828125,179.07000732421875,177.76712036132812,51826900.0,15.0600004196167,15.579999923706055,15.0,15.09000015258789,15.09000015258789,23552300.0,561.6400146484375,565.3300170898438,559.4299926757812,564.3499755859375,546.9885864257812,1144700.0
2023-09-20,15.25,15.425000190734863,14.732999801635742,14.739999771118164,14.739999771118164,37640500.0,43.599998474121094,43.90299987792969,42.222999572753906,42.23899841308594,42.22331619262695,367108000.0,305.04998779296875,308.05999755859375,299.42999267578125,299.6700134277344,298.5296630859375,19379500.0,144.3300018310547,144.3300018310547,140.5399932861328,140.72000122070312,140.72000122070312,806800.0,102.36000061035156,103.94000244140625,100.27999877929688,100.33999633789062,100.33999633789062,55180600,179.25999450683594,179.6999969482422,175.39999389648438,175.49000549316406,174.21315002441406,58436200.0,15.239999771118164,15.300000190734863,14.640000343322754,14.649999618530273,14.649999618530273,22637100.0,564.3499755859375,569.219970703125,562.6599731445312,563.8300170898438,546.4845581054688,1311500.0
2023-09-21,14.34000015258789,14.598999977111816,13.680000305175781,14.0,14.0,72831500.0,41.58300018310547,42.099998474121094,40.97999954223633,41.016998291015625,41.001766204833984,450736000.0,295.70001220703125,300.260009765625,293.2699890136719,295.7300109863281,294.6046447753906,21300500.0,139.0,139.27000427246094,135.72999572753906,135.94000244140625,135.94000244140625,1582900.0,98.5999984741211,98.87000274658203,95.83999633789062,96.11000061035156,96.11000061035156,59628600,174.5500030517578,176.3000030517578,173.86000061035156,173.92999267578125,172.66448974609375,63047900.0,14.449999809265137,14.6899995803833,14.270000457763672,14.449999809265137,14.449999809265137,22647500.0,564.0700073242188,564.5700073242188,554.280029296875,555.0800170898438,538.0037231445312,1687700.0
2023-09-22,14.229999542236328,14.414999961853027,14.029999732971191,14.130000114440918,14.130000114440918,47714500.0,41.571998596191406,42.1150016784668,41.23099899291992,41.61000061035156,41.59454345703125,479236000.0,299.29998779296875,305.3800048828125,298.2699890136719,299.0799865722656,297.94183349609375,25369600.0,136.99000549316406,139.49000549316406,136.7899932861328,138.24000549316406,138.24000549316406,1079900.0,96.91999816894531,98.41999816894531,95.61000061035156,96.19999694824219,96.19999694824219,52169400,174.6699981689453,177.0800018310547,174.0500030517578,174.7899932861328,173.51821899414062,56725400.0,14.65999984741211,14.670000076293945,14.010000228881836,14.050000190734863,14.050000190734863,21291500.0,555.1599731445312,562.969970703125,554.780029296875,558.5900268554688,541.40576171875,1527300.0
2023-09-25,14.0,14.239999771118164,13.819999694824219,14.220000267028809,14.220000267028809,39693900.0,41.590999603271484,42.5359992980957,41.176998138427734,42.22200012207031,42.20631790161133,419091000.0,295.6400146484375,300.95001220703125,293.70001220703125,300.8299865722656,299.68524169921875,18987000.0,137.80999755859375,139.05999755859375,137.3000030517578,138.75,138.75,631700.0,95.94999694824219,97.44999694824219,94.45999908447266,97.37999725341797,97.37999725341797,43223700,174.1999969482422,176.97000122070312,174.14999389648438,176.0800018310547,174.79885864257812,46172700.0,13.550000190734863,14.050000190734863,13.380000114440918,13.899999618530273,13.899999618530273,29506500.0,559.489990234375,561.27001953125,554.739990234375,558.6199951171875,541.434814453125,1313300.0
2023-09-26,13.949999809265137,14.170000076293945,13.880000114440918,13.960000038146973,13.960000038146973,37276200.0,42.000999450683594,42.81999969482422,41.654998779296875,41.9109992980957,41.89543533325195,402282000.0,297.6600036621094,300.29998779296875,296.010009765625,298.9599914550781,297.82232666015625,19417200.0,137.3800048828125,139.38999938964844,136.72000122070312,137.3800048828125,137.3800048828125,980800.0,96.5,97.83000183105469,95.2699966430664,95.95999908447266,95.95999908447266,42866500,174.82000732421875,175.1999969482422,171.66000366210938,171.9600067138672,170.70884704589844,64588900.0,13.670000076293945,13.970000267028809,13.649999618530273,13.760000228881836,13.760000228881836,26210700.0,559.1500244140625,561.3699951171875,552.0,552.9600219726562,535.948974609375,2425100.0
2023-09-27,14.199999809265137,14.960000038146973,14.15999984741211,14.850000381469727,14.850000381469727,62780600.0,42.33000183105469,42.87200164794922,41.62900161743164,42.46799850463867,42.45222854614258,444935000.0,300.45001220703125,301.29998779296875,286.7900085449219,297.739990234375,296.60699462890625,36429800.0,137.67999267578125,138.6999969482422,137.0399932861328,137.77999877929688,137.77999877929688,815200.0,96.81999969482422,99.2300033569336,96.3499984741211,98.06999969482422,98.06999969482422,51261500,172.6199951171875,173.0399932861328,169.0500030517578,170.42999267578125,169.18995666503906,66921800.0,13.890000343322754,14.180000305175781,13.720000267028809,13.979999542236328,13.979999542236328,25160200.0,547.3800048828125,566.5,544.72998046875,563.530029296875,546.1937866210938,4591400.0
2023-09-28,15.140000343322754,15.960000038146973,14.824999809265137,15.770000457763672,15.770000457763672,66590800.0,42.459999084472656,43.44599914550781,42.1150016784668,43.0890007019043,43.072998046875,424663000.0,298.94000244140625,306.3299865722656,296.70001220703125,303.9599914550781,302.80328369140625,22167100.0,137.77999877929688,141.1699981689453,137.1199951171875,140.1999969482422,140.1999969482422,1230300.0,97.94000244140625,104.19999694824219,97.76000213623047,102.76000213623047,102.76000213623047,72542100,169.33999633789062,172.02999877929688,167.6199951171875,170.69000244140625,169.4480743408203,56294400.0,13.65999984741211,14.640000343322754,13.640000343322754,14.4399995803833,14.4399995803833,45202200.0,564.0700073242188,572.1799926757812,564.0700073242188,568.6300048828125,551.136962890625,2192400.0
2023-09-29,16.110000610351562,16.809999465942383,15.960000038146973,16.0,16.0,77919600.0,43.82699966430664,44.14400100708008,43.30699920654297,43.499000549316406,43.48284912109375,397830000.0,307.3800048828125,310.6400146484375,299.3599853515625,300.2099914550781,299.06756591796875,25356600.0,141.10000610351562,141.55999755859375,140.1999969482422,140.38999938964844,140.38999938964844,1231700.0,104.69000244140625,104.94000244140625,102.55999755859375,102.81999969482422,102.81999969482422,56027300,172.02000427246094,173.07000732421875,170.33999633789062,171.2100067138672,169.96429443359375,51814200.0,14.649999618530273,15.239999771118164,13.239999771118164,13.720000267028809,13.720000267028809,91911300.0,570.0,570.989990234375,560.7000122070312,564.9600219726562,547.5797729492188,1886600.0
2023-10-02,16.030000686645508,16.440000534057617,15.770000457763672,15.880000114440918,15.880000114440918,41043900.0,44.029998779296875,45.17499923706055,43.861000061035156,44.78200149536133,44.76537322998047,433298000.0,302.739990234375,307.17999267578125,301.6300048828125,306.82000732421875,305.6524353027344,16265600.0,140.49000549316406,140.49000549316406,137.30999755859375,139.0,139.0,1372300.0,102.20999908447266,103.70999908447266,101.69999694824219,103.2699966430664,103.2699966430664,45118600,171.22000122070312,174.3000030517578,170.92999267578125,173.75,172.48580932617188,52164500.0,13.5,14.170000076293945,13.420000076293945,13.640000343322754,13.640000343322754,38918600.0,567.9099731445312,571.739990234375,564.0,571.3099975585938,553.7344360351562,1831700.0
2023-10-03,15.609999656677246,15.770000457763672,14.819999694824219,14.899999618530273,14.899999618530273,51578100.0,44.80799865722656,45.130001068115234,43.24599838256836,43.516998291015625,43.50083541870117,470850000.0,304.260009765625,306.7699890136719,299.6400146484375,300.94000244140625,299.7947998046875,17362300.0,137.5800018310547,138.5399932861328,137.07000732421875,137.55999755859375,137.55999755859375,1083400.0,101.80000305175781,103.29000091552734,99.16999816894531,100.08000183105469,100.08000183105469,48117000,172.25999450683594,173.6300048828125,170.82000732421875,172.39999389648438,171.14561462402344,49594600.0,13.369999885559082,13.510000228881836,12.649999618530273,12.739999771118164,12.739999771118164,53693600.0,571.0999755859375,576.1900024414062,563.010009765625,565.0399780273438,547.6573486328125,2007400.0
2023-10-04,15.460000038146973,15.850000381469727,15.15999984741211,15.729999542236328,15.729999542236328,52786200.0,43.742000579833984,44.143001556396484,43.29199981689453,44.04100036621094,44.02465057373047,361821000.0,298.7300109863281,306.8999938964844,298.5,305.5799865722656,304.4171447753906,16880500.0,137.7899932861328,140.05999755859375,136.67999267578125,139.6300048828125,139.6300048828125,868400.0,100.6500015258789,104.4000015258789,100.33999633789062,104.06999969482422,104.06999969482422,51023200,171.08999633789062,174.2100067138672,170.97000122070312,173.66000366210938,172.3964385986328,53020300.0,12.84000015258789,13.229999542236328,12.819999694824219,13.09000015258789,13.09000015258789,35704600.0,569.489990234375,572.6099853515625,563.760009765625,571.7999877929688,554.2093505859375,1798800.0
2023-10-05,15.5600004196167,15.899999618530273,15.40999984741211,15.8100004196167,15.8100004196167,49648100.0,44.04999923706055,44.900001525878906,43.88800048828125,44.6879997253418,44.67140579223633,393483000.0,304.6300048828125,306.2099914550781,299.5,304.7900085449219,303.6301574707031,19130000.0,139.33999633789062,140.91000366210938,138.6999969482422,140.1999969482422,140.1999969482422,924400.0,103.41000366210938,103.73999786376953,100.2699966430664,102.91000366210938,102.91000366210938,51789700,173.7899932861328,175.4499969482422,172.67999267578125,174.91000366210938,173.6373748779297,48527900.0,13.270000457763672,13.649999618530273,13.100000381469727,13.300000190734863,13.300000190734863,24169100.0,572.1699829101562,574.75,564.3599853515625,569.52001953125,551.99951171875,1579700.0
2023-10-06,15.5600004196167,16.69499969482422,15.510000228881836,16.610000610351562,16.610000610351562,65511400.0,44.19300079345703,45.78900146484375,44.0260009765625,45.762001037597656,45.7450065612793,434436000.0,301.44000244140625,316.30999755859375,300.9100036621094,315.42999267578125,314.2296447753906,21784000.0,139.61000061035156,142.55999755859375,139.0800018310547,140.91000366210938,140.91000366210938,1386000.0,102.16000366210938,107.87000274658203,102.02999877929688,107.23999786376953,107.23999786376953,64807500,173.8000030517578,177.99000549316406,173.17999267578125,177.49000549316406,176.1986083984375,57224100.0,13.069999694824219,13.470000267028809,12.989999771118164,13.260000228881836,13.260000228881836,26143200.0,566.0900268554688,566.9500122070312,542.6300048828125,557.530029296875,540.37841796875,4245900.0
2023-10-09,16.25,17.829999923706055,16.219999313354492,17.610000610351562,17.610000610351562,106161200.0,44.84199905395508,45.60499954223633,44.36800003051758,45.27299880981445,45.25618362426758,409675000.0,312.5,320.3299865722656,311.82000732421875,318.3599853515625,317.14849853515625,22503700.0,139.82000732421875,143.75,139.7899932861328,143.1300048828125,143.1300048828125,1117300.0,106.01000213623047,107.30999755859375,104.79000091552734,106.97000122070312,106.97000122070312,39593200,176.80999755859375,179.0500030517578,175.8000030517578,178.99000549316406,177.6876678466797,42390800.0,12.65999984741211,12.760000228881836,12.279999732971191,12.6899995803833,12.6899995803833,37982300.0,555.0,559.75,549.780029296875,558.969970703125,541.7741088867188,1781500.0
2023-10-10,18.059999465942383,18.399999618530273,17.6200008392334,17.799999237060547,17.799999237060547,99971500.0,45.310001373291016,46.25899887084961,45.0880012512207,45.79800033569336,45.7809944152832,368582000.0,319.1199951171875,324.6600036621094,318.1600036621094,321.8399963378906,320.6152648925781,19038000.0,143.36000061035156,146.33999633789062,143.27999877929688,145.24000549316406,145.24000549316406,1248500.0,107.48999786376953,110.12000274658203,106.4000015258789,109.01000213623047,109.01000213623047,57105500,178.10000610351562,179.72000122070312,177.9499969482422,178.38999938964844,177.092041015625,43698000.0,12.819999694824219,13.289999961853027,12.800000190734863,12.899999618530273,12.899999618530273,26502400.0,559.9199829101562,566.9500122070312,557.239990234375,562.0900268554688,544.7982177734375,2176800.0
2023-10-11,17.8700008392334,18.440000534057617,17.729999542236328,17.920000076293945,17.920000076293945,55745600.0,46.19599914550781,46.85900115966797,46.04999923706055,46.805999755859375,46.78862380981445,378137000.0,323.010009765625,328.8399963378906,322.95001220703125,327.82000732421875,326.572509765625,22036300.0,147.3699951171875,148.9600067138672,144.69000244140625,144.75,144.75,1364900.0,109.13999938964844,110.0999984741211,106.93000030517578,108.30999755859375,108.30999755859375,51085600,178.1999969482422,179.85000610351562,177.60000610351562,179.8000030517578,178.4917755126953,47551100.0,12.920000076293945,13.010000228881836,12.489999771118164,12.649999618530273,12.649999618530273,25157700.0,564.8499755859375,566.5,560.2000122070312,565.52001953125,548.12255859375,1449800.0
2023-10-12,17.920000076293945,18.239999771118164,17.551000595092773,17.940000534057617,17.940000534057617,57940900.0,46.777000427246094,47.60900115966797,46.33000183105469,46.94499969482422,46.92756271362305,481325000.0,328.0,330.5400085449219,322.69000244140625,324.1600036621094,322.92645263671875,20530500.0,143.89999389648438,144.69000244140625,139.74000549316406,141.6199951171875,141.6199951171875,1832600.0,108.4000015258789,111.30999755859375,107.51000213623047,108.79000091552734,108.79000091552734,60959400,180.07000732421875,182.33999633789062,179.0399932861328,180.7100067138672,179.39517211914062,56743100.0,12.6899995803833,12.920000076293945,12.34000015258789,12.600000381469727,12.600000381469727,28842100.0,568.0499877929688,569.1400146484375,562.3800048828125,563.780029296875,546.4360961914062,1458000.0
2023-10-13,18.059999465942383,18.15999984741211,17.270000457763672,17.360000610351562,17.360000610351562,54541600.0,46.959999084472656,47.11600112915039,45.279998779296875,45.46099853515625,45.44411849975586,474115000.0,323.5299987792969,325.04998779296875,312.3699951171875,314.69000244140625,313.49249267578125,21341000.0,141.6199951171875,143.07000732421875,141.30999755859375,142.8300018310547,142.8300018310547,800100.0,108.6500015258789,108.97000122070312,104.75,105.08999633789062,105.08999633789062,52881500,181.4199981689453,181.92999267578125,178.13999938964844,178.85000610351562,177.54869079589844,51427100.0,12.380000114440918,12.520000457763672,12.149999618530273,12.260000228881836,12.260000228881836,25958500.0,563.8499755859375,567.4400024414062,561.97998046875,566.8400268554688,549.4020385742188,1243900.0
2023-10-16,17.209999084472656,17.459999084472656,16.670000076293945,17.360000610351562,17.360000610351562,44987300.0,45.0629997253418,46.224998474121094,44.9119987487793,46.095001220703125,46.077880859375,375099000.0,318.6400146484375,321.82000732421875,315.5199890136719,321.1499938964844,319.9278564453125,16536100.0,143.5800018310547,144.82000732421875,142.6999969482422,143.58999633789062,143.58999633789062,1229000.0,105.41999816894531,107.4800033569336,105.02999877929688,106.45999908447266,106.45999908447266,42464500,176.75,179.0800018310547,176.50999450683594,178.72000122070312,177.41966247558594,52517000.0,12.470000267028809,12.529999732971191,12.239999771118164,12.359999656677246,12.359999656677246,28778300.0,569.6900024414062,574.0999755859375,568.52001953125,572.239990234375,554.6358032226562,1428300.0
2023-10-17,17.0,18.030000686645508,16.90999984741211,17.84000015258789,17.84000015258789,54401300.0,44.0,44.75400161743164,42.47999954223633,43.9379997253418,43.92168426513672,812333000.0,318.17999267578125,324.3999938964844,317.29998779296875,324.0,322.76702880859375,16387800.0,142.5500030517578,145.3699951171875,142.39999389648438,144.86000061035156,144.86000061035156,1623700.0,103.54000091552734,106.29000091552734,101.66000366210938,105.13999938964844,105.13999938964844,49642100,176.64999389648438,178.4199981689453,174.8000030517578,177.14999389648438,175.86105346679688,57549400.0,12.270000457763672,12.65999984741211,12.229999542236328,12.5,12.5,22430900.0,571.9400024414062,576.0599975585938,570.7100219726562,574.3400268554688,556.671142578125,1404600.0
2023-10-18,17.809999465942383,18.219999313354492,17.190000534057617,17.200000762939453,17.200000762939453,44208300.0,42.590999603271484,43.21900177001953,41.82500076293945,42.19599914550781,42.18033218383789,627294000.0,321.3900146484375,325.94000244140625,315.55999755859375,316.9700012207031,315.7638244628906,16851000.0,144.50999450683594,145.0,141.92999267578125,142.5,142.5,865300.0,103.37999725341797,104.77999877929688,101.73999786376953,102.16999816894531,102.16999816894531,50450000,175.5800018310547,177.5800018310547,175.11000061035156,175.83999633789062,174.5605926513672,54764400.0,12.300000190734863,12.34000015258789,11.670000076293945,11.6899995803833,11.6899995803833,37759500.0,573.9199829101562,577.2999877929688,572.0,574.6400146484375,556.9619750976562,1311900.0
2023-10-19,17.440000534057617,17.579999923706055,16.969999313354492,17.059999465942383,17.059999465942383,46303200.0,42.81100082397461,43.297000885009766,41.88199996948242,42.10100173950195,42.08536911010742,501233000.0,319.8800048828125,321.8900146484375,311.75,312.80999755859375,311.6196594238281,18709200.0,142.82000732421875,143.42999267578125,140.10000610351562,140.27999877929688,140.27999877929688,742400.0,103.80999755859375,105.5999984741211,101.83999633789062,102.4000015258789,102.4000015258789,52734200,176.0399932861328,177.83999633789062,175.19000244140625,175.4600067138672,174.183349609375,59302900.0,11.59000015258789,11.720000267028809,11.34000015258789,11.390000343322754,11.390000343322754,36476100.0,573.7000122070312,575.8499755859375,564.1099853515625,565.6300048828125,548.2291870117188,2019600.0
2023-10-20,16.850000381469727,16.940000534057617,15.8100004196167,16.110000610351562,16.110000610351562,63738300.0,41.88999938964844,42.470001220703125,41.077999114990234,41.387001037597656,41.37163162231445,477266000.0,314.1400146484375,315.29998779296875,306.4700012207031,308.6499938964844,307.4754638671875,22287400.0,141.60000610351562,144.4600067138672,140.35000610351562,140.5800018310547,140.5800018310547,1297700.0,102.27999877929688,104.33999633789062,101.44000244140625,101.80999755859375,101.80999755859375,61285600,175.30999755859375,175.4199981689453,172.63999938964844,172.8800048828125,171.6221466064453,64189300.0,11.239999771118164,11.390000343322754,11.020000457763672,11.029999732971191,11.029999732971191,33478700.0,566.5399780273438,566.6699829101562,552.010009765625,552.9299926757812,535.9198608398438,2294500.0
2023-10-23,15.899999618530273,16.34000015258789,15.210000038146973,16.200000762939453,16.200000762939453,55967200.0,41.229000091552734,43.24800109863281,40.94499969482422,42.974998474121094,42.959041595458984,478530000.0,309.5,317.3599853515625,307.260009765625,314.010009765625,312.8150634765625,17796800.0,140.0,143.47000122070312,138.8000030517578,142.1699981689453,142.1699981689453,2809900.0,100.80999755859375,102.41999816894531,99.31999969482422,100.01000213623047,100.01000213623047,50817400,170.91000366210938,174.00999450683594,169.92999267578125,173.0,171.74127197265625,55980100.0,10.979999542236328,11.640000343322754,10.84000015258789,11.380000114440918,11.380000114440918,41028400.0,554.1400146484375,556.9199829101562,546.6300048828125,552.2899780273438,535.2994995117188,1776500.0
2023-10-24,16.3799991607666,16.93000030517578,16.299999237060547,16.639999389648438,16.639999389648438,39833800.0,43.07699966430664,43.696998596191406,42.691001892089844,43.66299819946289,43.64678192138672,401463000.0,316.7799987792969,318.3500061035156,310.6300048828125,312.54998779296875,311.3606262207031,19525500.0,143.3800048828125,144.4600067138672,139.69000244140625,142.69000244140625,142.69000244140625,1536300.0,100.97000122070312,101.79000091552734,99.37999725341797,101.66999816894531,101.66999816894531,51982900,173.0500030517578,173.6699981689453,171.4499969482422,173.44000244140625,172.17807006835938,43816600.0,11.510000228881836,11.729999542236328,11.399999618530273,11.449999809265137,11.449999809265137,23219100.0,552.0999755859375,555.989990234375,549.3300170898438,551.8400268554688,534.8634643554688,1678600.0
2023-10-25,16.56999969482422,16.6299991607666,15.579999923706055,15.59000015258789,15.59000015258789,46706500.0,43.39799880981445,43.650001525878906,41.55500030517578,41.77899932861328,41.76348114013672,398379000.0,310.0,310.8800048828125,298.8399963378906,299.5299987792969,298.3901672363281,42192500.0,141.89999389648438,142.6999969482422,136.3699951171875,137.07000732421875,137.07000732421875,1243600.0,100.41999816894531,101.02999877929688,95.2300033569336,96.05999755859375,96.05999755859375,53424500,171.8800048828125,173.05999755859375,170.64999389648438,171.10000610351562,169.8551025390625,57157000.0,11.319999694824219,11.470000267028809,11.239999771118164,11.270000457763672,11.270000457763672,22471300.0,548.5499877929688,553.8300170898438,545.6099853515625,549.989990234375,533.0702514648438,1757500.0
2023-10-26,15.600000381469727,15.90999984741211,15.050000190734863,15.289999961853027,15.289999961853027,49351800.0,41.85300064086914,42.25600051879883,39.880001068115234,40.32600021362305,40.31102752685547,541001000.0,295.0,295.0,279.3999938964844,288.3500061035156,287.25274658203125,66684100.0,137.58999633789062,137.8000030517578,132.39999389648438,133.0399932861328,133.0399932861328,2499100.0,95.98999786376953,97.5199966430664,93.12000274658203,93.66999816894531,93.66999816894531,49896400,170.3699951171875,171.3800048828125,165.6699981689453,166.88999938964844,165.6757354736328,70625300.0,11.640000343322754,11.739999771118164,10.949999809265137,11.369999885559082,11.369999885559082,38025200.0,549.6500244140625,554.6599731445312,545.530029296875,547.5999755859375,530.7537841796875,1925300.0
2023-10-27,15.479999542236328,15.600000381469727,14.960000038146973,15.069999694824219,15.069999694824219,39913600.0,41.130001068115234,41.20600128173828,40.01499938964844,40.5,40.484962463378906,416784000.0,294.4800109863281,299.30999755859375,292.9700012207031,296.7300109863281,295.600830078125,29596300.0,133.27999877929688,135.39999389648438,132.72999572753906,134.42999267578125,134.42999267578125,1515900.0,95.80000305175781,97.3499984741211,94.58999633789062,96.43000030517578,96.43000030517578,52458700,166.91000366210938,168.9600067138672,166.8300018310547,168.22000122070312,166.9960479736328,58499100.0,11.5600004196167,11.579999923706055,11.010000228881836,11.130000114440918,11.130000114440918,25951000.0,547.5999755859375,548.030029296875,540.22998046875,543.030029296875,526.3244018554688,1503100.0
2023-10-30,15.270000457763672,15.289999961853027,14.5600004196167,14.6899995803833,14.6899995803833,46886400.0,41.08700180053711,41.76599884033203,40.48099899291992,41.1609992980957,41.14571762084961,388028000.0,299.0899963378906,309.3999938964844,299.04998779296875,302.6600036621094,301.50823974609375,28435100.0,135.17999267578125,135.30999755859375,130.33999633789062,133.35000610351562,133.35000610351562,1622100.0,96.13999938964844,97.04000091552734,94.69999694824219,96.18000030517578,96.18000030517578,43716600,169.02000427246094,171.1699981689453,168.8699951171875,170.2899932861328,169.0509796142578,51131000.0,11.359999656677246,11.5,11.1899995803833,11.399999618530273,11.399999618530273,28263900.0,545.739990234375,556.3599853515625,543.6400146484375,554.8800048828125,537.8099365234375,1696200.0
2023-10-31,14.579999923706055,15.010000228881836,14.550000190734863,14.800000190734863,14.800000190734863,40195400.0,40.45000076293945,40.87900161743164,39.22999954223633,40.779998779296875,40.764854431152344,517969000.0,303.30999755859375,303.67999267578125,296.8599853515625,301.2699890136719,300.12353515625,19434200.0,133.4199981689453,134.25,132.24000549316406,133.75,133.75,1146000.0,96.23999786376953,98.81999969482422,94.06999969482422,98.5,98.5,79547100,169.35000610351562,170.89999389648438,167.89999389648438,170.77000427246094,169.5275115966797,44846000.0,11.430000305175781,11.479999542236328,11.100000381469727,11.460000038146973,11.460000038146973,25679000.0,552.1599731445312,554.030029296875,549.0599975585938,552.4400024414062,535.4448852539062,1394700.0
2023-11-01,14.800000190734863,14.960000038146973,14.479999542236328,14.920000076293945,14.920000076293945,54419100.0,40.88399887084961,42.38100051879883,40.86899948120117,42.32500076293945,42.309288024902344,437593000.0,301.8500061035156,312.739990234375,301.8500061035156,311.8500061035156,310.6632995605469,20434600.0,133.92999267578125,135.00999450683594,132.1999969482422,133.80999755859375,133.80999755859375,1629900.0,98.58000183105469,108.1500015258789,98.5,108.04000091552734,108.04000091552734,138641500,171.0,174.22999572753906,170.1199951171875,173.97000122070312,172.70420837402344,56934900.0,11.449999809265137,11.569999694824219,11.119999885559082,11.300000190734863,11.300000190734863,26672000.0,555.0,558.4400024414062,549.6500244140625,556.7999877929688,539.6707763671875,1735300.0
2023-11-02,17.479999542236328,18.299999237060547,17.209999084472656,17.969999313354492,17.969999313354492,170406800.0,43.327999114990234,43.88399887084961,42.89400100708008,43.50600051879883,43.489845275878906,409172000.0,317.29998779296875,318.82000732421875,308.3299865722656,310.8699951171875,309.68701171875,21631800.0,135.69000244140625,137.8000030517578,134.83999633789062,137.5,137.5,1959400.0,107.95999908447266,109.41000366210938,105.91000366210938,107.83000183105469,107.83000183105469,71377000,175.52000427246094,177.77999877929688,175.4600067138672,177.57000732421875,176.27801513671875,77334800.0,11.619999885559082,12.039999961853027,11.609999656677246,11.899999618530273,11.899999618530273,30172100.0,556.5,559.510009765625,552.010009765625,555.969970703125,539.8553466796875,2100600.0
2023-11-03,18.020000457763672,19.07900047302246,17.760000228881836,18.889999389648438,18.889999389648438,109039500.0,44.02000045776367,45.308998107910156,43.722999572753906,45.005001068115234,44.98828887939453,424610000.0,312.54998779296875,315.54998779296875,311.0199890136719,314.6000061035156,313.40283203125,16754100.0,137.60000610351562,139.6699981689453,136.8800048828125,138.91000366210938,138.91000366210938,1386800.0,109.05000305175781,113.38999938964844,107.86000061035156,112.25,112.25,65576600,174.24000549316406,176.82000732421875,173.35000610351562,176.64999389648438,175.3647003173828,79763700.0,12.1899995803833,12.819999694824219,12.15999984741211,12.550000190734863,12.550000190734863,43436000.0,557.3300170898438,562.989990234375,555.22998046875,560.9000244140625,544.6425170898438,1826300.0
2023-11-06,18.989999771118164,19.079999923706055,17.93000030517578,18.540000915527344,18.540000915527344,79952600.0,45.28499984741211,45.935001373291016,44.89899826049805,45.750999450683594,45.734012603759766,400733000.0,315.9800109863281,318.3299865722656,314.45001220703125,315.79998779296875,314.5982360839844,12887700.0,139.0,139.1699981689453,132.1699981689453,134.3699951171875,134.3699951171875,1926700.0,112.5999984741211,113.08000183105469,110.22000122070312,111.75,111.75,49270400,176.3800048828125,179.42999267578125,176.2100067138672,179.22999572753906,177.92593383789062,63841300.0,12.649999618530273,12.739999771118164,12.020000457763672,12.260000228881836,12.260000228881836,30665400.0,560.489990234375,572.6500244140625,560.1300048828125,569.8200073242188,553.3038940429688,2056900.0
2023-11-07,18.860000610351562,19.170000076293945,18.530000686645508,18.799999237060547,18.799999237060547,56289100.0,45.71900177001953,46.21799850463867,45.15800094604492,45.95500183105469,45.93793869018555,343165000.0,317.05999755859375,321.0,315.1199951171875,318.82000732421875,317.6067810058594,14055600.0,135.67999267578125,137.27999877929688,135.0,136.36000061035156,136.36000061035156,1881700.0,111.86000061035156,114.6500015258789,111.22000122070312,113.44999694824219,113.44999694824219,50550200,179.17999267578125,182.44000244140625,178.97000122070312,181.82000732421875,180.49710083007812,70530000.0,12.25,12.569999694824219,12.15999984741211,12.5600004196167,12.5600004196167,22553000.0,572.5,573.8900146484375,569.5599975585938,571.27001953125,554.7119140625,1373100.0
2023-11-08,18.850000381469727,18.93000030517578,18.149999618530273,18.489999771118164,18.489999771118164,46063100.0,46.099998474121094,46.867000579833984,45.96799850463867,46.57400131225586,46.556705474853516,346719000.0,318.1400146484375,321.3299865722656,314.8800048828125,319.7799987792969,318.5631103515625,13609700.0,148.2100067138672,148.63999938964844,143.1300048828125,143.47000122070312,143.47000122070312,8062400.0,113.55000305175781,115.31999969482422,112.87999725341797,113.58999633789062,113.58999633789062,41880600,182.35000610351562,183.4499969482422,181.58999633789062,182.88999938964844,181.55929565429688,49340300.0,12.609999656677246,12.970000267028809,12.510000228881836,12.789999961853027,12.789999961853027,30333400.0,572.1199951171875,572.989990234375,564.2899780273438,567.3800048828125,550.9345703125,1343600.0
2023-11-09,18.65999984741211,18.8700008392334,18.15999984741211,18.270000457763672,18.270000457763672,48454200.0,47.46699905395508,48.22999954223633,46.75,46.95000076293945,46.93256378173828,540496000.0,319.4200134277344,324.17999267578125,318.79998779296875,320.54998779296875,319.3301696777344,16103100.0,148.6300048828125,149.9199981689453,144.25999450683594,146.32000732421875,146.32000732421875,4612600.0,114.0999984741211,115.80999755859375,113.05999755859375,113.48999786376953,113.48999786376953,61146900,182.9600067138672,184.1199951171875,181.80999755859375,182.41000366210938,181.0828094482422,53763500.0,12.800000190734863,12.920000076293945,12.25,12.3100004196167,12.3100004196167,22164800.0,569.0,569.0,562.010009765625,563.27001953125,546.9437255859375,1288400.0
2023-11-10,18.155000686645508,19.719999313354492,18.059999465942383,19.670000076293945,19.670000076293945,92748000.0,47.5,48.47200012207031,47.28300094604492,48.334999084472656,48.317047119140625,421245000.0,319.94000244140625,329.1000061035156,319.4599914550781,328.7699890136719,327.5188903808594,19096200.0,146.67999267578125,149.07000732421875,145.10000610351562,147.8800048828125,147.8800048828125,2430200.0,114.3499984741211,119.69999694824219,114.02999877929688,118.58999633789062,118.58999633789062,75135900,183.97000122070312,186.57000732421875,183.52999877929688,186.39999389648438,185.28753662109375,66133400.0,12.300000190734863,12.8100004196167,12.229999542236328,12.760000228881836,12.760000228881836,21955600.0,567.9000244140625,577.8900146484375,564.9400024414062,577.1199951171875,560.3922729492188,1908800.0
2023-11-13,19.59000015258789,19.8799991607666,19.299999237060547,19.709999084472656,19.709999084472656,74877500.0,48.31999969482422,49.11600112915039,48.0989990234375,48.619998931884766,48.60194396972656,384136000.0,326.20001220703125,332.3299865722656,325.70001220703125,329.19000244140625,327.9372863769531,16908900.0,147.64999389648438,151.97999572753906,147.27999877929688,150.08999633789062,150.08999633789062,2829600.0,118.33999633789062,118.68000030517578,116.0,116.79000091552734,116.79000091552734,46741900,185.82000732421875,186.02999877929688,184.2100067138672,184.8000030517578,183.6970977783203,43627500.0,12.630000114440918,12.829999923706055,12.449999809265137,12.779999732971191,12.779999732971191,19364700.0,575.0,579.9500122070312,573.489990234375,578.22998046875,561.4700927734375,1650700.0
2023-11-14,20.0,20.100000381469727,19.5,19.940000534057617,19.940000534057617,83230500.0,49.68000030517578,49.83399963378906,49.040000915527344,49.65599822998047,49.6375617980957,416954000.0,334.5400085449219,338.1000061035156,333.3299865722656,336.30999755859375,335.0301818847656,17179400.0,153.08999633789062,156.2100067138672,152.5800018310547,153.39999389648438,153.39999389648438,2315400.0,119.69999694824219,122.11000061035156,119.22000122070312,119.87999725341797,119.87999725341797,61017400,187.6999969482422,188.11000061035156,186.3000030517578,187.44000244140625,186.3213653564453,60108400.0,13.579999923706055,14.119999885559082,13.329999923706055,13.890000343322754,13.890000343322754,46888800.0,581.739990234375,591.5499877929688,581.2100219726562,590.7999877929688,573.67578125,2037600.0
2023-11-15,19.899999618530273,20.3700008392334,19.611000061035156,19.950000762939453,19.950000762939453,75533500.0,49.935001373291016,49.959999084472656,48.20000076293945,48.88800048828125,48.869850158691406,475497000.0,337.92999267578125,338.3999938964844,330.0199890136719,332.7099914550781,331.44390869140625,14531200.0,153.63999938964844,155.80999755859375,153.07000732421875,153.94000244140625,153.94000244140625,1805700.0,120.54000091552734,120.58999633789062,116.87000274658203,118.0,118.0,59555600,187.85000610351562,189.5,187.77999877929688,188.00999450683594,186.88792419433594,53790500.0,14.1899995803833,14.649999618530273,14.149999618530273,14.569999694824219,14.569999694824219,45858300.0,593.989990234375,599.8900146484375,593.3900146484375,596.780029296875,579.4825439453125,2165100.0
2023-11-16,19.799999237060547,19.875,19.290000915527344,19.770000457763672,19.770000457763672,49942800.0,48.67900085449219,49.525001525878906,48.33000183105469,49.47999954223633,49.46162796020508,339756000.0,329.3699951171875,334.5799865722656,326.3800048828125,334.19000244140625,332.91827392578125,18932600.0,153.9499969482422,154.97999572753906,152.77999877929688,154.85000610351562,154.85000610351562,1405300.0,117.19999694824219,120.7300033569336,116.41000366210938,119.83000183105469,119.83000183105469,49661900,189.57000732421875,190.9600067138672,188.64999389648438,189.7100067138672,188.57781982421875,54412900.0,14.489999771118164,14.829999923706055,14.40999984741211,14.8100004196167,14.8100004196167,31253700.0,586.3800048828125,586.5900268554688,572.239990234375,578.5800170898438,561.8099975585938,2954700.0
2023-11-17,19.68000030517578,20.579999923706055,19.659000396728516,20.489999771118164,20.489999771118164,69497400.0,49.52399826049805,49.71699905395508,49.00699996948242,49.29800033569336,49.27969741821289,325205000.0,330.260009765625,335.5,329.3500061035156,335.0400085449219,333.76507568359375,14494400.0,154.9199981689453,155.5500030517578,153.42999267578125,154.38999938964844,154.38999938964844,1067200.0,119.63999938964844,121.48999786376953,118.81999969482422,120.62000274658203,120.62000274658203,38508900,190.25,190.3800048828125,188.57000732421875,189.69000244140625,188.5579071044922,50922700.0,14.920000076293945,15.010000228881836,14.640000343322754,14.789999961853027,14.789999961853027,25665200.0,578.9000244140625,579.9199829101562,574.0599975585938,577.1500244140625,560.4214477539062,1773600.0
2023-11-20,20.649999618530273,21.600000381469727,20.559999465942383,21.34000015258789,21.34000015258789,90270000.0,49.3120002746582,50.54800033569336,49.180999755859375,50.409000396728516,50.39028549194336,414120000.0,334.8900146484375,341.8699951171875,334.19000244140625,339.9700012207031,338.67626953125,16960500.0,153.99000549316406,156.5399932861328,153.33999633789062,155.8800048828125,155.8800048828125,1162200.0,120.69999694824219,121.93000030517578,120.06999969482422,121.52999877929688,121.52999877929688,43138700,189.88999938964844,191.91000366210938,189.8800048828125,191.4499969482422,190.30740356445312,46505100.0,14.75,15.0,14.550000190734863,14.569999694824219,14.569999694824219,23870500.0,577.3400268554688,582.3200073242188,577.3400268554688,580.7999877929688,563.965576171875,1624100.0
2023-11-21,21.110000610351562,21.850000381469727,19.719999313354492,19.799999237060547,19.799999237060547,106643300.0,50.125999450683594,50.516998291015625,49.22200012207031,49.944000244140625,49.925453186035156,565747000.0,338.3299865722656,339.8999938964844,335.8999938964844,336.9800109863281,335.6976623535156,12027900.0,155.82000732421875,156.9600067138672,154.6699981689453,155.74000549316406,155.74000549316406,885200.0,120.54000091552734,120.6500015258789,117.94000244140625,119.16000366210938,119.16000366210938,41064800,191.41000366210938,191.52000427246094,189.74000549316406,190.63999938964844,189.5022430419922,38134500.0,14.319999694824219,14.359999656677246,13.880000114440918,14.199999809265137,14.199999809265137,26656000.0,582.0,584.9500122070312,577.7100219726562,584.2999877929688,567.3641357421875,1173700.0
2023-11-22,20.260000228881836,20.440000534057617,19.329999923706055,19.690000534057617,19.690000534057617,68326000.0,49.85200119018555,50.334999084472656,47.689998626708984,48.715999603271484,48.69791030883789,899420000.0,339.2099914550781,342.9200134277344,338.5799865722656,341.489990234375,340.1904602050781,10702700.0,156.39999389648438,157.60000610351562,155.80999755859375,155.8800048828125,155.8800048828125,1118600.0,120.0,124.76000213623047,119.94999694824219,122.51000213623047,122.51000213623047,56862200,191.49000549316406,192.92999267578125,190.8300018310547,191.30999755859375,190.16824340820312,39617700.0,14.5,14.84000015258789,14.40999984741211,14.470000267028809,14.470000267028809,26064700.0,586.8499755859375,591.1400146484375,586.3499755859375,589.0800170898438,572.0056762695312,1068600.0
2023-11-24,19.3799991607666,19.600000381469727,18.93000030517578,19.200000762939453,19.200000762939453,39800400.0,48.470001220703125,48.92100143432617,47.744998931884766,47.7760009765625,47.75825881958008,294645000.0,340.1300048828125,341.8599853515625,336.7699890136719,338.2300109863281,336.94287109375,5467500.0,156.39999389648438,156.5399932861328,155.42999267578125,156.32000732421875,156.32000732421875,539200.0,122.02999877929688,123.25,121.54000091552734,122.30999755859375,122.30999755859375,19001000,190.8699951171875,190.89999389648438,189.25,189.97000122070312,188.8362274169922,24048300.0,14.270000457763672,14.460000038146973,14.119999885559082,14.40999984741211,14.40999984741211,8927300.0,591.02001953125,594.2000122070312,590.4099731445312,591.3599853515625,574.219482421875,645800.0
2023-11-27,19.1299991607666,19.5,18.6200008392334,19.079999923706055,19.079999923706055,58808200.0,47.79999923706055,48.529998779296875,47.652000427246094,48.242000579833984,48.224082946777344,395662000.0,336.17999267578125,339.8999938964844,334.20001220703125,334.70001220703125,333.4263916015625,15684500.0,156.0500030517578,157.5800018310547,156.00999450683594,156.27000427246094,156.27000427246094,1008500.0,122.06999969482422,123.88999938964844,121.7699966430664,122.6500015258789,122.6500015258789,32743000,189.9199981689453,190.6699981689453,188.89999389648438,189.7899932861328,188.6573028564453,40552600.0,14.380000114440918,14.739999771118164,14.359999656677246,14.619999885559082,14.619999885559082,21496800.0,592.52001953125,599.9400024414062,592.4099731445312,594.9000244140625,577.6569213867188,1627400.0
2023-11-28,19.110000610351562,19.799999237060547,19.030000686645508,19.709999084472656,19.709999084472656,54170700.0,48.236000061035156,48.323001861572266,47.472999572753906,47.82099914550781,47.80324172973633,401491000.0,333.3999938964844,339.3800048828125,333.3999938964844,338.989990234375,337.70001220703125,12637200.0,156.27000427246094,158.1699981689453,156.27000427246094,156.67999267578125,156.67999267578125,1324700.0,121.9800033569336,122.54000091552734,120.79000091552734,122.01000213623047,122.01000213623047,32047100,189.77999877929688,191.0800018310547,189.39999389648438,190.39999389648438,189.263671875,38415400.0,14.680000305175781,14.779999732971191,14.479999542236328,14.630000114440918,14.630000114440918,18419200.0,593.1900024414062,597.4199829101562,591.4199829101562,594.0,576.782958984375,1286800.0
2023-11-29,19.94499969482422,20.309999465942383,19.780000686645508,19.84000015258789,19.84000015258789,62782100.0,48.37900161743164,48.762001037597656,47.86000061035156,48.13999938964844,48.122127532958984,382005000.0,339.69000244140625,339.8999938964844,330.7799987792969,332.20001220703125,330.9358825683594,16024500.0,157.58999633789062,158.83999633789062,155.74000549316406,157.00999450683594,157.00999450683594,1562500.0,123.9800033569336,125.7300033569336,123.4800033569336,123.8499984741211,123.8499984741211,37876300,190.89999389648438,192.08999633789062,188.97000122070312,189.3699951171875,188.2398223876953,43014200.0,14.8100004196167,15.300000190734863,14.760000228881836,14.90999984741211,14.90999984741211,27451400.0,595.2000122070312,595.2100219726562,587.4199829101562,587.8599853515625,570.8209228515625,1319800.0
2023-11-30,19.940000534057617,20.229999542236328,19.68000030517578,20.049999237060547,20.049999237060547,55501000.0,48.02399826049805,48.11000061035156,46.422000885009766,46.77000045776367,46.752628326416016,526247000.0,331.8900146484375,333.5,322.3999938964844,327.1499938964844,325.9050598144531,23146400.0,157.1699981689453,158.5399932861328,156.5,158.1999969482422,158.1999969482422,1508200.0,123.61000061035156,124.05000305175781,119.6500015258789,121.16000366210938,121.16000366210938,44494200,189.83999633789062,190.32000732421875,188.19000244140625,189.9499969482422,188.81637573242188,48794400.0,15.09000015258789,15.1899995803833,14.829999923706055,15.0600004196167,15.0600004196167,30451000.0,587.8300170898438,593.0700073242188,582.8300170898438,592.739990234375,575.5595092773438,1755200.0
2023-12-01,19.93000030517578,20.290000915527344,19.549999237060547,20.270000457763672,20.270000457763672,61336000.0,46.525001525878906,47.20000076293945,46.1870002746582,46.76499938964844,46.74762725830078,369317000.0,325.4800109863281,326.8599853515625,320.760009765625,324.82000732421875,323.58392333984375,15264700.0,158.69000244140625,161.60000610351562,157.1999969482422,157.83999633789062,157.83999633789062,1733200.0,119.87999725341797,121.4000015258789,118.6500015258789,121.38999938964844,121.38999938964844,37017600,190.3300018310547,191.55999755859375,189.22999572753906,191.24000549316406,190.09866333007812,45679300.0,15.119999885559082,15.770000457763672,15.029999732971191,15.760000228881836,15.760000228881836,31896100.0,593.280029296875,596.3499755859375,590.5900268554688,596.25,578.9678955078125,1474700.0
2023-12-04,19.75,19.899999618530273,18.270000457763672,18.399999618530273,18.399999618530273,104948500.0,46.07699966430664,46.07699966430664,45.0099983215332,45.5099983215332,45.493099212646484,437543000.0,317.2900085449219,320.8599853515625,313.6600036621094,320.0199890136719,318.80218505859375,19037100.0,157.35000610351562,158.4499969482422,154.5,157.55999755859375,157.55999755859375,1878900.0,119.75,119.9000015258789,116.37000274658203,118.56999969482422,118.56999969482422,39854400,189.97999572753906,190.0500030517578,187.4499969482422,189.42999267578125,188.29945373535156,43389500.0,15.75,16.40999984741211,15.75,16.350000381469727,16.350000381469727,36854500.0,592.1500244140625,599.530029296875,591.4600219726562,599.0800170898438,581.7158203125,1624000.0
2023-12-05,18.25,18.549999237060547,17.959999084472656,18.299999237060547,18.299999237060547,54460800.0,45.465999603271484,46.599998474121094,45.270999908447266,46.566001892089844,46.55280685424805,371718000.0,318.9800109863281,321.8800048828125,315.3900146484375,318.2900085449219,317.07879638671875,16952100.0,154.25999450683594,157.97999572753906,152.1199951171875,156.75999450683594,156.75999450683594,3597000.0,117.43000030517578,118.48999786376953,116.44999694824219,118.37999725341797,118.37999725341797,39191600,190.2100067138672,194.39999389648438,190.17999267578125,193.4199981689453,192.26565551757812,66628400.0,16.200000762939453,16.6200008392334,16.149999618530273,16.5,16.5,27681700.0,598.530029296875,608.8800048828125,597.030029296875,605.3499755859375,587.8040161132812,2349700.0
2023-12-06,17.690000534057617,17.829999923706055,17.049999237060547,17.1299991607666,17.1299991607666,96111000.0,47.21500015258789,47.387001037597656,45.4119987487793,45.50299835205078,45.4901008605957,380590000.0,321.92999267578125,322.25,317.0400085449219,317.45001220703125,316.2419738769531,11294300.0,157.5,158.80999755859375,156.5399932861328,157.32000732421875,157.32000732421875,2544900.0,120.69000244140625,122.83000183105469,116.37999725341797,116.81999969482422,116.81999969482422,60599000,194.4499969482422,194.75999450683594,192.11000061035156,192.32000732421875,191.17222595214844,41089700.0,16.81999969482422,17.81999969482422,16.799999237060547,17.479999542236328,17.479999542236328,43374500.0,605.5,608.47998046875,603.8599853515625,607.4299926757812,589.82373046875,2233900.0
2023-12-07,17.219999313354492,17.479999542236328,17.079999923706055,17.219999313354492,17.219999313354492,56455000.0,45.70000076293945,46.62900161743164,45.604000091552734,46.59600067138672,46.58279037475586,350823000.0,317.7699890136719,328.239990234375,317.7699890136719,326.5899963378906,325.34722900390625,15905100.0,155.10000610351562,155.85000610351562,153.55999755859375,154.2100067138672,154.2100067138672,2437200.0,120.79000091552734,128.67999267578125,119.55999755859375,128.3699951171875,128.3699951171875,118579100,193.6300048828125,195.0,193.58999633789062,194.27000427246094,193.11058044433594,47477700.0,17.549999237060547,18.040000915527344,17.43000030517578,17.93000030517578,17.93000030517578,33502900.0,610.0,612.3499755859375,606.3499755859375,610.9500122070312,593.2417602539062,1690400.0
2023-12-08,17.18000030517578,17.920000076293945,17.09000015258789,17.770000457763672,17.770000457763672,57404600.0,46.595001220703125,47.74100112915039,46.54999923706055,47.50600051879883,47.49253463745117,359224000.0,323.0899963378906,333.1700134277344,323.0,332.75,331.4837341308594,14077500.0,154.3800048828125,156.72000122070312,154.0800018310547,155.32000732421875,155.32000732421875,2078700.0,129.5399932861328,131.0,126.88999938964844,128.9199981689453,128.9199981689453,89273900,194.1999969482422,195.99000549316406,193.6699981689453,195.7100067138672,194.5419921875,53377300.0,17.920000076293945,18.139999389648438,17.84000015258789,18.110000610351562,18.110000610351562,32698700.0,608.5999755859375,613.6099853515625,607.72998046875,610.780029296875,593.0767822265625,1502100.0
2023-12-11,17.969999313354492,18.280000686645508,17.700000762939453,17.770000457763672,17.770000457763672,50929600.0,47.49100112915039,47.53099822998047,45.83000183105469,46.62699890136719,46.61378479003906,509728000.0,329.3999938964844,329.8900146484375,320.0,325.2799987792969,324.04217529296875,25802500.0,154.41000366210938,155.0500030517578,152.10000610351562,152.55999755859375,152.55999755859375,2478100.0,130.55999755859375,135.0399932861328,128.25,134.41000366210938,134.41000366210938,98668300,193.11000061035156,193.49000549316406,191.4199981689453,193.17999267578125,192.02708435058594,60943700.0,18.010000228881836,18.059999465942383,17.459999084472656,17.6299991607666,17.6299991607666,34179200.0,621.969970703125,625.030029296875,618.760009765625,623.8599853515625,605.7775268554688,2139300.0
2023-12-12,17.690000534057617,17.8799991607666,17.229999542236328,17.5,17.5,46231900.0,46.04600143432617,47.66600036621094,46.04600143432617,47.65700149536133,47.643489837646484,372387000.0,324.6000061035156,334.4700012207031,324.55999755859375,334.2200012207031,332.9481506347656,18485500.0,155.13999938964844,157.33999633789062,154.66000366210938,157.1999969482422,157.1999969482422,2270600.0,132.25,139.88999938964844,131.89999389648438,137.61000061035156,137.61000061035156,111677800,193.0800018310547,194.72000122070312,191.72000122070312,194.7100067138672,193.5479736328125,52696900.0,17.639999389648438,18.049999237060547,17.610000610351562,17.81999969482422,17.81999969482422,22240600.0,627.4400024414062,629.6900024414062,623.2100219726562,629.5,611.2540283203125,2374400.0
2023-12-13,17.649999618530273,17.899999618530273,17.219999313354492,17.8700008392334,17.8700008392334,52682600.0,47.62900161743164,48.59400177001953,47.608001708984375,48.0880012512207,48.074371337890625,447792000.0,333.92999267578125,338.3699951171875,332.6400146484375,334.739990234375,333.46612548828125,16353300.0,161.13999938964844,164.0399932861328,160.83999633789062,163.1199951171875,163.1199951171875,4475600.0,137.97000122070312,139.24000549316406,136.02999877929688,138.19000244140625,138.19000244140625,70651600,195.08999633789062,198.0,194.85000610351562,197.9600067138672,196.778564453125,70404200.0,17.75,18.299999237060547,17.6200008392334,18.270000457763672,18.270000457763672,38465400.0,633.9199829101562,642.5999755859375,631.0,642.0,623.3917846679688,2436900.0
2023-12-14,18.170000076293945,18.579999923706055,17.719999313354492,18.209999084472656,18.209999084472656,67462800.0,48.38999938964844,48.66999816894531,47.422000885009766,48.349998474121094,48.33629608154297,391232000.0,333.8500061035156,334.70001220703125,328.6400146484375,333.1700134277344,331.90216064453125,19607300.0,163.2899932861328,164.85000610351562,162.39999389648438,163.88999938964844,163.88999938964844,3013400.0,138.88999938964844,141.82000732421875,135.72999572753906,138.0,138.0,76115200,198.02000427246094,199.6199951171875,196.16000366210938,198.11000061035156,196.92767333984375,66831600.0,18.5,19.229999542236328,18.479999542236328,18.780000686645508,18.780000686645508,41074500.0,641.1799926757812,641.9000244140625,630.2999877929688,630.780029296875,612.4969482421875,3839200.0
2023-12-15,18.670000076293945,19.149999618530273,18.040000915527344,18.200000762939453,18.200000762939453,93004400.0,48.194000244140625,49.40399932861328,48.119998931884766,48.88999938964844,48.87614059448242,479948000.0,331.989990234375,338.6600036621094,331.2200012207031,334.9200134277344,333.6455383300781,30001600.0,163.67999267578125,163.86000061035156,159.25,160.1999969482422,160.1999969482422,15608700.0,139.52000427246094,140.88999938964844,137.25,139.14999389648438,139.14999389648438,70178600,197.52999877929688,198.39999389648438,197.0,197.57000732421875,196.3909149169922,128256700.0,18.68000030517578,18.950000762939453,18.549999237060547,18.610000610351562,18.610000610351562,36091700.0,641.5,661.8800048828125,640.5,658.8200073242188,639.7242431640625,8805200.0
2023-12-18,18.209999084472656,18.575000762939453,17.770000457763672,17.84000015258789,17.84000015258789,60188100.0,49.400001525878906,50.43299865722656,49.150001525878906,50.07699966430664,50.06280517578125,412587000.0,337.4800109863281,347.55999755859375,337.0199890136719,344.6199951171875,343.30859375,18993900.0,160.5399932861328,161.4499969482422,157.83999633789062,158.57000732421875,158.57000732421875,1962500.0,139.14999389648438,139.7899932861328,137.64999389648438,138.89999389648438,138.89999389648438,45199500,196.08999633789062,196.6300048828125,194.38999938964844,195.88999938964844,194.72091674804688,55751900.0,18.530000686645508,18.719999313354492,18.209999084472656,18.360000610351562,18.360000610351562,26063300.0,664.5,681.9099731445312,661.0999755859375,681.239990234375,661.4943237304688,5733400.0
2023-12-19,17.979999542236328,18.190000534057617,17.84000015258789,17.950000762939453,17.950000762939453,43530300.0,49.42399978637695,49.70000076293945,48.89500045776367,49.604000091552734,49.58993911743164,464444000.0,345.5799865722656,353.6000061035156,345.1199951171875,350.3599853515625,349.0267333984375,17729400.0,158.63999938964844,159.77000427246094,157.75,159.39999389648438,159.39999389648438,1324300.0,138.57000732421875,143.47000122070312,138.55999755859375,140.14999389648438,140.14999389648438,63739800,196.16000366210938,196.9499969482422,195.88999938964844,196.94000244140625,195.76466369628906,40714100.0,18.450000762939453,18.860000610351562,18.399999618530273,18.709999084472656,18.709999084472656,27102200.0,675.0,680.7999877929688,669.1199951171875,677.739990234375,658.0958251953125,3437300.0
2023-12-20,17.8700008392334,17.920000076293945,17.190000534057617,17.25,17.25,58666900.0,49.654998779296875,49.999000549316406,48.097999572753906,48.111000061035156,48.09736251831055,397894000.0,348.6499938964844,354.9599914550781,347.7900085449219,349.2799987792969,347.95086669921875,16369900.0,158.2100067138672,160.4499969482422,157.5,157.9600067138672,157.9600067138672,1569300.0,139.0,139.5800018310547,135.3699951171875,135.47000122070312,135.47000122070312,54671700,196.89999389648438,197.67999267578125,194.8300018310547,194.8300018310547,193.66725158691406,52242800.0,18.639999389648438,18.799999237060547,18.059999465942383,18.06999969482422,18.06999969482422,34109700.0,671.7899780273438,674.3499755859375,660.7999877929688,661.0,641.841064453125,3782700.0
2023-12-21,17.530000686645508,17.739999771118164,17.420000076293945,17.59000015258789,17.59000015258789,30493600.0,48.81100082397461,49.095001220703125,48.41899871826172,48.9900016784668,48.97611618041992,300425000.0,352.9800109863281,356.4100036621094,349.2099914550781,354.0899963378906,352.7425537109375,15289600.0,159.27999877929688,160.5,158.74000549316406,160.38999938964844,160.38999938964844,1069300.0,138.13999938964844,139.97999572753906,137.3800048828125,139.91000366210938,139.91000366210938,47179400,196.10000610351562,197.0800018310547,193.5,194.67999267578125,193.51812744140625,46482500.0,18.5,19.5,18.329999923706055,19.190000534057617,19.190000534057617,63822500.0,665.8599853515625,667.3400268554688,659.4500122070312,665.1599731445312,645.8804321289062,2388400.0
2023-12-22,17.700000762939453,17.700000762939453,17.325000762939453,17.40999984741211,17.40999984741211,33615000.0,49.19499969482422,49.382999420166016,48.46699905395508,48.83000183105469,48.816162109375,252507000.0,355.5799865722656,357.20001220703125,351.2200012207031,353.3900146484375,352.0451965332031,11764200.0,158.8800048828125,162.89999389648438,158.8800048828125,161.9499969482422,161.9499969482422,1347200.0,140.47999572753906,140.6999969482422,138.30999755859375,139.60000610351562,139.60000610351562,35370400,195.17999267578125,195.41000366210938,192.97000122070312,193.60000610351562,192.444580078125,37122800.0,19.139999389648438,19.739999771118164,18.700000762939453,18.93000030517578,18.93000030517578,38218500.0,668.0,673.27001953125,666.0,671.5999755859375,652.1337280273438,1639500.0
2023-12-26,17.440000534057617,17.7450008392334,17.329999923706055,17.68000030517578,17.68000030517578,31750700.0,48.96799850463867,49.599998474121094,48.959999084472656,49.27899932861328,49.26502990722656,244200000.0,354.989990234375,356.9800109863281,353.45001220703125,354.8299865722656,353.4797058105469,9898600.0,162.0,162.25999450683594,161.16000366210938,161.6199951171875,161.6199951171875,763300.0,140.07000732421875,143.85000610351562,139.9199981689453,143.41000366210938,143.41000366210938,47157400,193.61000061035156,193.88999938964844,192.8300018310547,193.0500030517578,191.89788818359375,28919300.0,18.790000915527344,18.860000610351562,18.360000610351562,18.610000610351562,18.610000610351562,26668600.0,673.010009765625,675.8599853515625,670.780029296875,674.6199951171875,655.0662841796875,1774800.0
2023-12-27,17.780000686645508,17.90999984741211,17.450000762939453,17.469999313354492,17.469999313354492,32918400.0,49.51100158691406,49.68000030517578,49.084999084472656,49.41699981689453,49.40298843383789,233648000.0,356.07000732421875,359.0,355.30999755859375,357.8299865722656,356.46832275390625,13207900.0,161.58999633789062,161.72999572753906,160.5,160.99000549316406,160.99000549316406,936900.0,144.72000122070312,146.25,143.17999267578125,146.07000732421875,146.07000732421875,49033400,192.49000549316406,193.5,191.08999633789062,193.14999389648438,191.99725341796875,48087700.0,18.399999618530273,18.610000610351562,18.200000762939453,18.540000915527344,18.540000915527344,25594200.0,662.7000122070312,668.5800170898438,660.4000244140625,666.7999877929688,662.1967163085938,1875900.0
2023-12-28,17.459999084472656,17.84000015258789,17.420000076293945,17.559999465942383,17.559999465942383,38990000.0,49.643001556396484,49.88399887084961,49.4119987487793,49.52199935913086,49.507965087890625,246587000.0,359.70001220703125,361.8999938964844,357.80999755859375,358.32000732421875,356.95648193359375,11798800.0,160.99000549316406,162.25,160.39999389648438,161.47000122070312,161.47000122070312,784900.0,146.8000030517578,150.41000366210938,145.9499969482422,148.75999450683594,148.75999450683594,63800700,194.13999938964844,194.66000366210938,193.1699981689453,193.5800018310547,192.42471313476562,34049900.0,18.6200008392334,18.760000228881836,18.540000915527344,18.670000076293945,18.670000076293945,17540700.0,665.8499755859375,666.8599853515625,661.5900268554688,663.0999755859375,658.5221557617188,1496900.0
2023-12-29,17.520000457763672,17.639999389648438,17.100000381469727,17.170000076293945,17.170000076293945,38805000.0,49.8129997253418,49.99700164794922,48.750999450683594,49.52199935913086,49.507965087890625,389293000.0,358.989990234375,360.0,351.82000732421875,353.9599914550781,352.6130676269531,14980500.0,161.5,162.9199981689453,160.72000122070312,160.9499969482422,160.9499969482422,916600.0,149.5,151.0500030517578,147.1999969482422,147.41000366210938,147.41000366210938,62028200,193.89999389648438,194.39999389648438,191.72999572753906,192.52999877929688,191.38096618652344,42628800.0,18.639999389648438,18.8799991607666,18.530000686645508,18.540000915527344,18.540000915527344,25424100.0,661.0,663.1900024414062,657.1599731445312,660.0800170898438,655.5231323242188,1947000.0
2024-01-02,16.950000762939453,16.950000762939453,16.5,16.579999923706055,16.579999923706055,41626700.0,49.24399948120117,49.29499816894531,47.595001220703125,48.167999267578125,48.15434646606445,411254000.0,351.32000732421875,353.1600036621094,340.010009765625,346.2900085449219,344.97222900390625,19042200.0,160.13999938964844,160.13999938964844,157.99000549316406,159.25999450683594,159.25999450683594,1506200.0,144.27999877929688,144.39999389648438,137.42999267578125,138.5800018310547,138.5800018310547,64902000,187.14999389648438,188.44000244140625,183.88999938964844,185.63999938964844,184.53208923339844,82488700.0,18.309999465942383,18.34000015258789,17.209999084472656,17.290000915527344,17.290000915527344,36400200.0,655.5800170898438,657.7999877929688,649.5,650.6500244140625,646.1581420898438,2657700.0
2024-01-03,16.1200008392334,16.3799991607666,16.010000228881836,16.09000015258789,16.09000015258789,46865200.0,47.48500061035156,48.183998107910156,47.31999969482422,47.569000244140625,47.55551528930664,320896000.0,344.9800109863281,347.95001220703125,343.17999267578125,344.4700012207031,343.1591491699219,15451100.0,158.88999938964844,159.17999267578125,157.47999572753906,158.39999389648438,158.39999389648438,1061400.0,135.7100067138672,137.42999267578125,133.74000549316406,135.32000732421875,135.32000732421875,61988600,184.22000122070312,185.8800048828125,183.42999267578125,184.25,183.15037536621094,58414500.0,16.760000228881836,16.899999618530273,16.260000228881836,16.350000381469727,16.350000381469727,43978500.0,651.2100219726562,655.4500122070312,643.0999755859375,644.6900024414062,640.2393188476562,2612600.0
2024-01-04,16.049999237060547,16.579999923706055,15.949999809265137,16.25,16.25,39937700.0,47.766998291015625,48.5,47.507999420166016,47.99800109863281,47.984397888183594,306535000.0,344.5,348.1499938964844,343.3999938964844,347.1199951171875,345.799072265625,12099900.0,157.9600067138672,160.52000427246094,157.82000732421875,158.86000061035156,158.86000061035156,1238900.0,134.3000030517578,137.6999969482422,134.0,136.00999450683594,136.00999450683594,58610300,182.14999389648438,183.08999633789062,180.8800048828125,181.91000366210938,180.82435607910156,71983600.0,16.350000381469727,17.100000381469727,16.299999237060547,16.850000381469727,16.850000381469727,33978600.0,642.0800170898438,649.9000244140625,640.510009765625,648.3499755859375,643.8740844726562,2171100.0
2024-01-05,15.699999809265137,16.128000259399414,15.663999557495117,15.979999542236328,15.979999542236328,57628800.0,48.46200180053711,49.547000885009766,48.305999755859375,49.09700012207031,49.08308029174805,415039000.0,346.989990234375,353.5,346.260009765625,351.95001220703125,350.6106872558594,13920700.0,158.52000427246094,159.7899932861328,157.7899932861328,158.2100067138672,158.2100067138672,1039100.0,136.77999877929688,141.00999450683594,136.44000244140625,138.5800018310547,138.5800018310547,69595000,181.99000549316406,182.75999450683594,180.1699981689453,181.17999267578125,180.09869384765625,62303300.0,16.899999618530273,17.559999465942383,16.850000381469727,17.329999923706055,17.329999923706055,34770100.0,656.1799926757812,659.6500244140625,652.239990234375,656.010009765625,651.481201171875,2232100.0
2024-01-08,16.219999313354492,16.889999389648438,16.139999389648438,16.670000076293945,16.670000076293945,49090000.0,49.512001037597656,52.275001525878906,49.479000091552734,52.25299835205078,52.23818588256836,642510000.0,354.70001220703125,358.9800109863281,352.04998779296875,358.6600036621094,357.295166015625,13890200.0,158.27000427246094,159.17999267578125,156.66000366210938,158.5399932861328,158.5399932861328,880100.0,140.36000061035156,147.14999389648438,140.14999389648438,146.17999267578125,146.17999267578125,71756900,182.08999633789062,185.60000610351562,181.5,185.55999755859375,184.4525604248047,59144500.0,17.40999984741211,17.579999923706055,17.040000915527344,17.350000381469727,17.350000381469727,26151600.0,655.8099975585938,662.0800170898438,654.030029296875,661.6900024414062,657.1219482421875,2245300.0
2024-01-09,16.510000228881836,16.6299991607666,16.280000686645508,16.389999389648438,16.389999389648438,35794500.0,52.4010009765625,54.32500076293945,51.689998626708984,53.13999938964844,53.12493896484375,773100000.0,356.3999938964844,360.6400146484375,355.3599853515625,357.42999267578125,356.0697937011719,13463900.0,158.82000732421875,161.13999938964844,158.4499969482422,159.22000122070312,159.22000122070312,1067000.0,145.9499969482422,149.86000061035156,145.0800018310547,149.25999450683594,149.25999450683594,67875700,183.9199981689453,185.14999389648438,182.72999572753906,185.13999938964844,184.03506469726562,42841800.0,17.049999237060547,17.559999465942383,17.049999237060547,17.3799991607666,17.3799991607666,21013000.0,658.8800048828125,667.2899780273438,658.260009765625,667.1799926757812,662.5740966796875,1886200.0
2024-01-10,16.5,17.030000686645508,16.399999618530273,16.790000915527344,16.790000915527344,41254400.0,53.61600112915039,54.599998474121094,53.48899841308594,54.349998474121094,54.334590911865234,533796000.0,360.1700134277344,372.94000244140625,359.0799865722656,370.4700012207031,369.0602111816406,22117200.0,158.57000732421875,160.02000427246094,158.30999755859375,159.2100067138672,159.2100067138672,884300.0,150.07000732421875,150.8800048828125,146.64999389648438,148.5399932861328,148.5399932861328,56951200,184.35000610351562,186.39999389648438,183.9199981689453,186.19000244140625,185.0788116455078,46792900.0,17.260000228881836,17.829999923706055,17.190000534057617,17.780000686645508,17.780000686645508,24717400.0,669.5599975585938,673.8300170898438,669.010009765625,672.760009765625,668.1155395507812,1801900.0
2024-01-11,16.809999465942383,16.93000030517578,16.170000076293945,16.68000030517578,16.68000030517578,39552400.0,54.999000549316406,55.34600067138672,53.560001373291016,54.821998596191406,54.806461334228516,596759000.0,372.1300048828125,372.7799987792969,362.92999267578125,369.6700134277344,368.26324462890625,17205400.0,159.24000549316406,161.8000030517578,158.5500030517578,161.5399932861328,161.5399932861328,1255500.0,148.52000427246094,150.3800048828125,143.69000244140625,148.02000427246094,148.02000427246094,62764600,186.5399932861328,187.0500030517578,183.6199951171875,185.58999633789062,184.48236083984375,49128400.0,17.739999771118164,17.780000686645508,17.15999984741211,17.530000686645508,17.530000686645508,23338900.0,671.0,674.510009765625,667.6400146484375,673.5800170898438,668.9298095703125,1670800.0
2024-01-12,16.68000030517578,17.059999465942383,16.6200008392334,16.760000228881836,16.760000228881836,33861400.0,54.619998931884766,54.970001220703125,54.33000183105469,54.709999084472656,54.694488525390625,352994000.0,370.1600036621094,377.05999755859375,369.5400085449219,374.489990234375,373.06494140625,19295700.0,161.8699951171875,162.42999267578125,160.72000122070312,161.67999267578125,161.67999267578125,945800.0,148.0399932861328,148.75,145.0,146.55999755859375,146.55999755859375,48250800,186.05999755859375,186.74000549316406,185.19000244140625,185.9199981689453,184.81040954589844,40444700.0,17.530000686645508,17.530000686645508,16.739999771118164,16.959999084472656,16.959999084472656,24791000.0,677.5,683.719970703125,676.1099853515625,683.239990234375,678.523193359375,2387600.0
2024-01-16,16.59000015258789,16.739999771118164,16.290000915527344,16.530000686645508,16.530000686645508,32659300.0,55.018001556396484,56.834999084472656,54.900001525878906,56.38199996948242,56.36602020263672,449580000.0,373.6499938964844,375.6099853515625,367.2300109863281,367.4599914550781,366.0616455078125,15306900.0,161.25,163.60000610351562,160.25,161.8800048828125,161.8800048828125,1264900.0,150.36000061035156,159.72000122070312,149.97999572753906,158.74000549316406,158.74000549316406,112711400,182.16000366210938,184.25999450683594,180.92999267578125,183.6300048828125,182.5341033935547,65603000.0,16.649999618530273,17.100000381469727,16.530000686645508,17.030000686645508,17.030000686645508,24477200.0,683.239990234375,686.52001953125,678.1599731445312,681.489990234375,676.7852783203125,1626700.0
2024-01-17,16.260000228881836,16.40999984741211,16.049999237060547,16.389999389648438,16.389999389648438,30832800.0,56.34700012207031,56.47100067138672,54.7400016784668,56.053001403808594,56.037113189697266,474394000.0,366.29998779296875,368.5400085449219,358.6099853515625,368.3699951171875,366.96820068359375,12724800.0,160.44000244140625,160.94000244140625,158.3699951171875,160.3800048828125,160.3800048828125,983600.0,158.4499969482422,160.63999938964844,154.39999389648438,160.1699981689453,160.1699981689453,104085000,181.27000427246094,182.92999267578125,180.3000030517578,182.67999267578125,181.58975219726562,47317400.0,16.56999969482422,16.979999542236328,16.56999969482422,16.860000610351562,16.860000610351562,15919000.0,680.5,684.8699951171875,679.1900024414062,684.1900024414062,679.4666748046875,1786800.0
2024-01-18,16.75,16.809999465942383,16.100000381469727,16.399999618530273,16.399999618530273,35239700.0,57.2599983215332,57.599998474121094,56.106998443603516,57.106998443603516,57.090816497802734,491650000.0,371.489990234375,376.8500061035156,370.95001220703125,376.1300048828125,374.6986999511719,16354300.0,161.32000732421875,162.22999572753906,158.97999572753906,159.86000061035156,159.86000061035156,1202800.0,166.1999969482422,168.60000610351562,158.22000122070312,162.6699981689453,162.6699981689453,131864900,186.08999633789062,189.13999938964844,185.8300018310547,188.6300048828125,187.5042266845703,78005800.0,17.1200008392334,17.649999618530273,16.84000015258789,17.280000686645508,17.280000686645508,31558400.0,682.8300170898438,687.719970703125,680.2100219726562,687.3099975585938,682.5650024414062,1900600.0
2024-01-19,16.56999969482422,16.780000686645508,16.149999618530273,16.780000686645508,16.780000686645508,40538700.0,57.98899841308594,59.5,57.224998474121094,59.49100112915039,59.47414016723633,543501000.0,379.0,384.3599853515625,377.9700012207031,383.45001220703125,381.9908142089844,21470100.0,160.88999938964844,163.14999389648438,159.77999877929688,163.10000610351562,163.10000610351562,1503900.0,165.8000030517578,174.25,162.1999969482422,174.22999572753906,174.22999572753906,139825500,189.3300018310547,191.9499969482422,188.82000732421875,191.55999755859375,190.416748046875,68741000.0,17.219999313354492,17.350000381469727,16.81999969482422,17.329999923706055,17.329999923706055,21498800.0,688.5,696.1300048828125,682.6699829101562,694.969970703125,690.1722412109375,2261000.0
2024-01-22,17.459999084472656,18.350000381469727,17.43000030517578,17.600000381469727,17.600000381469727,85573900.0,60.04899978637695,60.33100128173828,59.06999969482422,59.65399932861328,59.63709259033203,452955000.0,387.95001220703125,390.3500061035156,381.1600036621094,381.7799987792969,380.3271484375,17680500.0,164.97000122070312,165.5399932861328,163.58999633789062,164.42999267578125,164.42999267578125,875500.0,174.38999938964844,174.72000122070312,164.14999389648438,168.17999267578125,168.17999267578125,122973800,192.3000030517578,195.3300018310547,192.25999450683594,193.88999938964844,192.7328338623047,60133900.0,17.5,17.549999237060547,16.389999389648438,16.639999389648438,16.639999389648438,54155000.0,695.4299926757812,698.6599731445312,690.52001953125,692.510009765625,687.7291870117188,2452900.0
2024-01-23,17.639999389648438,17.729999542236328,17.200000762939453,17.329999923706055,17.329999923706055,37794300.0,59.56999969482422,59.90999984741211,58.584999084472656,59.87300109863281,59.85603332519531,294654000.0,384.6199951171875,388.3800048828125,382.0799865722656,385.20001220703125,383.73419189453125,15506100.0,165.14999389648438,165.77999877929688,164.13999938964844,165.14999389648438,165.14999389648438,827000.0,166.5,169.6300048828125,164.27000427246094,168.4199981689453,168.4199981689453,76830500,195.02000427246094,195.75,193.8300018310547,195.17999267578125,194.01515197753906,42355600.0,16.510000228881836,16.780000686645508,16.209999084472656,16.25,16.25,40097200.0,690.719970703125,691.6300048828125,684.6300048828125,687.5900268554688,682.8431396484375,2208600.0
2024-01-24,17.510000228881836,17.649999618530273,16.735000610351562,16.75,16.75,42710700.0,60.30400085449219,62.8489990234375,59.9379997253418,61.36199951171875,61.344608306884766,560271000.0,390.0,396.1499938964844,387.80999755859375,390.70001220703125,389.2132568359375,15698500.0,166.1199951171875,168.16000366210938,164.82000732421875,165.89999389648438,165.89999389648438,1050200.0,172.5500030517578,180.5800018310547,170.55999755859375,178.2899932861328,178.2899932861328,125516400,195.4199981689453,196.3800048828125,194.33999633789062,194.5,193.33921813964844,53631300.0,16.5,16.75,16.059999465942383,16.079999923706055,16.079999923706055,35602600.0,689.0,689.969970703125,683.1199951171875,686.510009765625,681.7706909179688,1946500.0
2024-01-25,16.920000076293945,17.0,16.309999465942383,16.459999084472656,16.459999084472656,44589000.0,62.349998474121094,62.71900177001953,60.849998474121094,61.617000579833984,61.59953308105469,482777000.0,390.1700134277344,395.489990234375,385.6600036621094,393.17999267578125,391.68377685546875,15091100.0,167.8699951171875,168.52000427246094,166.77000427246094,168.5,168.5,1524300.0,183.41000366210938,184.9199981689453,177.6300048828125,180.3300018310547,180.3300018310547,127171400,195.22000122070312,196.27000427246094,193.11000061035156,194.1699981689453,193.01116943359375,54822100.0,16.280000686645508,16.5,16.209999084472656,16.469999313354492,16.469999313354492,40046700.0,686.5,686.5,675.9600219726562,679.9000244140625,675.206298828125,2751900.0
2024-01-26,16.399999618530273,16.75,16.34000015258789,16.350000381469727,16.350000381469727,28612200.0,60.959999084472656,61.78300094604492,60.573001861572266,61.03099822998047,61.013702392578125,390309000.0,394.3500061035156,396.7900085449219,391.5899963378906,394.1400146484375,392.6401672363281,13163700.0,168.5,169.55999755859375,167.3000030517578,167.38999938964844,167.38999938964844,1123100.0,175.2899932861328,181.22999572753906,174.14999389648438,177.25,177.25,107381200,194.27000427246094,194.75999450683594,191.94000244140625,192.4199981689453,191.27162170410156,44594000.0,16.5,16.510000228881836,15.8100004196167,15.829999923706055,15.829999923706055,39896600.0,680.0800170898438,687.239990234375,679.5,686.8800048828125,682.1380615234375,1825500.0
2024-01-29,16.450000762939453,17.110000610351562,16.43000030517578,17.09000015258789,17.09000015258789,35987800.0,61.231998443603516,62.48899841308594,60.90700149536133,62.46500015258789,62.44729232788086,348733000.0,394.989990234375,402.92999267578125,393.1000061035156,401.0199890136719,399.49395751953125,18742400.0,167.94000244140625,168.22000122070312,165.97000122070312,168.02000427246094,168.02000427246094,1155400.0,178.77000427246094,178.88999938964844,174.39999389648438,177.8300018310547,177.8300018310547,89384500,192.00999450683594,192.1999969482422,189.5800018310547,191.72999572753906,190.5857391357422,47145600.0,15.699999809265137,16.549999237060547,15.6899995803833,16.549999237060547,16.549999237060547,37138300.0,689.9000244140625,694.1300048828125,686.260009765625,694.010009765625,689.2188720703125,2215400.0
2024-01-30,17.040000915527344,17.239999771118164,16.65999984741211,16.739999771118164,16.739999771118164,36388200.0,62.900001525878906,63.49300003051758,62.2599983215332,62.77399826049805,62.756202697753906,410735000.0,403.5899963378906,406.3599853515625,399.57000732421875,400.05999755859375,398.53759765625,18614700.0,166.47999572753906,168.24000549316406,165.67999267578125,166.94000244140625,166.94000244140625,1280800.0,176.1300048828125,178.47999572753906,169.52000427246094,172.05999755859375,172.05999755859375,122265700,190.94000244140625,191.8000030517578,187.47000122070312,188.0399932861328,186.9177703857422,55859400.0,16.809999465942383,17.200000762939453,16.389999389648438,16.469999313354492,16.469999313354492,42567900.0,692.9400024414062,702.6500244140625,690.7999877929688,700.739990234375,695.9024047851562,1610500.0
2024-01-31,16.40999984741211,16.760000228881836,16.06999969482422,16.09000015258789,16.09000015258789,43582500.0,61.439998626708984,62.26900100708008,60.70000076293945,61.527000427246094,61.509559631347656,453795000.0,389.0,398.0,387.1000061035156,390.1400146484375,388.6553649902344,20180800.0,165.33999633789062,166.85000610351562,164.3300018310547,164.92999267578125,164.92999267578125,1078800.0,165.74000549316406,171.3000030517578,162.55999755859375,167.69000244140625,167.69000244140625,133157300,187.0399932861328,187.10000610351562,184.35000610351562,184.39999389648438,183.2994842529297,55467800.0,16.399999618530273,17.18000030517578,16.350000381469727,16.579999923706055,16.579999923706055,37512800.0,701.3200073242188,705.52001953125,693.0399780273438,694.8800048828125,690.0828857421875,1928500.0
2024-02-01,16.209999084472656,16.48699951171875,16.030000686645508,16.329999923706055,16.329999923706055,40454400.0,62.099998474121094,63.191001892089844,61.650001525878906,63.027000427246094,63.00913619995117,369146000.0,393.94000244140625,400.5,393.04998779296875,394.7799987792969,393.2777099609375,29727100.0,164.57000732421875,166.3300018310547,162.44000244140625,166.3300018310547,166.3300018310547,1105500.0,169.27000427246094,171.13999938964844,165.86000061035156,170.47999572753906,170.47999572753906,91576700,183.99000549316406,186.9499969482422,183.82000732421875,186.86000061035156,185.74481201171875,64885400.0,17.09000015258789,17.239999771118164,16.219999313354492,16.799999237060547,16.799999237060547,41876600.0,694.0,705.2999877929688,691.5,704.47998046875,700.64501953125,2039200.0
2024-02-02,16.34000015258789,17.020000457763672,16.145000457763672,17.020000457763672,17.020000457763672,56983900.0,63.9739990234375,66.5999984741211,63.689998626708984,66.16000366210938,66.14125061035156,476578000.0,459.6000061035156,485.9599914550781,453.010009765625,474.989990234375,473.1824645996094,84615500.0,166.52999877929688,168.25,165.99000549316406,167.0,167.0,1120900.0,173.7899932861328,179.0,173.0500030517578,177.66000366210938,177.66000366210938,82078100,179.86000061035156,187.3300018310547,179.25,185.85000610351562,184.7408447265625,102518000.0,16.6299991607666,16.65999984741211,16.139999389648438,16.440000534057617,16.440000534057617,32327900.0,703.3400268554688,714.280029296875,702.260009765625,709.47998046875,705.6177978515625,2377400.0
2024-02-05,17.559999465942383,17.8700008392334,16.479999542236328,16.719999313354492,16.719999313354492,167698300.0,68.2249984741211,69.49700164794922,67.20500183105469,69.33200073242188,69.3123550415039,680078000.0,469.8800048828125,471.8999938964844,459.2200012207031,459.4100036621094,457.6617736816406,40832400.0,165.72000122070312,166.11000061035156,163.6999969482422,164.00999450683594,164.00999450683594,1530300.0,179.08999633789062,180.00999450683594,171.11000061035156,174.22999572753906,174.22999572753906,76349200,188.14999389648438,189.25,185.83999633789062,187.67999267578125,186.55992126464844,69668800.0,16.209999084472656,16.25,15.640000343322754,15.829999923706055,15.829999923706055,32575500.0,710.6400146484375,712.8599853515625,705.6799926757812,711.1599731445312,707.2886352539062,2276900.0
2024-02-06,20.299999237060547,22.18000030517578,19.760000228881836,21.8700008392334,21.8700008392334,420501900.0,69.62999725341797,69.75399780273438,66.30000305175781,68.2229995727539,68.20366668701172,683111000.0,464.0,467.1199951171875,453.0,454.7200012207031,452.9896240234375,21655200.0,164.35000610351562,166.72000122070312,164.0,166.6699981689453,166.6699981689453,925000.0,173.14999389648438,173.8800048828125,165.5,167.8800048828125,167.8800048828125,68854100,186.86000061035156,189.30999755859375,186.77000427246094,189.3000030517578,188.1702423095703,43490800.0,15.760000228881836,16.1299991607666,15.5600004196167,15.970000267028809,15.970000267028809,22660700.0,711.22998046875,712.719970703125,704.3400268554688,710.7899780273438,706.9205932617188,1920200.0
2024-02-07,21.600000381469727,23.8700008392334,21.3799991607666,23.600000381469727,23.600000381469727,254911100.0,68.31900024414062,70.22000122070312,67.5999984741211,70.0989990234375,70.0791244506836,495575000.0,458.0,471.5199890136719,456.17999267578125,469.5899963378906,467.8030090332031,23066000.0,168.35000610351562,169.67999267578125,167.50999450683594,169.57000732421875,169.57000732421875,1406000.0,169.47000122070312,172.97000122070312,168.1999969482422,170.94000244140625,170.94000244140625,53665400,190.63999938964844,191.0500030517578,188.61000061035156,189.41000366210938,188.27960205078125,53439000.0,16.0,16.030000686645508,15.609999656677246,15.720000267028809,15.720000267028809,27082300.0,714.1500244140625,723.3200073242188,712.0,719.780029296875,715.8617553710938,2145500.0
2024-02-08,23.959999084472656,25.059999465942383,23.31999969482422,24.510000228881836,24.510000228881836,212671100.0,70.0739974975586,70.79399871826172,69.45500183105469,69.64099884033203,69.62125396728516,414422000.0,468.32000732421875,470.5899963378906,465.0299987792969,470.0,468.21148681640625,18815100.0,170.61000061035156,171.58999633789062,168.32000732421875,169.60000610351562,169.60000610351562,3063100.0,170.3300018310547,172.1699981689453,168.60000610351562,169.35000610351562,169.35000610351562,43385300,189.38999938964844,189.5399932861328,187.35000610351562,188.32000732421875,187.19610595703125,40962000.0,15.640000343322754,15.789999961853027,15.420000076293945,15.6899995803833,15.6899995803833,25545000.0,723.8900146484375,728.1699829101562,720.6599731445312,724.1599731445312,720.2178344726562,1918500.0
2024-02-09,25.040000915527344,25.110000610351562,23.56999969482422,24.3799991607666,24.3799991607666,149062000.0,70.53299713134766,72.18499755859375,70.21199798583984,72.13300323486328,72.11256408691406,436637000.0,472.95001220703125,473.5899963378906,467.4700012207031,468.1099853515625,466.32861328125,18413100.0,154.88999938964844,158.11000061035156,152.22999572753906,154.91000366210938,154.91000366210938,6604100.0,171.0,175.10000610351562,168.66000366210938,172.47999572753906,172.47999572753906,56375700,188.64999389648438,189.99000549316406,188.0,188.85000610351562,187.9624786376953,45155200.0,15.680000305175781,15.739999771118164,14.960000038146973,15.3100004196167,15.3100004196167,45686600.0,725.1400146484375,725.530029296875,720.1199951171875,723.4000244140625,719.4620361328125,1426100.0
2024-02-12,23.90999984741211,25.524999618530273,23.81999969482422,25.049999237060547,25.049999237060547,108173000.0,72.5999984741211,74.61100006103516,71.25,72.24800109863281,72.22752380371094,613710000.0,468.19000244140625,479.1499938964844,466.5799865722656,468.8999938964844,467.11566162109375,19382000.0,154.8300018310547,160.0399932861328,154.0,155.27000427246094,155.27000427246094,3436500.0,172.67999267578125,177.41000366210938,170.6699981689453,171.91000366210938,171.91000366210938,58177100,188.4199981689453,188.6699981689453,186.7899932861328,187.14999389648438,186.27044677734375,41781900.0,15.329999923706055,15.640000343322754,15.279999732971191,15.489999771118164,15.489999771118164,28026400.0,723.52001953125,723.7999877929688,715.2999877929688,722.4099731445312,718.4774169921875,1572600.0
2024-02-13,23.530000686645508,24.65999984741211,23.309999465942383,24.010000228881836,24.010000228881836,102293300.0,70.4000015258789,73.44999694824219,69.62000274658203,72.12799835205078,72.10755920410156,602580000.0,456.8699951171875,467.8900146484375,455.0899963378906,460.1199951171875,458.3690490722656,20916600.0,154.47999572753906,155.57000732421875,151.66000366210938,153.49000549316406,153.49000549316406,2385100.0,167.94000244140625,173.1699981689453,164.3000030517578,171.5399932861328,171.5399932861328,63071300,185.77000427246094,186.2100067138672,183.50999450683594,185.0399932861328,184.1703643798828,56529500.0,15.029999732971191,15.239999771118164,14.899999618530273,15.119999885559082,15.119999885559082,26733700.0,721.3900146484375,721.780029296875,709.0399780273438,714.25,710.36181640625,1951100.0
2024-02-14,24.149999618530273,25.5,23.7549991607666,25.190000534057617,25.190000534057617,97227900.0,73.2020034790039,74.23600006103516,71.93800354003906,73.9000015258789,73.87906646728516,504917000.0,467.92999267578125,474.1099853515625,466.0899963378906,473.2799987792969,471.47900390625,16858400.0,154.8000030517578,155.97999572753906,153.67999267578125,155.72000122070312,155.72000122070312,1547000.0,173.47000122070312,178.74000549316406,172.8800048828125,178.6999969482422,178.6999969482422,57402500,185.32000732421875,185.52999877929688,182.44000244140625,184.14999389648438,183.2845458984375,54630500.0,15.260000228881836,15.359999656677246,14.84000015258789,15.270000457763672,15.270000457763672,25927100.0,716.0,722.5499877929688,711.0700073242188,722.1799926757812,718.2486572265625,1472500.0
2024-02-15,25.040000915527344,25.459999084472656,24.709999084472656,25.40999984741211,25.40999984741211,70544300.0,73.86900329589844,73.9749984741211,72.4000015258789,72.65799713134766,72.63739776611328,420122000.0,475.2799987792969,488.6199951171875,472.2200012207031,484.0299987792969,482.1881103515625,24212300.0,155.72000122070312,157.42999267578125,155.2100067138672,156.9600067138672,156.9600067138672,1283000.0,179.13999938964844,180.5,175.25999450683594,176.75999450683594,176.75999450683594,51126400,183.5500030517578,184.49000549316406,181.35000610351562,183.86000061035156,182.9959259033203,65434500.0,15.359999656677246,15.609999656677246,15.140000343322754,15.220000267028809,15.220000267028809,26700100.0,721.489990234375,726.030029296875,718.280029296875,724.510009765625,720.5659790039062,1264100.0
2024-02-16,24.959999084472656,25.4950008392334,24.389999389648438,24.440000534057617,24.440000534057617,65212100.0,74.0999984741211,74.4020004272461,72.5009994506836,72.61299896240234,72.59241485595703,495327000.0,478.1099853515625,478.9599914550781,469.2099914550781,473.32000732421875,471.51885986328125,23306500.0,156.6999969482422,157.24000549316406,153.2899932861328,153.3800048828125,153.3800048828125,1499400.0,177.4499969482422,180.3300018310547,173.25,173.8699951171875,173.8699951171875,53896000,183.4199981689453,184.85000610351562,181.6699981689453,182.30999755859375,181.4532012939453,49701400.0,15.020000457763672,15.119999885559082,14.770000457763672,14.800000190734863,14.800000190734863,24160300.0,721.989990234375,729.0599975585938,718.5,723.989990234375,720.0487670898438,1764600.0
2024-02-20,23.84000015258789,24.0,22.71500015258789,23.399999618530273,23.399999618530273,93374300.0,71.9469985961914,71.95600128173828,67.73400115966797,69.4520034790039,69.43231201171875,704833000.0,469.7200012207031,476.17999267578125,466.55999755859375,471.75,469.9548034667969,18015500.0,153.02999877929688,154.3699951171875,150.47999572753906,151.94000244140625,151.94000244140625,2076500.0,171.13999938964844,171.80999755859375,162.0,165.69000244140625,165.69000244140625,66550000,181.7899932861328,182.42999267578125,180.0,181.55999755859375,180.7067413330078,53665600.0,14.75,14.829999923706055,14.4399995803833,14.760000228881836,14.760000228881836,24917100.0,728.030029296875,734.9600219726562,723.7100219726562,725.6900024414062,721.7395629882812,2407300.0
2024-02-21,22.299999237060547,22.93000030517578,22.290000915527344,22.739999771118164,22.739999771118164,60411500.0,68.00599670410156,68.88800048828125,66.24800109863281,67.47200012207031,67.452880859375,690298000.0,466.5,469.0,461.7900085449219,468.0299987792969,466.74365234375,12977100.0,152.0,152.44000244140625,149.80999755859375,151.11000061035156,151.11000061035156,1493000.0,162.74000549316406,164.89999389648438,161.80999755859375,164.2899932861328,164.2899932861328,48774600,181.94000244140625,182.88999938964844,180.66000366210938,182.32000732421875,181.4631805419922,41529700.0,14.619999885559082,14.75,14.539999961853027,14.710000038146973,14.710000038146973,18644600.0,725.6900024414062,728.7899780273438,720.27001953125,723.02001953125,719.0841064453125,1565900.0
2024-02-22,23.770000457763672,23.950000762939453,23.049999237060547,23.59000015258789,23.59000015258789,64458200.0,75.0250015258789,78.57499694824219,74.22000122070312,78.53800201416016,78.5157470703125,865100000.0,480.239990234375,489.989990234375,476.05999755859375,486.1300048828125,484.7939147949219,21625800.0,153.08999633789062,153.8300018310547,151.75999450683594,152.44000244140625,152.44000244140625,1397200.0,173.1999969482422,183.8300018310547,172.0,181.86000061035156,181.86000061035156,100684700,183.47999572753906,184.9600067138672,182.4600067138672,184.3699951171875,183.5035400390625,52292200.0,15.550000190734863,15.609999656677246,15.100000381469727,15.210000038146973,15.210000038146973,39773500.0,725.8499755859375,736.0499877929688,725.8499755859375,734.4000244140625,730.4021606445312,1801600.0
2024-02-23,23.530000686645508,24.06999969482422,22.81999969482422,22.969999313354492,22.969999313354492,48840800.0,80.79000091552734,82.39399719238281,77.56999969482422,78.81700134277344,78.79466247558594,829388000.0,488.04998779296875,494.3599853515625,482.3500061035156,484.0299987792969,482.69970703125,18374300.0,152.1300048828125,153.05999755859375,150.85000610351562,151.00999450683594,151.00999450683594,1466900.0,181.86000061035156,183.8000030517578,174.5500030517578,176.52000427246094,176.52000427246094,69207400,185.00999450683594,185.0399932861328,182.22999572753906,182.52000427246094,181.6622314453125,45119700.0,15.039999961853027,15.460000038146973,14.949999809265137,15.229999542236328,15.229999542236328,26825200.0,740.1199951171875,742.510009765625,737.1199951171875,737.9299926757812,733.9129638671875,1265800.0
2024-02-26,23.030000686645508,23.8799991607666,22.940000534057617,23.559999465942383,23.559999465942383,46499500.0,79.69999694824219,80.64600372314453,78.50499725341797,79.09200286865234,79.06958770751953,503973000.0,483.4700012207031,486.1400146484375,480.6000061035156,481.739990234375,480.41595458984375,12101400.0,151.25,151.4600067138672,149.52999877929688,149.7100067138672,149.7100067138672,1340500.0,178.77999877929688,179.83999633789062,174.80999755859375,176.00999450683594,176.00999450683594,45435100,182.24000549316406,182.75999450683594,180.64999389648438,181.16000366210938,180.30860900878906,40867400.0,15.149999618530273,15.25,14.770000457763672,14.779999732971191,14.779999732971191,25467300.0,742.0,746.780029296875,739.0,745.3499755859375,741.29248046875,1707000.0
2024-02-27,23.760000228881836,24.6200008392334,23.719999313354492,24.530000686645508,24.530000686645508,64967400.0,79.38099670410156,79.4800033569336,77.16200256347656,78.70099639892578,78.6786880493164,391705000.0,479.9800109863281,487.2699890136719,479.9200134277344,487.04998779296875,485.71136474609375,10809600.0,150.0,150.11000061035156,147.00999450683594,147.94000244140625,147.94000244140625,2173100.0,175.9199981689453,178.4600067138672,172.49000549316406,178.0,178.0,43665200,181.10000610351562,183.9199981689453,179.55999755859375,182.6300048828125,181.77171325683594,54318900.0,16.010000228881836,16.209999084472656,15.489999771118164,15.90999984741211,15.90999984741211,56116000.0,746.0,746.6400146484375,741.3300170898438,744.7100219726562,740.6560668945312,1471300.0
2024-02-28,24.520000457763672,24.84000015258789,24.2450008392334,24.420000076293945,24.420000076293945,47314000.0,77.62000274658203,78.93299865722656,77.125,77.66300201416016,77.6409912109375,393110000.0,485.0,491.04998779296875,482.75,484.0199890136719,482.689697265625,12715500.0,148.47999572753906,148.5,145.88999938964844,147.47999572753906,147.47999572753906,1589000.0,176.25,176.83999633789062,173.58999633789062,176.5399932861328,176.5399932861328,35914400,182.50999450683594,183.1199951171875,180.1300048828125,181.4199981689453,180.56739807128906,48953900.0,15.720000267028809,16.1200008392334,15.430000305175781,15.470000267028809,15.470000267028809,28772600.0,743.2100219726562,751.8800048828125,743.2100219726562,747.9600219726562,743.8883056640625,1365000.0
2024-02-29,24.809999465942383,25.292999267578125,24.360000610351562,25.079999923706055,25.079999923706055,62753300.0,79.09400177001953,79.98999786376953,78.3499984741211,79.11199951171875,79.0895767211914,507289000.0,488.44000244140625,491.70001220703125,482.6099853515625,490.1300048828125,488.7829284667969,17732000.0,147.8300018310547,148.13999938964844,145.61000061035156,146.92999267578125,146.92999267578125,2297300.0,179.82000732421875,193.0,179.82000732421875,192.52999877929688,192.52999877929688,105538500,181.27000427246094,182.57000732421875,179.52999877929688,180.75,179.90054321289062,136682600.0,15.520000457763672,15.9399995803833,15.4399995803833,15.859999656677246,15.859999656677246,34166800.0,751.4199829101562,752.5599975585938,742.989990234375,743.8900146484375,739.8405151367188,3361200.0
2024-03-01,25.299999237060547,25.690000534057617,24.53499984741211,24.93000030517578,24.93000030517578,63090500.0,80.0,82.30000305175781,79.43499755859375,82.27899932861328,82.25567626953125,479135000.0,492.1099853515625,504.25,491.8500061035156,502.29998779296875,500.9194641113281,16273600.0,146.49000549316406,150.75999450683594,145.5,150.33999633789062,150.33999633789062,2341400.0,197.91000366210938,202.72000122070312,195.4199981689453,202.63999938964844,202.63999938964844,103583000,179.5500030517578,180.52999877929688,177.3800048828125,179.66000366210938,178.815673828125,73488000.0,15.899999618530273,16.110000610351562,15.649999618530273,16.0,16.0,22515800.0,740.4400024414062,751.3800048828125,739.25,749.4400024414062,745.3602905273438,1672800.0
2024-03-04,24.399999618530273,24.579999923706055,23.530000686645508,24.040000915527344,24.040000915527344,64320000.0,84.12999725341797,87.69499969482422,83.71900177001953,85.23699951171875,85.21283721923828,615616000.0,503.0,504.4200134277344,496.4200134277344,498.19000244140625,496.8207702636719,12324100.0,150.33999633789062,150.8300018310547,146.32000732421875,146.3300018310547,146.3300018310547,2803600.0,205.16000366210938,211.00999450683594,203.5,205.36000061035156,205.36000061035156,86835300,176.14999389648438,176.89999389648438,173.7899932861328,175.10000610351562,174.27708435058594,81510100.0,16.059999465942383,16.40999984741211,16.020000457763672,16.06999969482422,16.06999969482422,26876000.0,755.0800170898438,764.739990234375,753.6699829101562,759.1799926757812,755.0473022460938,2133400.0
2024-03-05,23.959999084472656,24.409000396728516,23.43000030517578,23.809999465942383,23.809999465942383,49542300.0,85.2699966430664,86.09700012207031,83.41699981689453,85.96399688720703,85.94366455078125,520639000.0,495.0,495.5799865722656,487.8900146484375,490.2200012207031,488.8726806640625,15325300.0,145.0,145.0,142.0,143.94000244140625,143.94000244140625,2910300.0,200.5,205.3300018310547,199.14999389648438,205.1300048828125,205.1300048828125,65407100,170.75999450683594,172.0399932861328,169.6199951171875,170.1199951171875,169.3205108642578,95132400.0,15.920000076293945,16.15999984741211,15.760000228881836,15.890000343322754,15.890000343322754,26446500.0,768.4199829101562,769.27001953125,756.9000244140625,759.9500122070312,755.8131103515625,2353400.0
2024-03-06,25.75,26.75,24.530000686645508,26.15999984741211,26.15999984741211,207386900.0,88.02200317382812,89.7239990234375,87.02999877929688,88.69999694824219,88.67901611328125,582520000.0,497.6300048828125,502.9700012207031,494.2900085449219,496.0899963378906,494.72650146484375,11757900.0,145.9499969482422,146.47999572753906,143.35000610351562,143.89999389648438,143.89999389648438,1210200.0,210.42999267578125,214.80999755859375,207.32000732421875,210.6300048828125,210.6300048828125,86687000,171.05999755859375,171.24000549316406,168.67999267578125,169.1199951171875,168.32518005371094,68587700.0,16.149999618530273,16.329999923706055,15.880000114440918,16.010000228881836,16.010000228881836,21260400.0,764.8400268554688,775.1599731445312,763.6599731445312,773.239990234375,769.0307006835938,2400600.0
2024-03-07,27.010000228881836,27.5,26.3799991607666,26.459999084472656,26.459999084472656,117519300.0,90.15799713134766,92.76699829101562,89.60199737548828,92.66899871826172,92.64707946777344,608119000.0,503.2799987792969,519.8499755859375,501.3800048828125,512.1900024414062,510.78228759765625,18586400.0,145.27000427246094,145.57000732421875,143.8000030517578,145.00999450683594,145.00999450683594,1415100.0,212.52000427246094,213.8300018310547,208.22000122070312,211.3800048828125,211.3800048828125,63869000,169.14999389648438,170.72999572753906,168.49000549316406,169.0,168.20574951171875,71765100.0,16.15999984741211,16.229999542236328,15.609999656677246,15.65999984741211,15.65999984741211,26335600.0,779.1099853515625,787.0800170898438,777.010009765625,785.5900268554688,781.3135375976562,4187900.0
2024-03-08,27.190000534057617,27.280000686645508,25.809999465942383,26.040000915527344,26.040000915527344,83969300.0,95.13800048828125,97.4000015258789,86.50599670410156,87.52799987792969,87.5073013305664,1142269000.0,514.1900024414062,523.5700073242188,499.3500061035156,505.95001220703125,504.5594787597656,18575200.0,144.7899932861328,145.72000122070312,142.63999938964844,143.72999572753906,143.72999572753906,1384900.0,213.41000366210938,227.3000030517578,205.60000610351562,207.38999938964844,207.38999938964844,120592600,169.0,173.6999969482422,168.94000244140625,170.72999572753906,169.92762756347656,76114600.0,15.960000038146973,16.780000686645508,15.680000305175781,16.3700008392334,16.3700008392334,43934800.0,756.0499877929688,756.219970703125,725.0999755859375,725.5599975585938,721.6102905273438,8568900.0
2024-03-11,25.889999389648438,26.829999923706055,25.290000915527344,25.350000381469727,25.350000381469727,60829300.0,86.42900085449219,88.7969970703125,84.16600036621094,85.77400207519531,85.75370788574219,678364000.0,497.010009765625,497.32000732421875,476.0,483.5899963378906,482.2608642578125,20428300.0,143.72999572753906,147.52999877929688,143.5500030517578,145.8699951171875,145.8699951171875,2151400.0,203.00999450683594,203.5500030517578,196.6999969482422,198.38999938964844,198.38999938964844,73098600,172.94000244140625,174.3800048828125,172.0500030517578,172.75,171.93814086914062,60139500.0,16.360000610351562,16.3799991607666,16.06999969482422,16.229999542236328,16.229999542236328,24125300.0,719.8099975585938,720.0,711.010009765625,714.0800170898438,710.1928100585938,3762500.0
2024-03-12,25.56999969482422,25.639999389648438,24.350000381469727,24.700000762939453,24.700000762939453,75202600.0,88.04900360107422,91.95999908447266,86.1500015258789,91.91300201416016,91.89126586914062,668075000.0,493.260009765625,502.30999755859375,484.7300109863281,499.75,498.3764953613281,15448200.0,145.1300048828125,145.97000122070312,143.74000549316406,144.52999877929688,144.52999877929688,1757900.0,200.52000427246094,202.85000610351562,194.27000427246094,202.75999450683594,202.75999450683594,68951700,173.14999389648438,174.02999877929688,171.00999450683594,173.22999572753906,172.41586303710938,59825400.0,16.239999771118164,16.25,15.90999984741211,16.239999771118164,16.239999771118164,22403600.0,717.0800170898438,740.0499877929688,716.9099731445312,736.8800048828125,732.8685913085938,3727400.0
2024-03-13,24.700000762939453,25.440000534057617,24.600000381469727,25.0,25.0,59713000.0,91.05500030517578,91.50399780273438,88.43499755859375,90.88800048828125,90.86650085449219,635713000.0,495.3900146484375,500.9800109863281,491.0299987792969,495.57000732421875,494.2079772949219,12090700.0,144.52999877929688,146.69000244140625,144.1199951171875,144.88999938964844,144.88999938964844,1371000.0,198.72999572753906,198.8300018310547,192.6999969482422,194.7899932861328,194.7899932861328,70526900,172.77000427246094,173.19000244140625,170.75999450683594,171.1300048828125,170.32574462890625,52488700.0,16.399999618530273,16.940000534057617,16.350000381469727,16.649999618530273,16.649999618530273,32798700.0,735.0,736.5,726.5800170898438,734.2000122070312,730.2032470703125,2270300.0
2024-03-14,24.829999923706055,24.969999313354492,24.139999389648438,24.43000030517578,24.43000030517578,49214800.0,89.5770034790039,90.64600372314453,86.5999984741211,87.94400024414062,87.9231948852539,602318000.0,500.260009765625,501.3500061035156,488.1600036621094,491.8299865722656,490.4782409667969,12620000.0,143.75999450683594,144.22000122070312,141.4499969482422,143.77000427246094,143.77000427246094,1526900.0,192.9199981689453,196.92999267578125,184.02999877929688,187.05999755859375,187.05999755859375,84490500,172.91000366210938,174.30999755859375,172.0500030517578,173.0,172.1869659423828,72913500.0,16.540000915527344,16.6200008392334,16.139999389648438,16.200000762939453,16.200000762939453,23985100.0,738.3300170898438,740.6799926757812,728.989990234375,731.9500122070312,727.9655151367188,1826100.0
2024-03-15,23.850000381469727,24.100000381469727,23.420000076293945,23.489999771118164,23.489999771118164,61270500.0,86.93000030517578,89.5459976196289,86.25700378417969,87.83699798583984,87.81622314453125,642086000.0,489.010009765625,491.8299865722656,481.29998779296875,484.1000061035156,482.7695007324219,29141700.0,143.2899932861328,144.6699981689453,142.02999877929688,143.91000366210938,143.91000366210938,3757600.0,184.8300018310547,193.8000030517578,184.47999572753906,191.05999755859375,191.05999755859375,95225700,171.1699981689453,172.6199951171875,170.2899932861328,172.6199951171875,171.80874633789062,121664700.0,16.190000534057617,16.3799991607666,16.079999923706055,16.260000228881836,16.260000228881836,24000000.0,732.52001953125,732.52001953125,723.219970703125,725.6300048828125,721.6798706054688,3389900.0
2024-03-18,23.770000457763672,24.18000030517578,23.31999969482422,24.0,24.0,44083000.0,90.38800048828125,92.40499877929688,87.08499908447266,88.45500183105469,88.43407440185547,668976000.0,491.9100036621094,497.4200134277344,486.80999755859375,496.9800109863281,495.6141357421875,11755300.0,143.9600067138672,145.2100067138672,143.42999267578125,144.6199951171875,144.6199951171875,2237100.0,193.2899932861328,193.5,188.0500030517578,190.64999389648438,190.64999389648438,59306900,175.57000732421875,177.7100067138672,173.52000427246094,173.72000122070312,172.90357971191406,75604200.0,16.360000610351562,16.649999618530273,16.1200008392334,16.190000534057617,16.190000534057617,25799400.0,726.0999755859375,733.3400268554688,726.02001953125,731.5399780273438,727.5577392578125,1595200.0
2024-03-19,23.5,23.829999923706055,22.920000076293945,23.799999237060547,23.799999237060547,43247200.0,86.69999694824219,90.54399871826172,85.01000213623047,89.39800262451172,89.37686157226562,672171000.0,488.1700134277344,496.6300048828125,481.2799987792969,496.239990234375,494.8761291503906,10903100.0,144.24000549316406,145.4499969482422,143.5,145.1999969482422,145.1999969482422,1118600.0,183.16000366210938,185.61000061035156,177.36000061035156,181.4199981689453,181.4199981689453,83509500,174.33999633789062,176.61000061035156,173.02999877929688,176.0800018310547,175.2524871826172,55215200.0,16.110000610351562,16.200000762939453,15.890000343322754,16.079999923706055,16.079999923706055,21516100.0,731.7899780273438,735.3499755859375,730.02001953125,732.1699829101562,728.1842041015625,1322700.0
2024-03-20,23.770000457763672,24.649999618530273,23.670000076293945,24.56999969482422,24.56999969482422,40273800.0,89.7969970703125,90.41000366210938,88.2229995727539,90.37200164794922,90.35062408447266,479063000.0,499.5,508.20001220703125,495.1700134277344,505.5199890136719,504.130615234375,11711100.0,145.4600067138672,149.41000366210938,145.1199951171875,148.42999267578125,148.42999267578125,2396500.0,182.02999877929688,182.67999267578125,174.0,179.72999572753906,179.72999572753906,81773100,175.72000122070312,178.6699981689453,175.08999633789062,178.6699981689453,177.83030700683594,53423100.0,16.079999923706055,16.850000381469727,16.040000915527344,16.850000381469727,16.850000381469727,29629800.0,731.0,742.0900268554688,729.1300048828125,740.719970703125,736.6876831054688,1398700.0
2024-03-21,25.299999237060547,25.329999923706055,24.440000534057617,24.489999771118164,24.489999771118164,37099600.0,92.30000305175781,92.64800262451172,90.40499877929688,91.43499755859375,91.41336822509766,480372000.0,514.7100219726562,515.0399780273438,506.010009765625,507.760009765625,506.3644714355469,9712500.0,149.92999267578125,153.22999572753906,149.4499969482422,152.1699981689453,152.1699981689453,2474700.0,185.97000122070312,187.69000244140625,177.66000366210938,178.67999267578125,178.67999267578125,75265600,177.0500030517578,177.49000549316406,170.83999633789062,171.3699951171875,170.5646209716797,106181300.0,17.06999969482422,17.280000686645508,16.8700008392334,17.020000457763672,17.020000457763672,31116800.0,743.5,752.3099975585938,741.0999755859375,742.5599975585938,738.5177001953125,2106900.0
2024-03-22,24.200000762939453,24.475000381469727,24.020000457763672,24.18000030517578,24.18000030517578,25354300.0,91.14099884033203,94.77799987792969,90.83399963378906,94.28900146484375,94.2667007446289,586719000.0,507.0,509.9700012207031,504.3399963378906,509.5799865722656,508.179443359375,8117000.0,152.6699981689453,153.24000549316406,151.72000122070312,152.4600067138672,152.4600067138672,1179800.0,177.2100067138672,180.75999450683594,175.0500030517578,179.64999389648438,179.64999389648438,57832100,171.75999450683594,173.0500030517578,170.05999755859375,172.27999877929688,171.47035217285156,71106600.0,17.06999969482422,17.18000030517578,16.959999084472656,17.079999923706055,17.079999923706055,18578500.0,744.4299926757812,744.7899780273438,734.3800048828125,734.7999877929688,730.7999267578125,1791200.0
2024-03-25,24.1200008392334,24.6200008392334,24.049999237060547,24.510000228881836,24.510000228881836,29255900.0,93.94100189208984,96.76599884033203,93.51000213623047,95.00199890136719,94.97952270507812,552136000.0,505.7900085449219,507.2200012207031,500.239990234375,503.0199890136719,501.6374816894531,8380600.0,150.0,150.4199981689453,141.8300018310547,146.13999938964844,146.13999938964844,3763000.0,172.89999389648438,182.8000030517578,172.0,178.6300048828125,178.6300048828125,71935300,170.57000732421875,171.94000244140625,169.4499969482422,170.85000610351562,170.0470733642578,54288300.0,17.34000015258789,17.670000076293945,17.09000015258789,17.110000610351562,17.110000610351562,41079600.0,731.0,734.1599731445312,726.739990234375,730.9600219726562,726.98095703125,1604700.0
2024-03-26,24.760000228881836,25.469999313354492,24.469999313354492,24.889999389648438,24.889999389648438,43610500.0,95.85099792480469,96.375,92.50199890136719,92.56099700927734,92.53910064697266,513648000.0,505.1300048828125,510.0,495.2099914550781,495.8900146484375,494.527099609375,11205400.0,147.2899932861328,148.6999969482422,145.0399932861328,146.6699981689453,146.6699981689453,1959900.0,179.5399932861328,182.60000610351562,176.3300018310547,177.8699951171875,177.8699951171875,65322400,170.0,171.4199981689453,169.5800018310547,169.7100067138672,168.9124298095703,57388400.0,17.450000762939453,17.6200008392334,16.790000915527344,17.030000686645508,17.030000686645508,65639200.0,731.0,734.7000122070312,730.219970703125,730.97998046875,727.000732421875,1353500.0
2024-03-27,25.0,25.479999542236328,24.260000228881836,24.510000228881836,24.510000228881836,38600100.0,93.11199951171875,93.23999786376953,89.12300109863281,90.25,90.22865295410156,586067000.0,499.29998779296875,499.8900146484375,488.07000732421875,493.8599853515625,492.5026550292969,9989700.0,148.0,148.0,146.1699981689453,146.9199981689453,146.9199981689453,1181600.0,179.9600067138672,181.22999572753906,175.39999389648438,179.58999633789062,179.58999633789062,55685600,170.41000366210938,173.60000610351562,170.11000061035156,173.30999755859375,172.49551391601562,60273300.0,16.610000610351562,17.68000030517578,16.170000076293945,17.190000534057617,17.190000534057617,112964400.0,734.0,735.8900146484375,727.75,732.0800170898438,728.0947875976562,1246700.0
2024-03-28,24.170000076293945,24.280000686645508,22.940000534057617,23.010000228881836,23.010000228881836,70008200.0,90.0,91.30000305175781,89.19300079345703,90.35600280761719,90.33462524414062,435212000.0,492.8399963378906,492.8900146484375,485.1499938964844,485.5799865722656,484.2453918457031,15212800.0,145.19000244140625,150.33999633789062,144.57000732421875,148.49000549316406,148.49000549316406,1656300.0,179.47000122070312,183.39999389648438,178.3000030517578,180.49000549316406,180.49000549316406,57628600,171.75,172.22999572753906,170.50999450683594,171.47999572753906,170.67410278320312,65672700.0,17.0,17.1299991607666,16.309999465942383,16.34000015258789,16.34000015258789,60284300.0,733.8499755859375,734.9000244140625,728.3200073242188,732.6300048828125,728.6417846679688,1713300.0
2024-04-01,22.979999542236328,23.209999084472656,22.399999618530273,22.860000610351562,22.860000610351562,41000000.0,90.29900360107422,92.2249984741211,89.2040023803711,90.36299896240234,90.34162139892578,452441000.0,487.20001220703125,497.42999267578125,481.7799987792969,491.3500061035156,489.9995422363281,9247000.0,148.69000244140625,150.47999572753906,147.50999450683594,150.0,150.0,1270900.0,180.10000610351562,187.24000549316406,179.89999389648438,183.33999633789062,183.33999633789062,74299900,171.19000244140625,171.25,169.47999572753906,170.02999877929688,169.2309112548828,46240500.0,16.479999542236328,16.670000076293945,16.059999465942383,16.260000228881836,16.260000228881836,33043900.0,731.760009765625,733.27001953125,720.2000122070312,721.239990234375,717.3137817382812,1600700.0
2024-04-02,22.0,22.790000915527344,21.719999313354492,22.719999313354492,22.719999313354492,39770600.0,88.447998046875,90.09400177001953,87.62000274658203,89.4520034790039,89.43083953857422,433064000.0,485.1000061035156,497.5299987792969,484.6499938964844,497.3699951171875,496.00299072265625,11081000.0,149.27000427246094,149.63999938964844,147.75999450683594,149.57000732421875,149.57000732421875,1251000.0,179.47000122070312,180.10000610351562,174.8300018310547,178.6999969482422,178.6999969482422,61598800,169.0800018310547,169.33999633789062,168.22999572753906,168.83999633789062,168.04649353027344,49329500.0,15.84000015258789,15.880000114440918,15.40999984741211,15.479999542236328,15.479999542236328,35824500.0,720.0,720.0,708.4000244140625,711.2999877929688,707.4278564453125,2326700.0
2024-04-03,22.440000534057617,23.010000228881836,22.3799991607666,22.700000762939453,22.700000762939453,30357400.0,88.48400115966797,90.3740005493164,88.4000015258789,88.96399688720703,88.94295501708984,370067000.0,498.92999267578125,507.239990234375,498.75,506.739990234375,505.3472595214844,12099200.0,149.38999938964844,152.0,148.63999938964844,151.72999572753906,151.72999572753906,1625800.0,177.5399932861328,182.0500030517578,176.6999969482422,180.77000427246094,180.77000427246094,49835100,168.7899932861328,170.67999267578125,168.5800018310547,169.64999389648438,168.85269165039062,47691700.0,15.350000381469727,15.600000381469727,15.25,15.34000015258789,15.34000015258789,26613300.0,709.97998046875,710.8099975585938,697.27001953125,705.6900024414062,701.8484497070312,3205500.0
2024-04-04,23.81999969482422,24.100000381469727,22.399999618530273,22.479999542236328,22.479999542236328,64995300.0,90.40599822998047,90.63400268554688,85.87999725341797,85.90499877929688,85.88467407226562,434965000.0,516.4199829101562,530.0,510.5799865722656,510.9200134277344,509.51580810546875,26476300.0,153.24000549316406,153.38999938964844,149.3300018310547,149.58999633789062,149.58999633789062,1503600.0,182.9199981689453,183.02000427246094,165.64999389648438,165.8300018310547,165.8300018310547,88280000,170.2899932861328,171.9199981689453,168.82000732421875,168.82000732421875,168.026611328125,53704400.0,15.59000015258789,15.800000190734863,14.979999542236328,15.0600004196167,15.0600004196167,35613200.0,708.77001953125,717.1300048828125,704.219970703125,704.8800048828125,701.0427856445312,2252400.0
2024-04-05,22.420000076293945,23.31999969482422,22.30699920654297,22.959999084472656,22.959999084472656,38565800.0,86.86599731445312,88.48100280761719,85.9260025024414,88.00800323486328,87.9871826171875,399678000.0,516.8599853515625,530.7000122070312,514.4099731445312,527.3400268554688,525.890625,19242000.0,149.82000732421875,151.82000732421875,149.82000732421875,151.0399932861328,151.0399932861328,1356200.0,168.10000610351562,172.69000244140625,165.5800018310547,170.4199981689453,170.4199981689453,66025200,169.58999633789062,170.38999938964844,168.9499969482422,169.5800018310547,168.78302001953125,42055200.0,15.010000228881836,15.15999984741211,14.84000015258789,15.119999885559082,15.119999885559082,29824400.0,706.0399780273438,716.8900146484375,706.02001953125,713.719970703125,709.8346557617188,1552300.0
2024-04-08,23.079999923706055,23.200000762939453,22.670000076293945,23.0,23.0,25022700.0,88.69999694824219,88.83000183105469,86.73200225830078,87.13300323486328,87.11238861083984,283220000.0,529.280029296875,531.489990234375,518.8900146484375,519.25,517.8228759765625,13260600.0,154.25,155.35000610351562,151.75,153.64999389648438,153.64999389648438,1434600.0,168.1999969482422,171.66000366210938,166.82000732421875,169.89999389648438,169.89999389648438,43997500,169.02999877929688,169.1999969482422,168.24000549316406,168.4499969482422,167.65834045410156,37425500.0,15.25,15.680000305175781,15.239999771118164,15.65999984741211,15.65999984741211,26731500.0,713.510009765625,716.1400146484375,710.8699951171875,711.8099975585938,707.9351196289062,1459000.0
2024-04-09,23.010000228881836,23.086999893188477,22.459999084472656,22.809999465942383,22.809999465942383,27724500.0,87.44200134277344,87.63500213623047,83.02200317382812,85.35399627685547,85.33380126953125,503547000.0,522.22998046875,525.8699951171875,506.739990234375,516.9000244140625,515.4793701171875,10881400.0,155.24000549316406,156.25,153.3699951171875,154.6999969482422,154.6999969482422,1018000.0,170.2100067138672,171.60000610351562,167.2899932861328,170.77999877929688,170.77999877929688,42928000,168.6999969482422,170.0800018310547,168.35000610351562,169.6699981689453,168.8726043701172,42451200.0,15.619999885559082,15.710000038146973,15.149999618530273,15.5,15.5,25768000.0,716.239990234375,719.0499877929688,706.97998046875,718.5900268554688,714.6782836914062,1388300.0
2024-04-10,22.219999313354492,22.709999084472656,22.010000228881836,22.420000076293945,22.420000076293945,28642900.0,83.9260025024414,87.4000015258789,83.70899963378906,87.03900146484375,87.0184097290039,431929000.0,509.2900085449219,522.5599975585938,505.79998779296875,519.8300170898438,518.4013061523438,11418500.0,152.02000427246094,153.10000610351562,151.1199951171875,152.1199951171875,152.1199951171875,1351100.0,166.7100067138672,169.77999877929688,164.0,167.13999938964844,167.13999938964844,59600000,168.8000030517578,169.08999633789062,167.11000061035156,167.77999877929688,166.99148559570312,49709300.0,15.149999618530273,15.34000015258789,14.789999961853027,14.949999809265137,14.949999809265137,33185600.0,711.0,723.97998046875,708.9500122070312,722.5800170898438,718.6465454101562,1832000.0
2024-04-11,22.649999618530273,22.90999984741211,22.25,22.84000015258789,22.84000015258789,26399400.0,87.41999816894531,90.73899841308594,86.9260025024414,90.61599731445312,90.59456634521484,431637000.0,521.1099853515625,523.8599853515625,517.2899780273438,523.1599731445312,521.7221069335938,10369500.0,152.67999267578125,153.0500030517578,150.3800048828125,151.33999633789062,151.33999633789062,1101200.0,167.5500030517578,170.9499969482422,166.5500030517578,170.5,170.5,48994500,168.33999633789062,175.4600067138672,168.16000366210938,175.0399932861328,174.2173614501953,91070300.0,14.880000114440918,15.029999732971191,14.59000015258789,14.970000267028809,14.970000267028809,26083900.0,731.5,733.7899780273438,724.1500244140625,732.3499755859375,728.3632202148438,2107800.0
2024-04-12,22.700000762939453,23.200000762939453,22.40999984741211,22.670000076293945,22.670000076293945,36348800.0,89.6989974975586,90.17500305175781,87.52999877929688,88.18599700927734,88.1651382446289,426805000.0,517.75,520.1900024414062,509.3299865722656,511.8999938964844,510.49310302734375,11944900.0,150.0,150.32000732421875,147.17999267578125,147.27000427246094,147.27000427246094,2077300.0,164.52999877929688,165.6999969482422,161.82000732421875,163.27999877929688,163.27999877929688,63334200,174.25999450683594,178.36000061035156,174.2100067138672,176.5500030517578,175.7202911376953,101593300.0,14.710000038146973,14.739999771118164,14.229999542236328,14.359999656677246,14.359999656677246,34010700.0,728.0,732.9000244140625,726.5399780273438,731.3099975585938,727.3289794921875,1480600.0
2024-04-15,22.790000915527344,23.1299991607666,21.829999923706055,21.899999618530273,21.899999618530273,38182100.0,89.0979995727539,90.61299896240234,85.92900085449219,86.0009994506836,85.98065185546875,443077000.0,516.719970703125,518.530029296875,497.2799987792969,500.2300109863281,498.85516357421875,13512900.0,147.6300048828125,147.75999450683594,144.47999572753906,145.3000030517578,145.3000030517578,1923300.0,164.42999267578125,164.44000244140625,158.75999450683594,160.32000732421875,160.32000732421875,61461200,175.36000061035156,176.6300048828125,172.5,172.69000244140625,171.87840270996094,73531800.0,14.65999984741211,14.760000228881836,13.920000076293945,14.0600004196167,14.0600004196167,30780000.0,735.4299926757812,741.0,717.9500122070312,718.280029296875,714.3699340820312,1808000.0
2024-04-16,21.59000015258789,21.989999771118164,21.270000457763672,21.8799991607666,21.8799991607666,33869200.0,86.43299865722656,88.11799621582031,86.06400299072266,87.41500091552734,87.39432525634766,370453000.0,498.1099853515625,504.7699890136719,497.1099853515625,499.760009765625,498.3864440917969,9847900.0,145.3000030517578,146.11000061035156,144.69000244140625,145.4499969482422,145.4499969482422,1875000.0,162.27999877929688,164.8800048828125,161.6699981689453,163.4600067138672,163.4600067138672,55302100,171.75,173.75999450683594,168.27000427246094,169.3800048828125,168.583984375,73711200.0,14.020000457763672,14.079999923706055,13.800000190734863,13.899999618530273,13.899999618530273,27095100.0,718.2999877929688,722.5,712.1300048828125,715.969970703125,712.0724487304688,1412300.0
2024-04-17,22.010000228881836,22.110000610351562,21.219999313354492,21.309999465942383,21.309999465942383,30139800.0,88.33999633789062,88.7750015258789,83.94999694824219,84.03500366210938,84.01512145996094,495400000.0,503.1000061035156,503.1600036621094,487.1400146484375,494.1700134277344,492.81182861328125,12193700.0,146.52000427246094,147.27000427246094,143.0399932861328,143.16000366210938,143.16000366210938,1531700.0,163.97000122070312,164.4499969482422,153.8800048828125,154.02000427246094,154.02000427246094,75909000,169.61000061035156,170.64999389648438,168.0,168.0,167.21046447753906,50901200.0,14.1899995803833,14.300000190734863,14.010000228881836,14.119999885559082,14.119999885559082,22639800.0,723.0,723.7999877929688,711.0,715.1900024414062,711.2967529296875,1376700.0
2024-04-18,21.25,21.43000030517578,20.700000762939453,21.1299991607666,21.1299991607666,34550500.0,84.97000122070312,86.19000244140625,82.4020004272461,84.6709976196289,84.65097045898438,447260000.0,499.82000732421875,512.2100219726562,499.0400085449219,501.79998779296875,500.4208068847656,14808700.0,143.74000549316406,143.85000610351562,140.3800048828125,140.63999938964844,140.63999938964844,1494000.0,155.50999450683594,156.9600067138672,152.32000732421875,155.0800018310547,155.0800018310547,52669800,168.02999877929688,168.63999938964844,166.5500030517578,167.0399932861328,166.2549591064453,43122900.0,14.210000038146973,14.5600004196167,14.15999984741211,14.180000305175781,14.180000305175781,23061100.0,715.1900024414062,718.9500122070312,709.5700073242188,711.25,707.3781127929688,1846400.0
2024-04-19,20.979999542236328,21.43000030517578,20.329999923706055,20.469999313354492,20.469999313354492,39290300.0,83.1500015258789,84.3239974975586,75.60600280761719,76.19999694824219,76.18197631835938,875198000.0,502.79998779296875,502.79998779296875,475.7300109863281,481.07000732421875,479.7478332519531,25111000.0,140.02000427246094,140.94000244140625,139.25,140.60000610351562,140.60000610351562,2543000.0,151.58999633789062,154.25,145.2899932861328,146.63999938964844,146.63999938964844,71232500,166.2100067138672,166.39999389648438,164.0800018310547,165.0,164.2245635986328,67772100.0,14.100000381469727,14.3100004196167,14.050000190734863,14.119999885559082,14.119999885559082,29476200.0,713.030029296875,714.8699951171875,702.0,709.510009765625,705.6476440429688,2188900.0
2024-04-22,20.719999313354492,21.079999923706055,20.360000610351562,20.969999313354492,20.969999313354492,31894500.0,78.10399627685547,80.072998046875,76.4000015258789,79.51799774169922,79.49919128417969,596341000.0,489.7200012207031,492.010009765625,473.3999938964844,481.7300109863281,480.4059753417969,17271100.0,140.60000610351562,141.1300048828125,138.92999267578125,139.9600067138672,139.9600067138672,1170500.0,148.14999389648438,149.88999938964844,145.6300048828125,148.63999938964844,148.63999938964844,49397000,165.52000427246094,167.25999450683594,164.77000427246094,165.83999633789062,165.06060791015625,48116400.0,14.350000381469727,14.40999984741211,14.069999694824219,14.279999732971191,14.279999732971191,24348300.0,714.8599853515625,718.260009765625,706.1699829101562,715.4600219726562,711.5653076171875,1437100.0
2024-04-23,21.25,22.059999465942383,21.229999542236328,21.639999389648438,21.639999389648438,36304600.0,80.76899719238281,82.76899719238281,80.26399993896484,82.4229965209961,82.40350341796875,438559000.0,491.25,498.760009765625,488.9700012207031,496.1000061035156,494.73651123046875,15079200.0,140.85000610351562,143.25,140.5500030517578,141.72000122070312,141.72000122070312,1259900.0,151.64999389648438,153.5,150.35000610351562,152.27000427246094,152.27000427246094,46051900,165.35000610351562,167.0500030517578,164.9199981689453,166.89999389648438,166.11561584472656,49537800.0,14.399999618530273,14.9399995803833,14.329999923706055,14.789999961853027,14.789999961853027,25455300.0,719.030029296875,724.27001953125,716.2999877929688,722.6799926757812,718.7459716796875,1176200.0
2024-04-24,22.049999237060547,22.25,21.299999237060547,21.59000015258789,21.59000015258789,34426500.0,83.94999694824219,84.08200073242188,79.18299865722656,79.677001953125,79.65814971923828,512208000.0,508.05999755859375,510.0,484.5799865722656,493.5,492.1436462402344,37772700.0,140.97000122070312,142.92999267578125,140.82000732421875,142.8300018310547,142.8300018310547,1024900.0,156.55999755859375,157.66000366210938,150.6300048828125,151.74000549316406,151.74000549316406,43412600,166.5399932861328,169.3000030517578,166.2100067138672,169.02000427246094,168.2256622314453,48251800.0,14.829999923706055,15.050000190734863,14.770000457763672,15.010000228881836,15.010000228881836,24536500.0,719.7100219726562,725.4299926757812,716.0900268554688,723.8900146484375,719.9494018554688,1206600.0
2024-04-25,20.81999969482422,21.739999771118164,20.65999984741211,21.709999084472656,21.709999084472656,26226700.0,78.86799621582031,83.322998046875,78.2229995727539,82.63200378417969,82.61246490478516,424641000.0,421.3999938964844,445.7699890136719,414.5,441.3800048828125,440.16693115234375,82890700.0,142.33999633789062,143.8800048828125,141.0399932861328,143.42999267578125,143.42999267578125,1108900.0,149.14999389648438,155.13999938964844,146.75,153.75999450683594,153.75999450683594,41471400,169.52999877929688,170.61000061035156,168.14999389648438,169.88999938964844,169.09156799316406,50558300.0,15.0600004196167,15.199999809265137,14.800000190734863,15.180000305175781,15.180000305175781,29288000.0,727.2899780273438,727.2899780273438,714.4099731445312,721.8599853515625,719.0827026367188,1613600.0
2024-04-26,22.049999237060547,22.670000076293945,21.90999984741211,22.520000457763672,22.520000457763672,33119800.0,83.81800079345703,88.33100128173828,83.38700103759766,87.73500061035156,87.71424865722656,551011000.0,441.4599914550781,446.44000244140625,431.9599914550781,443.2900085449219,442.0716857910156,32691400.0,143.3800048828125,145.69000244140625,143.3800048828125,144.47000122070312,144.47000122070312,853100.0,154.24000549316406,158.6300048828125,153.42999267578125,157.39999389648438,157.39999389648438,42510700,169.8800048828125,171.33999633789062,169.17999267578125,169.3000030517578,168.5043487548828,44838400.0,15.180000305175781,15.229999542236328,14.90999984741211,15.079999923706055,15.079999923706055,20459000.0,715.0,730.9500122070312,715.0,729.1799926757812,726.3745727539062,1524400.0
2024-04-29,22.75,23.09000015258789,22.545000076293945,22.829999923706055,22.829999923706055,30104900.0,87.59500122070312,87.99199676513672,85.26599884033203,87.75700378417969,87.73624420166016,388971000.0,439.55999755859375,439.760009765625,428.55999755859375,432.6199951171875,431.43096923828125,21502600.0,144.0800018310547,145.72000122070312,143.72999572753906,144.27000427246094,144.27000427246094,1319100.0,159.0800018310547,160.77000427246094,156.25999450683594,160.1999969482422,160.1999969482422,43478200,173.3699951171875,176.02999877929688,173.10000610351562,173.5,172.68460083007812,68169400.0,15.079999923706055,15.279999732971191,14.850000381469727,15.130000114440918,15.130000114440918,19562500.0,729.530029296875,732.25,720.219970703125,726.3300170898438,723.5355834960938,1526900.0
2024-04-30,22.770000457763672,22.8700008392334,21.950000762939453,21.969999313354492,21.969999313354492,30511900.0,87.23999786376953,88.81900024414062,86.30000305175781,86.4020004272461,86.38156127929688,363709000.0,431.04998779296875,439.6199951171875,429.7200012207031,430.1700134277344,428.9877014160156,18429500.0,143.2899932861328,144.27999877929688,142.49000549316406,142.80999755859375,142.80999755859375,2314100.0,160.6300048828125,162.2899932861328,158.35000610351562,158.3800048828125,158.3800048828125,60742800,173.3300018310547,174.99000549316406,170.0,170.3300018310547,169.52951049804688,65934800.0,14.949999809265137,15.140000343322754,14.770000457763672,14.819999694824219,14.819999694824219,22986100.0,725.510009765625,725.510009765625,717.0999755859375,722.9000244140625,720.1187744140625,1734800.0
2024-05-01,21.93000030517578,22.829999923706055,21.6299991607666,22.1200008392334,22.1200008392334,34665900.0,85.0770034790039,86.0,81.25499725341797,83.04100036621094,83.02135467529297,559863000.0,428.6000061035156,449.9599914550781,427.1099853515625,439.19000244140625,437.9829406738281,20344900.0,142.22000122070312,145.1199951171875,141.52999877929688,142.74000549316406,142.74000549316406,1164500.0,148.11000061035156,151.3699951171875,142.13999938964844,144.27000427246094,144.27000427246094,89413200,169.5800018310547,172.7100067138672,169.11000061035156,169.3000030517578,168.5043487548828,50383100.0,14.630000114440918,14.800000190734863,14.210000038146973,14.470000267028809,14.470000267028809,33933600.0,722.27001953125,729.8599853515625,715.3200073242188,722.219970703125,719.4413452148438,1609100.0
2024-05-02,22.600000381469727,22.71500015258789,22.100000381469727,22.549999237060547,22.549999237060547,30396100.0,84.4489974975586,86.23699951171875,83.19999694824219,85.81700134277344,85.79669952392578,377898000.0,438.8399963378906,443.9599914550781,432.2799987792969,441.67999267578125,440.466064453125,15221300.0,143.8699951171875,143.8699951171875,140.3699951171875,143.07000732421875,143.07000732421875,1232000.0,145.50999450683594,147.6199951171875,141.16000366210938,146.16000366210938,146.16000366210938,50034700,172.50999450683594,173.4199981689453,170.88999938964844,173.02999877929688,172.21682739257812,94214900.0,14.609999656677246,14.680000305175781,14.359999656677246,14.460000038146973,14.460000038146973,19596400.0,724.75,734.4000244140625,720.6300048828125,732.4400024414062,729.6220092773438,1826900.0
2024-05-03,23.479999542236328,23.639999389648438,22.90999984741211,23.329999923706055,23.329999923706055,55976400.0,87.78900146484375,89.28099822998047,87.04000091552734,88.78900146484375,88.76799774169922,398341000.0,445.92999267578125,454.1700134277344,443.8500061035156,451.9599914550781,450.7178039550781,16489100.0,144.4199981689453,146.27999877929688,143.9499969482422,145.8800048828125,145.8800048828125,1075100.0,148.75,150.7899932861328,147.24000549316406,150.60000610351562,150.60000610351562,49361100,186.64999389648438,187.0,182.66000366210938,183.3800048828125,182.51817321777344,163224100.0,14.760000228881836,14.869999885559082,14.369999885559082,14.4399995803833,14.4399995803833,23570400.0,734.280029296875,747.489990234375,733.3499755859375,743.9000244140625,741.0379638671875,2323300.0
2024-05-06,24.3700008392334,25.354999542236328,24.030000686645508,25.209999084472656,25.209999084472656,175936600.0,89.38999938964844,92.22000122070312,89.05500030517578,92.13999938964844,92.11820220947266,376203000.0,455.5799865722656,466.1600036621094,453.3399963378906,465.67999267578125,464.40008544921875,15094600.0,146.0,148.4499969482422,145.9199981689453,148.33999633789062,148.33999633789062,1081600.0,153.10000610351562,156.64999389648438,151.25999450683594,155.77999877929688,155.77999877929688,44624500,182.35000610351562,184.1999969482422,180.4199981689453,181.7100067138672,180.85604858398438,78569700.0,14.59000015258789,14.710000038146973,14.4399995803833,14.600000381469727,14.600000381469727,29357200.0,749.5900268554688,756.9400024414062,746.47998046875,756.4500122070312,753.5396118164062,1773300.0
2024-05-07,21.989999771118164,22.700000762939453,21.350000381469727,21.399999618530273,21.399999618530273,161061600.0,91.0979995727539,91.78099822998047,89.01100158691406,90.55400085449219,90.53257751464844,437342000.0,466.2900085449219,471.5299987792969,461.30999755859375,468.239990234375,466.95306396484375,13406800.0,148.0,148.72000122070312,147.50999450683594,148.3300018310547,148.3300018310547,1006300.0,156.32000732421875,157.6999969482422,153.66000366210938,154.42999267578125,154.42999267578125,37374900,183.4499969482422,184.89999389648438,181.32000732421875,182.39999389648438,181.5427703857422,77305800.0,14.529999732971191,14.59000015258789,14.119999885559082,14.119999885559082,14.119999885559082,25935000.0,758.6900024414062,772.239990234375,755.5700073242188,771.3099975585938,768.3424072265625,1897800.0
2024-05-08,21.579999923706055,21.729999542236328,21.059999465942383,21.559999465942383,21.559999465942383,67582900.0,89.48300170898438,91.19400024414062,89.41999816894531,90.41200256347656,90.39061737060547,325721000.0,463.5,475.5799865722656,463.0,472.6000061035156,471.3011169433594,11683900.0,147.75,148.0,145.38999938964844,145.97000122070312,145.97000122070312,1230700.0,153.39999389648438,155.3300018310547,152.52000427246094,153.6199951171875,153.6199951171875,28728000,182.85000610351562,183.07000732421875,181.4499969482422,182.74000549316406,181.88119506835938,45057100.0,14.020000457763672,14.329999923706055,13.979999542236328,14.300000190734863,14.300000190734863,23651400.0,770.0,773.3900146484375,762.7100219726562,763.4099731445312,760.4727783203125,1511900.0
2024-05-09,21.489999771118164,21.579999923706055,20.940000534057617,21.139999389648438,21.139999389648438,54101900.0,90.52899932861328,91.0719985961914,88.23100280761719,88.74700164794922,88.72601318359375,378013000.0,470.0,476.0799865722656,467.6300048828125,475.4200134277344,474.11334228515625,9437700.0,145.80999755859375,146.55999755859375,145.1300048828125,145.67999267578125,145.67999267578125,1196900.0,153.1300048828125,154.08999633789062,150.61000061035156,152.38999938964844,152.38999938964844,33018000,182.55999755859375,184.66000366210938,182.11000061035156,184.57000732421875,183.7025909423828,48983000.0,14.3100004196167,14.699999809265137,14.270000457763672,14.5600004196167,14.5600004196167,24245800.0,763.7999877929688,779.7100219726562,763.6099853515625,779.0399780273438,776.042724609375,1716200.0
2024-05-10,21.270000457763672,21.3700008392334,20.5,20.600000381469727,20.600000381469727,59845400.0,90.30500030517578,91.4010009765625,89.22699737548828,89.87799835205078,89.85673522949219,335325000.0,477.0899963378906,477.5,469.6000061035156,476.20001220703125,474.8912048339844,10750000.0,145.50999450683594,146.63999938964844,144.8800048828125,145.8800048828125,145.8800048828125,1284700.0,154.2899932861328,156.3699951171875,151.30999755859375,151.9199981689453,151.9199981689453,37652800,184.89999389648438,185.08999633789062,182.1300048828125,183.0500030517578,182.43685913085938,50759500.0,14.630000114440918,14.630000114440918,14.34000015258789,14.430000305175781,14.430000305175781,16374000.0,779.0399780273438,787.4500122070312,778.1599731445312,787.1900024414062,784.161376953125,1652700.0
2024-05-13,20.600000381469727,21.190000534057617,20.600000381469727,20.940000534057617,20.940000534057617,37524800.0,90.47799682617188,90.99800109863281,88.52899932861328,90.39900207519531,90.37762451171875,289680000.0,472.75,473.3500061035156,462.8500061035156,468.010009765625,466.7237548828125,14668800.0,146.5500030517578,146.91000366210938,143.69000244140625,143.9499969482422,143.9499969482422,1684600.0,151.27999877929688,153.3300018310547,150.39999389648438,150.55999755859375,150.55999755859375,27859200,185.44000244140625,187.10000610351562,184.6199951171875,186.27999877929688,185.65602111816406,72044800.0,14.460000038146973,14.6899995803833,14.449999809265137,14.5600004196167,14.5600004196167,24898100.0,788.0,789.47998046875,773.5800170898438,775.1500244140625,772.167724609375,1596800.0
2024-05-14,20.950000762939453,22.06999969482422,20.93000030517578,21.440000534057617,21.440000534057617,57894400.0,89.5989990234375,91.6510009765625,88.93399810791016,91.35600280761719,91.33439636230469,296507000.0,463.3699951171875,472.5400085449219,460.0799865722656,471.8500061035156,470.55316162109375,10478600.0,144.00999450683594,145.30999755859375,143.5500030517578,144.9600067138672,144.9600067138672,1608000.0,150.42999267578125,153.49000549316406,148.77999877929688,153.16000366210938,153.16000366210938,31938300,187.50999450683594,188.3000030517578,186.2899932861328,187.42999267578125,186.80215454101562,52393600.0,14.680000305175781,14.760000228881836,14.40999984741211,14.520000457763672,14.520000457763672,24220000.0,774.9299926757812,780.8099975585938,771.4299926757812,777.9000244140625,774.9071044921875,1327700.0
2024-05-15,21.729999542236328,21.809999465942383,21.184999465942383,21.670000076293945,21.670000076293945,39424000.0,92.47200012207031,94.86199951171875,91.5989990234375,94.62999725341797,94.60760498046875,417735000.0,474.9800109863281,482.5,471.20001220703125,481.5400085449219,480.2165222167969,13100500.0,145.77000427246094,148.25,145.4499969482422,148.0800018310547,148.0800018310547,1832500.0,155.58999633789062,159.69000244140625,154.6999969482422,159.6699981689453,159.6699981689453,43195900,187.91000366210938,190.64999389648438,187.3699951171875,189.72000122070312,189.0845184326172,70400000.0,14.609999656677246,15.020000457763672,14.579999923706055,14.859999656677246,14.859999656677246,35205300.0,778.52001953125,789.6599731445312,778.52001953125,787.0399780273438,784.011962890625,1661700.0
2024-05-16,21.739999771118164,21.8700008392334,21.53499984741211,21.649999618530273,21.649999618530273,27416700.0,94.91000366210938,95.81900024414062,94.10299682617188,94.35900115966797,94.33667755126953,323952000.0,475.0,477.69000244140625,472.75,473.2300109863281,471.92938232421875,16608200.0,148.97000122070312,148.97000122070312,145.5,146.0800018310547,146.0800018310547,3603400.0,160.9199981689453,168.05999755859375,159.89999389648438,162.6199951171875,162.6199951171875,76726700,190.47000122070312,191.10000610351562,189.66000366210938,189.83999633789062,189.2041015625,52845200.0,14.9399995803833,15.079999923706055,14.819999694824219,14.899999618530273,14.899999618530273,29313600.0,791.8099975585938,804.5599975585938,787.8300170898438,793.0700073242188,790.0187377929688,2000000.0
2024-05-17,21.780000686645508,22.16900062561035,21.559999465942383,21.760000228881836,21.760000228881836,30032300.0,94.36900329589844,94.73999786376953,91.80599975585938,92.47899627685547,92.45712280273438,359691000.0,470.8299865722656,472.79998779296875,468.4200134277344,471.9100036621094,470.6130065917969,10807300.0,151.63999938964844,154.41000366210938,146.1999969482422,147.83999633789062,147.83999633789062,5612200.0,168.42999267578125,169.72000122070312,162.32000732421875,164.47000122070312,164.47000122070312,65944400,189.50999450683594,190.80999755859375,189.17999267578125,189.8699951171875,189.23399353027344,41282900.0,14.989999771118164,15.119999885559082,14.930000305175781,15.0,15.0,22775900.0,793.6099853515625,797.5999755859375,790.6099853515625,795.8099975585938,792.7481689453125,1309100.0
2024-05-20,21.770000457763672,21.770000457763672,21.219999313354492,21.6200008392334,21.6200008392334,35255300.0,93.75,95.19999694824219,93.44000244140625,94.77999877929688,94.75757598876953,318764000.0,469.95001220703125,473.20001220703125,467.0400085449219,468.8399963378906,467.55145263671875,11745100.0,147.10000610351562,151.00999450683594,146.6699981689453,150.89999389648438,150.89999389648438,2187100.0,165.5500030517578,168.49000549316406,164.47000122070312,166.3300018310547,166.3300018310547,45618000,189.3300018310547,191.9199981689453,189.00999450683594,191.0399932861328,190.40008544921875,44361300.0,15.390000343322754,16.239999771118164,15.3100004196167,16.09000015258789,16.09000015258789,53286300.0,795.25,802.97998046875,792.3900146484375,793.0,789.9490356445312,1347100.0
2024-05-21,21.34000015258789,21.450000762939453,21.1200008392334,21.239999771118164,21.239999771118164,27954000.0,93.5989990234375,95.4000015258789,93.18000030517578,95.38600158691406,95.36344146728516,328946000.0,467.1199951171875,470.70001220703125,462.2699890136719,464.6300048828125,463.3529968261719,11742200.0,150.0,152.74000549316406,150.0,151.4199981689453,151.4199981689453,1862900.0,164.0,165.8300018310547,163.10000610351562,164.66000366210938,164.66000366210938,30005500,191.08999633789062,192.72999572753906,190.9199981689453,192.35000610351562,191.70570373535156,42309400.0,15.960000038146973,16.200000762939453,15.850000381469727,16.200000762939453,16.200000762939453,29685600.0,795.5700073242188,801.4400024414062,792.0,800.9299926757812,797.8485107421875,1375700.0
2024-05-22,21.229999542236328,21.420000076293945,21.079999923706055,21.170000076293945,21.170000076293945,25212500.0,95.45899963378906,96.0199966430664,93.2490005493164,94.94999694824219,94.92754364013672,548648000.0,467.8699951171875,473.7200012207031,465.6499938964844,467.7799987792969,466.4943542480469,10078600.0,151.3800048828125,153.07000732421875,149.67999267578125,150.61000061035156,150.61000061035156,1510400.0,167.41000366210938,169.80999755859375,163.86000061035156,165.52000427246094,165.52000427246094,47426700,192.27000427246094,192.82000732421875,190.27000427246094,190.89999389648438,190.2605438232422,34648500.0,16.139999389648438,16.190000534057617,15.59000015258789,15.649999618530273,15.649999618530273,29002500.0,800.0399780273438,806.3499755859375,798.010009765625,801.8599853515625,798.7749633789062,1192800.0
2024-05-23,21.389999389648438,21.520000457763672,20.6299991607666,20.719999313354492,20.719999313354492,36887600.0,102.02799987792969,106.31999969482422,101.5199966430664,103.79900360107422,103.77445220947266,835065000.0,472.8800048828125,474.3599853515625,461.5400085449219,465.7799987792969,464.4998474121094,11747900.0,153.52000427246094,154.5399932861328,151.3300018310547,152.3300018310547,152.3300018310547,2269500.0,170.17999267578125,173.13999938964844,158.27000427246094,160.42999267578125,160.42999267578125,91888800,190.97999572753906,191.0,186.6300048828125,186.8800048828125,186.2540283203125,51005900.0,15.649999618530273,15.739999771118164,14.770000457763672,14.779999732971191,14.779999732971191,33957700.0,804.2999877929688,808.0499877929688,795.4299926757812,796.3400268554688,793.2761840820312,1519200.0
2024-05-24,20.719999313354492,21.149999618530273,20.649999618530273,21.010000228881836,21.010000228881836,22073800.0,104.4489974975586,106.4749984741211,103.0,106.46900177001953,106.44381713867188,429494000.0,467.6199951171875,479.8500061035156,466.29998779296875,478.2200012207031,476.9056396484375,12012300.0,152.44000244140625,155.1699981689453,151.77999877929688,154.60000610351562,154.60000610351562,1623900.0,161.41000366210938,167.66000366210938,160.25,166.36000061035156,166.36000061035156,54795400,188.82000732421875,190.5800018310547,188.0399932861328,189.97999572753906,189.3436279296875,36294600.0,14.8100004196167,15.140000343322754,14.800000190734863,15.130000114440918,15.130000114440918,21905800.0,800.6300048828125,816.8699951171875,799.0900268554688,809.72998046875,806.6146850585938,1621900.0
2024-05-28,21.059999465942383,21.219999313354492,20.729999542236328,21.049999237060547,21.049999237060547,26274200.0,110.24400329589844,114.93900299072266,109.88300323486328,113.9010009765625,113.87405395507812,652728000.0,476.5799865722656,480.8599853515625,474.8399963378906,479.9200134277344,478.6009826660156,10175800.0,154.97000122070312,157.3699951171875,153.9600067138672,156.7899932861328,156.7899932861328,2223700.0,169.4199981689453,174.5500030517578,164.9600067138672,171.61000061035156,171.61000061035156,66495400,191.50999450683594,193.0,189.10000610351562,189.99000549316406,189.3535919189453,52280100.0,15.199999809265137,15.699999809265137,15.180000305175781,15.649999618530273,15.649999618530273,27374300.0,809.739990234375,815.2899780273438,804.719970703125,813.1699829101562,810.0413818359375,1986300.0
2024-05-29,20.770000457763672,20.989999771118164,20.639999389648438,20.940000534057617,20.940000534057617,24834200.0,113.05000305175781,115.49199676513672,110.9010009765625,114.82499694824219,114.79783630371094,557442000.0,474.6600036621094,479.8500061035156,473.70001220703125,474.3599853515625,473.05621337890625,9226200.0,155.72000122070312,160.39999389648438,155.60000610351562,159.67999267578125,159.67999267578125,2034300.0,167.4600067138672,168.47999572753906,162.91000366210938,165.13999938964844,165.13999938964844,56537500,189.61000061035156,192.25,189.50999450683594,190.2899932861328,189.65260314941406,53068000.0,15.210000038146973,15.300000190734863,14.739999771118164,15.220000267028809,15.220000267028809,37684800.0,807.02001953125,813.4400024414062,806.2899780273438,806.52001953125,803.4170532226562,2282800.0
2024-05-30,21.280000686645508,21.959999084472656,21.020000457763672,21.729999542236328,21.729999542236328,47583100.0,114.6500015258789,115.81900024414062,109.66300201416016,110.5,110.47386169433594,487350000.0,471.6700134277344,471.7300109863281,464.7099914550781,467.04998779296875,465.766357421875,10735200.0,159.67999267578125,160.72999572753906,157.8699951171875,159.77999877929688,159.77999877929688,1223200.0,167.89999389648438,168.75,163.8000030517578,166.75,166.75,46479900,190.75999450683594,192.17999267578125,190.6300048828125,191.2899932861328,190.6492462158203,49947900.0,15.229999542236328,15.449999809265137,15.079999923706055,15.199999809265137,15.199999809265137,27452700.0,810.2000122070312,819.5,808.2999877929688,815.3400268554688,812.2030639648438,2288500.0
2024-05-31,21.790000915527344,22.200000762939453,21.309999465942383,21.68000030517578,21.68000030517578,44416100.0,112.5199966430664,112.71700286865234,106.94000244140625,109.63300323486328,109.60707092285156,613263000.0,465.79998779296875,469.1199951171875,454.4599914550781,466.8299865722656,465.54693603515625,16919800.0,160.16000366210938,160.83999633789062,158.4499969482422,160.36000061035156,160.36000061035156,2263900.0,166.64999389648438,169.5,160.07000732421875,166.89999389648438,166.89999389648438,64331900,191.44000244140625,192.57000732421875,189.91000366210938,192.25,191.6060333251953,75158300.0,15.300000190734863,15.430000305175781,14.960000038146973,15.079999923706055,15.079999923706055,27997800.0,809.030029296875,811.739990234375,788.2000122070312,809.8900146484375,806.7740478515625,4360700.0
2024-06-03,21.700000762939453,21.790000915527344,21.0049991607666,21.31999969482422,21.31999969482422,33876100.0,113.62100219726562,115.0,112.00299835205078,115.0,114.97279357910156,438392000.0,470.8599853515625,479.6000061035156,468.239990234375,477.489990234375,476.1776428222656,11279400.0,160.25,163.72999572753906,160.00999450683594,163.63999938964844,163.63999938964844,1776200.0,170.82000732421875,171.0800018310547,160.91000366210938,163.5500030517578,163.5500030517578,59157600,192.89999389648438,194.99000549316406,192.52000427246094,194.02999877929688,193.38006591796875,50080500.0,15.210000038146973,16.040000915527344,15.199999809265137,16.010000228881836,16.010000228881836,43854800.0,811.0,827.9099731445312,807.1300048828125,815.3900146484375,812.2528686523438,2008700.0
2024-06-04,21.049999237060547,22.260000228881836,21.040000915527344,22.100000381469727,22.100000381469727,41974000.0,115.71600341796875,116.5999984741211,114.04499816894531,116.43699645996094,116.40946197509766,403324000.0,477.0,478.8900146484375,473.2300109863281,476.989990234375,475.67901611328125,7088700.0,163.05999755859375,166.2899932861328,161.3800048828125,165.9600067138672,165.9600067138672,1729900.0,162.83999633789062,164.8300018310547,158.8699951171875,159.99000549316406,159.99000549316406,48157200,194.63999938964844,195.32000732421875,193.02999877929688,194.35000610351562,193.69898986816406,47471400.0,16.170000076293945,16.959999084472656,16.139999389648438,16.940000534057617,16.940000534057617,51622200.0,814.97998046875,828.010009765625,813.0399780273438,827.3900146484375,824.2067260742188,1754500.0
2024-06-05,22.479999542236328,22.979999542236328,22.219999313354492,22.959999084472656,22.959999084472656,39825400.0,118.37100219726562,122.4489974975586,117.46800231933594,122.44000244140625,122.4110336303711,528402000.0,484.45001220703125,496.6499938964844,483.9100036621094,495.05999755859375,493.6993713378906,15690500.0,166.63999938964844,167.75,165.07000732421875,167.42999267578125,167.42999267578125,1554500.0,162.07000732421875,167.1199951171875,161.3800048828125,166.1699981689453,166.1699981689453,60507500,195.39999389648438,196.89999389648438,194.8699951171875,195.8699951171875,195.21389770507812,54156800.0,17.0,17.059999465942383,16.559999465942383,16.950000762939453,16.950000762939453,29171100.0,830.9099731445312,834.3900146484375,821.6799926757812,834.2999877929688,831.090087890625,2080000.0
2024-06-06,22.979999542236328,23.950000762939453,22.979999542236328,23.790000915527344,23.790000915527344,60400400.0,124.0479965209961,125.58699798583984,118.31999969482422,120.99800109863281,120.96937561035156,664696000.0,492.9800109863281,502.82000732421875,490.8900146484375,493.760009765625,492.4029541015625,10667300.0,167.1199951171875,168.67999267578125,165.4499969482422,165.6699981689453,165.6699981689453,1521300.0,165.4600067138672,169.50999450683594,163.86000061035156,166.77999877929688,166.77999877929688,47153700,195.69000244140625,196.5,194.1699981689453,194.47999572753906,193.82855224609375,41181800.0,16.889999389648438,17.06999969482422,16.56999969482422,16.6200008392334,16.6200008392334,23698600.0,835.4199829101562,849.0900268554688,834.3200073242188,842.6400146484375,839.3980712890625,1735000.0
2024-06-07,23.239999771118164,23.56999969482422,23.059999465942383,23.309999465942383,23.309999465942383,37149900.0,119.7699966430664,121.69200134277344,118.02200317382812,120.88800048828125,120.85940551757812,412386000.0,495.9100036621094,498.9100036621094,490.1700134277344,492.9599914550781,491.6051330566406,9380700.0,165.64999389648438,166.42999267578125,164.64999389648438,164.77000427246094,164.77000427246094,1504400.0,166.58999633789062,169.4499969482422,165.86000061035156,167.8699951171875,167.8699951171875,44796000,194.64999389648438,196.94000244140625,194.13999938964844,196.88999938964844,196.23048400878906,53103900.0,16.440000534057617,16.75,16.40999984741211,16.700000762939453,16.700000762939453,17319800.0,846.6799926757812,850.3800048828125,842.2899780273438,845.5800170898438,842.32666015625,1593600.0
2024-06-10,22.75,23.15999984741211,22.65999984741211,23.1299991607666,23.1299991607666,31509300.0,120.37000274658203,123.0999984741211,117.01000213623047,121.79000091552734,121.76119232177734,314162700.0,493.8599853515625,502.6600036621094,493.4100036621094,502.6000061035156,501.2186279296875,11236900.0,164.1199951171875,165.4199981689453,159.83999633789062,160.5399932861328,160.5399932861328,2126700.0,162.47999572753906,165.5500030517578,159.61000061035156,160.33999633789062,160.33999633789062,67575600,196.89999389648438,197.3000030517578,192.14999389648438,193.1199951171875,192.4730987548828,97262100.0,16.59000015258789,16.84000015258789,16.360000610351562,16.530000686645508,16.530000686645508,16667300.0,847.1799926757812,849.47998046875,842.739990234375,848.3400268554688,845.0761108398438,1402300.0
2024-06-11,23.059999465942383,23.950000762939453,22.889999389648438,23.850000381469727,23.850000381469727,30601900.0,121.7699966430664,122.87000274658203,118.73999786376953,120.91000366210938,120.89132690429688,222551200.0,500.1600036621094,507.6000061035156,498.2699890136719,507.4700012207031,506.07525634765625,9673700.0,160.0,160.97000122070312,157.75999450683594,158.50999450683594,158.50999450683594,1831600.0,160.5,161.5399932861328,156.9199981689453,158.9600067138672,158.9600067138672,40497100,193.64999389648438,207.16000366210938,193.6300048828125,207.14999389648438,206.45611572265625,172373300.0,16.489999771118164,16.5,16.229999542236328,16.34000015258789,16.34000015258789,13762600.0,849.239990234375,850.9400024414062,840.260009765625,849.3099975585938,846.0424194335938,1690500.0
2024-06-12,24.200000762939453,24.329999923706055,23.56999969482422,23.770000457763672,23.770000457763672,38542700.0,123.05999755859375,126.87999725341797,122.56999969482422,125.19999694824219,125.18065643310547,299595000.0,513.989990234375,514.010009765625,504.4700012207031,508.8399963378906,507.44146728515625,11983200.0,157.0,160.25999450683594,156.7100067138672,159.6699981689453,159.6699981689453,3424800.0,160.32000732421875,162.24000549316406,158.6199951171875,160.24000549316406,160.24000549316406,48325800,207.3699951171875,220.1999969482422,206.89999389648438,213.07000732421875,212.35630798339844,198134300.0,16.75,17.030000686645508,16.700000762939453,16.739999771118164,16.739999771118164,25555900.0,852.3099975585938,855.739990234375,843.6099853515625,847.8099975585938,844.5481567382812,1838300.0
2024-06-13,23.850000381469727,24.139999389648438,23.149999618530273,23.270000457763672,23.270000457763672,26035100.0,129.38999938964844,129.8000030517578,127.16000366210938,129.61000061035156,129.58998107910156,260704500.0,505.7099914550781,509.3599853515625,501.3599853515625,504.1000061035156,502.71453857421875,9954600.0,158.63999938964844,160.39999389648438,157.55999755859375,157.72000122070312,157.72000122070312,1273400.0,160.39999389648438,162.66000366210938,157.30999755859375,159.89999389648438,159.89999389648438,44442500,214.74000549316406,216.75,211.60000610351562,214.24000549316406,213.52236938476562,97862700.0,16.68000030517578,16.700000762939453,16.270000457763672,16.510000228881836,16.510000228881836,21689200.0,847.8099975585938,847.8099975585938,837.5499877929688,845.9600219726562,842.7052612304688,1322400.0
2024-06-14,23.149999618530273,23.719999313354492,22.84000015258789,23.56999969482422,23.56999969482422,26618300.0,129.9600067138672,132.83999633789062,128.32000732421875,131.8800048828125,131.85964965820312,309320400.0,502.6499938964844,507.1499938964844,500.75,504.1600036621094,503.2735595703125,10243300.0,157.00999450683594,159.25,155.94000244140625,158.9600067138672,158.9600067138672,1174800.0,158.5,161.33999633789062,157.61000061035156,159.6300048828125,159.6300048828125,34054000,213.85000610351562,215.1699981689453,211.3000030517578,212.49000549316406,211.77822875976562,70122700.0,16.170000076293945,16.229999542236328,15.039999961853027,15.34000015258789,15.34000015258789,56577700.0,843.4199829101562,856.1799926757812,841.9099731445312,855.6699829101562,852.3779296875,1395500.0
2024-06-17,23.469999313354492,25.059999465942383,23.450000762939453,25.020000457763672,25.020000457763672,54101500.0,132.99000549316406,133.72999572753906,129.5800018310547,130.97999572753906,130.95977783203125,288504400.0,501.6700134277344,510.75,496.010009765625,506.6300048828125,505.73919677734375,11266600.0,158.16000366210938,158.9600067138672,157.1699981689453,157.39999389648438,157.39999389648438,1027900.0,158.0,159.22999572753906,154.13999938964844,158.39999389648438,158.39999389648438,44507700,213.3699951171875,218.9499969482422,212.72000122070312,216.6699981689453,215.94422912597656,93728300.0,15.260000228881836,15.779999732971191,14.979999542236328,15.6899995803833,15.6899995803833,25057400.0,854.489990234375,870.5599975585938,853.3699951171875,867.9099731445312,864.57080078125,1904900.0
2024-06-18,25.149999618530273,26.024999618530273,24.829999923706055,25.81999969482422,25.81999969482422,54458600.0,131.13999938964844,136.3300018310547,130.69000244140625,135.5800018310547,135.55906677246094,294335100.0,504.55999755859375,506.0,495.0199890136719,499.489990234375,498.6117248535156,13060400.0,157.38999938964844,158.4199981689453,155.22000122070312,155.3699951171875,155.3699951171875,1184600.0,156.99000549316406,157.24000549316406,153.33999633789062,154.6300048828125,154.6300048828125,51852000,217.58999633789062,218.6300048828125,213.0,214.2899932861328,213.5721893310547,79943300.0,16.100000381469727,16.270000457763672,15.8100004196167,15.949999809265137,15.949999809265137,28003700.0,868.0,873.9600219726562,867.7000122070312,870.75,867.39990234375,1763800.0
2024-06-20,26.440000534057617,26.56999969482422,25.155000686645508,25.559999465942383,25.559999465942383,66735000.0,139.8000030517578,140.75999450683594,129.52000427246094,130.77999877929688,130.75979614257812,517768400.0,502.0,503.6700134277344,496.7699890136719,501.70001220703125,500.81787109375,11801200.0,155.00999450683594,155.55999755859375,153.99000549316406,154.97999572753906,154.97999572753906,1387500.0,155.82000732421875,166.82000732421875,155.5,161.77999877929688,161.77999877929688,93245700,213.92999267578125,214.24000549316406,208.85000610351562,209.67999267578125,208.97763061523438,86172500.0,15.75,16.149999618530273,15.699999809265137,16.059999465942383,16.059999465942383,21089900.0,871.3099975585938,873.8499755859375,860.5599975585938,862.4400024414062,859.121826171875,1944600.0
2024-06-21,24.709999084472656,26.09000015258789,23.530000686645508,23.84000015258789,23.84000015258789,69981600.0,127.12000274658203,130.6300048828125,124.30000305175781,126.56999969482422,126.55045318603516,655484700.0,503.45001220703125,503.45001220703125,492.3900146484375,494.7799987792969,493.9100341796875,23130700.0,155.64999389648438,159.25,155.16000366210938,158.22000122070312,158.22000122070312,3197600.0,161.75,163.1999969482422,157.88999938964844,161.22999572753906,161.22999572753906,61334700,210.38999938964844,211.88999938964844,207.11000061035156,207.49000549316406,206.7949981689453,246421400.0,15.9399995803833,16.100000381469727,15.770000457763672,16.06999969482422,16.06999969482422,25164200.0,866.6400146484375,866.969970703125,847.6500244140625,848.3099975585938,845.0462036132812,3852900.0
2024-06-24,23.440000534057617,24.386999130249023,23.299999237060547,24.15999984741211,24.15999984741211,36477400.0,123.23999786376953,124.45999908447266,118.04000091552734,118.11000061035156,118.09175872802734,476060900.0,499.20001220703125,507.79998779296875,494.2900085449219,498.9100036621094,498.03277587890625,13525300.0,158.05999755859375,160.22999572753906,157.44000244140625,159.7100067138672,159.7100067138672,1557800.0,159.75,163.39999389648438,158.19000244140625,160.25,160.25,45954100,207.72000122070312,212.6999969482422,206.58999633789062,208.13999938964844,207.44281005859375,80727000.0,16.290000915527344,16.5,16.0,16.389999389648438,16.389999389648438,38154600.0,850.0,850.6300048828125,841.510009765625,848.1599731445312,844.8967895507812,1722900.0
2024-06-25,24.15999984741211,24.6299991607666,23.920000076293945,24.559999465942383,24.559999465942383,29657200.0,121.19999694824219,126.5,119.31999969482422,126.08999633789062,126.07051849365234,425787500.0,497.04998779296875,510.7099914550781,495.5,510.6000061035156,509.7022399902344,12109800.0,160.0,160.72000122070312,157.8000030517578,159.0399932861328,159.0399932861328,1018900.0,160.72999572753906,161.0,156.4499969482422,160.25,160.25,40975300,209.14999389648438,211.3800048828125,208.61000061035156,209.07000732421875,208.36968994140625,56713900.0,17.020000457763672,18.010000228881836,16.65999984741211,17.81999969482422,17.81999969482422,106131400.0,849.3200073242188,855.6900024414062,845.0,855.510009765625,852.218505859375,1675700.0
2024-06-26,24.469999313354492,24.65999984741211,24.024999618530273,24.100000381469727,24.100000381469727,24331400.0,126.12999725341797,128.1199951171875,122.5999984741211,126.4000015258789,126.38048553466797,362975900.0,506.6499938964844,513.8099975585938,504.67999267578125,513.1199951171875,512.2177734375,8882300.0,158.8300018310547,159.60000610351562,156.97999572753906,157.5399932861328,157.5399932861328,1302500.0,160.60000610351562,160.74000549316406,156.0,157.5399932861328,157.5399932861328,36973400,211.5,214.86000061035156,210.63999938964844,213.25,212.5356903076172,66213200.0,17.899999618530273,18.5,17.790000915527344,18.3700008392334,18.3700008392334,55127800.0,852.719970703125,859.739990234375,850.0599975585938,856.8400268554688,853.54345703125,1505300.0
2024-06-27,24.100000381469727,25.399999618530273,24.049999237060547,25.219999313354492,25.219999313354492,37882900.0,124.0999984741211,126.41000366210938,122.91999816894531,123.98999786376953,123.9708480834961,252571700.0,514.25,522.8800048828125,513.9000244140625,519.5599975585938,518.6464233398438,10121200.0,157.8800048828125,158.5500030517578,156.4600067138672,156.97999572753906,156.97999572753906,1092300.0,157.17999267578125,160.61000061035156,156.80999755859375,159.47000122070312,159.47000122070312,34018200,214.69000244140625,215.74000549316406,212.35000610351562,214.10000610351562,213.3828582763672,49772700.0,18.489999771118164,18.65999984741211,18.1299991607666,18.610000610351562,18.610000610351562,38085600.0,857.7100219726562,858.3300170898438,848.6400146484375,850.6199951171875,847.3472900390625,1254900.0
2024-06-28,25.280000686645508,25.56999969482422,25.030000686645508,25.329999923706055,25.329999923706055,38886400.0,124.58000183105469,127.70999908447266,122.75,123.54000091552734,123.52091979980469,315516700.0,517.1500244140625,521.8800048828125,503.8399963378906,504.2200012207031,503.33343505859375,15855100.0,156.83999633789062,158.17999267578125,155.1999969482422,155.49000549316406,155.49000549316406,1625800.0,160.22999572753906,166.4499969482422,159.41000366210938,162.2100067138672,162.2100067138672,56204600,215.77000427246094,216.07000732421875,210.3000030517578,210.6199951171875,209.91448974609375,82542700.0,18.6299991607666,18.920000076293945,18.56999969482422,18.719999313354492,18.719999313354492,34277000.0,851.25,857.239990234375,846.8099975585938,849.989990234375,846.7197875976562,2131700.0
2024-07-01,25.479999542236328,26.020000457763672,25.142000198364258,25.8799991607666,25.8799991607666,33167900.0,123.47000122070312,124.83999633789062,118.83000183105469,124.30000305175781,124.28080749511719,284885500.0,504.95001220703125,506.5799865722656,493.1700134277344,504.67999267578125,503.7926025390625,10328200.0,154.0500030517578,155.8800048828125,153.3800048828125,154.2899932861328,154.2899932861328,1259900.0,161.25,161.50999450683594,153.63999938964844,157.69000244140625,157.69000244140625,50436700,212.08999633789062,217.50999450683594,211.9199981689453,216.75,216.02395629882812,60402900.0,18.649999618530273,18.739999771118164,17.459999084472656,17.709999084472656,17.709999084472656,41781100.0,853.5,856.0,840.5,845.6699829101562,842.4163818359375,1989000.0
2024-07-02,25.84000015258789,26.43000030517578,25.75,25.829999923706055,25.829999923706055,32148200.0,121.12999725341797,123.41000366210938,121.02999877929688,122.66999816894531,122.65105438232422,218374000.0,500.760009765625,510.5,499.45001220703125,509.5,508.6041564941406,7739500.0,154.55999755859375,155.4499969482422,154.2899932861328,154.64999389648438,154.64999389648438,1509200.0,157.0399932861328,164.5800018310547,156.6999969482422,164.30999755859375,164.30999755859375,57838600,216.14999389648438,220.3800048828125,215.10000610351562,220.27000427246094,219.5321807861328,58046200.0,17.670000076293945,17.989999771118164,17.510000228881836,17.559999465942383,17.559999465942383,24523800.0,845.6900024414062,860.3599853515625,843.0800170898438,859.3599853515625,856.0537109375,1377900.0
2024-07-03,25.959999084472656,26.270000457763672,25.760000228881836,25.850000381469727,25.850000381469727,18433800.0,121.66000366210938,128.27999877929688,121.36000061035156,128.27999877929688,128.26019287109375,215749000.0,506.3699951171875,511.2799987792969,506.0199890136719,509.9599914550781,509.0633544921875,6005600.0,154.2100067138672,154.9499969482422,152.8000030517578,153.5,153.5,717300.0,164.1999969482422,165.25999450683594,162.50999450683594,163.89999389648438,163.89999389648438,26980900,220.0,221.5500030517578,219.02999877929688,221.5500030517578,220.80789184570312,37369800.0,17.559999465942383,17.59000015258789,17.31999969482422,17.450000762939453,17.450000762939453,14095400.0,855.0,863.52001953125,855.0,862.6599731445312,859.3410034179688,814400.0
2024-07-05,26.0,27.25,25.975000381469727,27.229999542236328,27.229999542236328,46703700.0,127.37999725341797,128.85000610351562,125.68000030517578,125.83000183105469,125.8105697631836,214176700.0,511.6000061035156,540.8699951171875,511.6000061035156,539.9099731445312,538.9606323242188,21354100.0,152.83999633789062,153.00999450683594,151.50999450683594,151.74000549316406,151.74000549316406,1130300.0,165.97000122070312,174.0399932861328,165.67999267578125,171.89999389648438,171.89999389648438,61857100,221.64999389648438,226.4499969482422,221.64999389648438,226.33999633789062,225.5818328857422,60412400.0,17.530000686645508,17.540000915527344,17.010000228881836,17.209999084472656,17.209999084472656,25550000.0,864.5599975585938,886.9400024414062,858.719970703125,885.6699829101562,882.262451171875,2620700.0
2024-07-08,27.93000030517578,27.986000061035156,26.84000015258789,27.700000762939453,27.700000762939453,59611200.0,127.48999786376953,130.77000427246094,127.04000091552734,128.1999969482422,128.18019104003906,237677300.0,542.3499755859375,542.8099975585938,526.6500244140625,529.3200073242188,528.3892822265625,14917500.0,151.83999633789062,152.80999755859375,151.02999877929688,152.0,152.0,1177700.0,174.89999389648438,178.9499969482422,173.22000122070312,178.69000244140625,178.69000244140625,60223400,227.08999633789062,227.85000610351562,223.25,227.82000732421875,227.056884765625,59085900.0,17.329999923706055,17.8799991607666,17.329999923706055,17.559999465942383,17.559999465942383,29603500.0,886.7899780273438,887.9500122070312,877.6599731445312,880.8400268554688,877.4511108398438,1611300.0
2024-07-09,27.93000030517578,28.3799991607666,27.229999542236328,27.389999389648438,27.389999389648438,53067100.0,130.35000610351562,133.82000732421875,128.64999389648438,131.3800048828125,131.35972595214844,285366600.0,533.75,537.47998046875,528.1900024414062,530.0,529.068115234375,8753200.0,151.9499969482422,151.9499969482422,149.14999389648438,149.36000061035156,149.36000061035156,1320300.0,177.97000122070312,180.41000366210938,174.6999969482422,177.10000610351562,177.10000610351562,43395600,227.92999267578125,229.39999389648438,226.3699951171875,228.67999267578125,227.9139862060547,48076100.0,17.510000228881836,18.110000610351562,17.5,17.899999618530273,17.899999618530273,26254200.0,883.8499755859375,896.6699829101562,882.969970703125,886.8499755859375,883.4378662109375,1356800.0
2024-07-10,27.5,28.469999313354492,27.3700008392334,28.420000076293945,28.420000076293945,43231000.0,134.02999877929688,135.10000610351562,132.4199981689453,134.91000366210938,134.88917541503906,248978600.0,530.7899780273438,538.8800048828125,528.3599853515625,534.6900024414062,533.7498168945312,10983300.0,149.39999389648438,149.97999572753906,147.6199951171875,148.8300018310547,148.8300018310547,1799400.0,179.99000549316406,187.27999877929688,177.8000030517578,183.9600067138672,183.9600067138672,90247000,229.3000030517578,233.0800018310547,229.25,232.97999572753906,232.19960021972656,62627700.0,18.1200008392334,18.170000076293945,17.729999542236328,17.739999771118164,17.739999771118164,22307800.0,887.4000244140625,890.27001953125,880.7000122070312,884.3099975585938,880.90771484375,1755800.0
2024-07-11,28.489999771118164,28.59000015258789,26.899999618530273,27.639999389648438,27.639999389648438,61546100.0,135.75,136.14999389648438,127.05000305175781,127.4000015258789,127.38033294677734,374782700.0,530.8900146484375,535.4600219726562,508.3699951171875,512.7000122070312,511.7985534667969,16458300.0,150.00999450683594,153.0800018310547,149.85000610351562,151.52000427246094,151.52000427246094,2371800.0,184.07000732421875,187.11000061035156,177.25,181.94000244140625,181.94000244140625,59231400,231.38999938964844,232.38999938964844,225.77000427246094,227.57000732421875,226.80772399902344,64710600.0,17.68000030517578,18.149999618530273,17.309999465942383,18.1200008392334,18.1200008392334,30702600.0,890.760009765625,890.760009765625,846.52001953125,846.5900268554688,843.3328857421875,6021100.0
2024-07-12,27.31999969482422,28.1299991607666,27.280000686645508,28.06999969482422,28.06999969482422,30760300.0,128.25999450683594,131.9199981689453,127.22000122070312,129.24000549316406,129.2200469970703,252680500.0,497.760009765625,508.0899963378906,494.2300109863281,498.8699951171875,497.99285888671875,19750500.0,151.88999938964844,155.27999877929688,151.75999450683594,153.35000610351562,153.35000610351562,1576100.0,182.02000427246094,186.99000549316406,179.69000244140625,181.61000061035156,181.61000061035156,50827400,228.9199981689453,232.63999938964844,228.67999267578125,230.5399932861328,229.76776123046875,53046500.0,18.149999618530273,18.56999969482422,18.149999618530273,18.229999542236328,18.229999542236328,22504500.0,849.8900146484375,850.0,838.3800048828125,842.9000244140625,839.6571044921875,3288400.0
2024-07-15,28.420000076293945,29.299999237060547,27.899999618530273,28.670000076293945,28.670000076293945,49186300.0,130.55999755859375,131.38999938964844,127.18000030517578,128.44000244140625,128.420166015625,208326200.0,498.6300048828125,506.67999267578125,493.3699951171875,496.1600036621094,495.28759765625,12539200.0,153.5500030517578,154.57000732421875,152.30999755859375,153.30999755859375,153.30999755859375,1188000.0,184.4499969482422,185.5,178.5399932861328,179.8300018310547,179.8300018310547,42202700,236.47999572753906,237.22999572753906,233.08999633789062,234.39999389648438,233.61483764648438,62631300.0,18.299999237060547,18.34000015258789,17.790000915527344,18.31999969482422,18.31999969482422,25269100.0,846.8599853515625,857.9000244140625,844.6699829101562,848.72998046875,845.4645385742188,2064000.0
2024-07-16,28.18000030517578,28.84000015258789,27.469999313354492,28.670000076293945,28.670000076293945,59330700.0,128.44000244140625,129.0399932861328,124.58000183105469,126.36000061035156,126.34048461914062,214769500.0,501.5,503.95001220703125,485.7900085449219,489.7900085449219,488.9288330078125,14075800.0,153.7899932861328,154.55999755859375,152.72999572753906,154.10000610351562,154.10000610351562,1176500.0,179.69000244140625,179.75,174.52999877929688,177.5500030517578,177.5500030517578,40633100,235.0,236.27000427246094,232.3300018310547,234.82000732421875,234.03343200683594,43234300.0,18.399999618530273,19.239999771118164,18.3799991607666,19.18000030517578,19.18000030517578,28752600.0,847.7999877929688,851.239990234375,841.3400268554688,850.77001953125,847.496826171875,1687600.0
2024-07-17,28.0,28.8700008392334,27.600000381469727,28.219999313354492,28.219999313354492,45203500.0,121.3499984741211,121.8499984741211,116.72000122070312,117.98999786376953,117.97177124023438,390086200.0,479.1700134277344,479.1700134277344,459.1199951171875,461.989990234375,461.17767333984375,28076600.0,154.1300048828125,154.1300048828125,149.8300018310547,149.8699951171875,149.8699951171875,1708400.0,169.8000030517578,169.8000030517578,159.3699951171875,159.42999267578125,159.42999267578125,76954200,229.4499969482422,231.4600067138672,226.63999938964844,228.8800048828125,228.1133270263672,57345900.0,18.68000030517578,19.1200008392334,18.399999618530273,18.399999618530273,18.399999618530273,30846600.0,848.010009765625,849.9500122070312,842.6500244140625,846.280029296875,843.0240478515625,1783100.0
2024-07-18,28.420000076293945,29.829999923706055,28.149999618530273,28.639999389648438,28.639999389648438,76485600.0,121.8499984741211,122.4000015258789,116.55999755859375,121.08999633789062,121.0712890625,320979500.0,475.0,479.239990234375,464.5400085449219,475.8500061035156,475.0133361816406,19267200.0,149.8699951171875,151.32000732421875,148.77999877929688,150.3000030517578,150.3000030517578,1853500.0,163.41000366210938,163.41000366210938,153.1999969482422,155.77000427246094,155.77000427246094,69420300,230.27999877929688,230.44000244140625,222.27000427246094,224.17999267578125,223.42906188964844,66034600.0,18.459999084472656,18.700000762939453,18.100000381469727,18.25,18.25,20659600.0,849.4299926757812,855.2999877929688,825.1099853515625,839.3699951171875,836.140625,2338500.0
2024-07-19,28.309999465942383,29.600000381469727,28.270000457763672,28.579999923706055,28.579999923706055,49581600.0,120.3499984741211,121.5999984741211,117.37000274658203,117.93000030517578,117.91178894042969,217223800.0,476.05999755859375,486.7099914550781,475.7099914550781,476.7900085449219,475.9516906738281,15149400.0,150.4499969482422,151.25,148.9199981689453,150.32000732421875,150.32000732421875,1643000.0,154.86000061035156,155.80999755859375,150.6199951171875,151.5800018310547,151.5800018310547,47513100,224.82000732421875,226.8000030517578,223.27999877929688,224.30999755859375,223.5586395263672,49151500.0,18.290000915527344,18.5,18.15999984741211,18.43000030517578,18.43000030517578,13619900.0,836.510009765625,848.8800048828125,835.5599975585938,838.1300048828125,834.9053955078125,1984400.0
2024-07-22,28.93000030517578,28.969999313354492,27.690000534057617,28.459999084472656,28.459999084472656,38037800.0,120.3499984741211,124.06999969482422,119.86000061035156,123.54000091552734,123.52091979980469,258068900.0,486.5799865722656,492.05999755859375,483.8999938964844,487.3999938964844,486.54302978515625,12023100.0,150.55999755859375,151.05999755859375,148.86000061035156,150.4499969482422,150.4499969482422,1084500.0,154.22999572753906,156.6999969482422,152.5399932861328,155.8699951171875,155.8699951171875,43912500,227.00999450683594,227.77999877929688,223.08999633789062,223.9600067138672,223.20980834960938,48201800.0,18.399999618530273,18.739999771118164,18.200000762939453,18.420000076293945,18.420000076293945,21676000.0,845.75,849.5900268554688,838.5999755859375,847.4199829101562,844.15966796875,1920200.0
2024-07-23,28.34000015258789,29.190000534057617,28.309999465942383,28.809999465942383,28.809999465942383,31134300.0,122.77999877929688,124.69000244140625,122.0999984741211,122.58999633789062,122.5710678100586,173911000.0,489.8399963378906,495.2200012207031,487.7200012207031,488.69000244140625,487.83074951171875,9455500.0,150.4499969482422,152.52000427246094,150.07000732421875,151.7100067138672,151.7100067138672,1109700.0,154.9499969482422,157.0500030517578,153.8000030517578,154.0,154.0,31950600,224.3699951171875,226.94000244140625,222.67999267578125,225.00999450683594,224.2563018798828,39960300.0,18.510000228881836,19.479999542236328,18.459999084472656,19.06999969482422,19.06999969482422,35636000.0,848.9000244140625,854.5800170898438,845.5800170898438,852.1099853515625,848.8316040039062,1744100.0
2024-07-24,28.440000534057617,28.684999465942383,26.579999923706055,26.600000381469727,26.600000381469727,49004100.0,119.16999816894531,119.94999694824219,113.44000244140625,114.25,114.23235321044922,327776900.0,472.30999755859375,476.29998779296875,460.5799865722656,461.2699890136719,460.4589538574219,17649700.0,151.7899932861328,155.1199951171875,151.66000366210938,152.88999938964844,152.88999938964844,1842500.0,152.72000122070312,153.67999267578125,144.52999877929688,144.6300048828125,144.6300048828125,49203100,224.0,224.8000030517578,217.1300048828125,218.5399932861328,217.80795288085938,61777600.0,18.8700008392334,19.030000686645508,18.18000030517578,18.190000534057617,18.190000534057617,28171400.0,844.5999755859375,846.0,829.5,830.8200073242188,827.62353515625,2511300.0
2024-07-25,26.040000915527344,27.288000106811523,25.420000076293945,26.6299991607666,26.6299991607666,45474600.0,113.04000091552734,116.62999725341797,106.30000305175781,112.27999877929688,112.26265716552734,460067000.0,463.260009765625,463.54998779296875,442.6499938964844,453.4100036621094,452.6127624511719,18240500.0,153.5,153.5,150.02000427246094,150.3000030517578,150.3000030517578,1466200.0,144.07000732421875,144.75,136.80999755859375,138.32000732421875,138.32000732421875,60578500,218.92999267578125,220.85000610351562,214.6199951171875,217.49000549316406,216.76148986816406,51391200.0,18.15999984741211,18.15999984741211,17.079999923706055,17.100000381469727,17.100000381469727,34773400.0,835.7899780273438,836.6500244140625,814.280029296875,815.9500122070312,812.8107299804688,2183700.0
2024-07-26,27.0,27.34000015258789,26.770000457763672,27.18000030517578,27.18000030517578,27432200.0,116.19000244140625,116.19999694824219,111.58000183105469,113.05999755859375,113.04253387451172,293399100.0,464.20001220703125,469.7699890136719,459.4200134277344,465.70001220703125,464.8811950683594,14222400.0,150.6300048828125,151.05999755859375,149.16000366210938,150.75,150.75,1358900.0,140.32000732421875,141.2899932861328,138.27000427246094,139.99000549316406,139.99000549316406,49435800,218.6999969482422,219.49000549316406,216.00999450683594,217.9600067138672,217.2299041748047,41601300.0,17.3799991607666,17.510000228881836,17.1200008392334,17.270000457763672,17.270000457763672,20816900.0,818.0,822.280029296875,809.010009765625,817.5999755859375,815.6138305664062,1441500.0
2024-07-29,27.559999465942383,27.799999237060547,26.729999542236328,27.079999923706055,27.079999923706055,26038800.0,113.69000244140625,116.27999877929688,111.30000305175781,111.58999633789062,111.57276153564453,248152100.0,469.8800048828125,473.9599914550781,465.0199890136719,465.7099914550781,464.8911437988281,11339600.0,151.41000366210938,151.9199981689453,150.22999572753906,150.6999969482422,150.6999969482422,1313000.0,141.19000244140625,144.58999633789062,138.75,139.75,139.75,47447200,216.9600067138672,219.3000030517578,215.75,218.24000549316406,217.50897216796875,36311800.0,17.34000015258789,17.540000915527344,17.030000686645508,17.25,17.25,16795900.0,822.5599975585938,823.739990234375,814.0900268554688,815.5599975585938,813.5787963867188,1320400.0
2024-07-30,27.25,27.440000534057617,25.889999389648438,26.3700008392334,26.3700008392334,31819900.0,111.5199966430664,111.98999786376953,102.54000091552734,103.7300033569336,103.71398162841797,486833300.0,467.0,472.7300109863281,456.70001220703125,463.19000244140625,462.3755798339844,11390400.0,150.42999267578125,152.4499969482422,149.86000061035156,150.0,150.0,1360700.0,139.8800048828125,141.6999969482422,134.0500030517578,138.44000244140625,138.44000244140625,68801700,219.19000244140625,220.3300018310547,216.1199951171875,218.8000030517578,218.06710815429688,41643800.0,17.329999923706055,17.399999618530273,17.06999969482422,17.1200008392334,17.1200008392334,20316800.0,818.0,822.0,803.280029296875,810.030029296875,808.062255859375,2017200.0
2024-07-31,27.020000457763672,27.389999389648438,26.8799991607666,26.889999389648438,26.889999389648438,29111600.0,112.9000015258789,118.33999633789062,110.87999725341797,117.0199966430664,117.00192260742188,473174200.0,471.0199890136719,476.5,466.75,474.8299865722656,473.9951171875,24285800.0,151.10000610351562,152.25,150.3800048828125,150.52999877929688,150.52999877929688,1590800.0,150.72999572753906,153.60000610351562,140.02999877929688,144.47999572753906,144.47999572753906,114306800,221.44000244140625,223.82000732421875,220.6300048828125,222.0800018310547,221.3361053466797,50036300.0,17.43000030517578,17.530000686645508,16.649999618530273,16.65999984741211,16.65999984741211,38380700.0,820.4199829101562,825.47998046875,811.27001953125,822.0,820.003173828125,2135000.0
2024-08-01,27.020000457763672,27.53499984741211,25.829999923706055,26.079999923706055,26.079999923706055,31189600.0,117.52999877929688,120.16000366210938,106.80999755859375,109.20999908447266,109.1931381225586,523462300.0,521.0,527.1699829101562,492.1000061035156,497.739990234375,496.8648376464844,43083100.0,150.16000366210938,150.22999572753906,144.9600067138672,145.9600067138672,145.9600067138672,1684800.0,145.0,147.2899932861328,130.24000549316406,132.5399932861328,132.5399932861328,94731900,224.3699951171875,224.47999572753906,217.02000427246094,218.36000061035156,217.62855529785156,62501000.0,16.790000915527344,16.860000610351562,15.479999542236328,15.760000228881836,15.760000228881836,41570900.0,818.5499877929688,824.1699829101562,809.6799926757812,816.8900146484375,814.9055786132812,1861400.0
2024-08-02,24.75,24.8700008392334,23.75,24.739999771118164,24.739999771118164,56092600.0,103.76000213623047,108.72000122070312,101.37000274658203,107.2699966430664,107.25342559814453,482027500.0,489.0,501.1499938964844,476.1499938964844,488.1400146484375,487.2817077636719,24044700.0,146.0,146.57000732421875,143.16000366210938,143.67999267578125,143.67999267578125,1809600.0,133.5,137.10000610351562,131.3300018310547,132.5,132.5,78562000,219.14999389648438,225.60000610351562,217.7100067138672,219.86000061035156,219.12355041503906,105568600.0,15.15999984741211,15.199999809265137,14.630000114440918,14.800000190734863,14.800000190734863,44420000.0,816.2000122070312,830.2899780273438,805.010009765625,822.0800170898438,820.0830078125,2598500.0
2024-08-05,21.739999771118164,24.420000076293945,21.229999542236328,24.09000015258789,24.09000015258789,88023500.0,92.05999755859375,103.41000366210938,90.69000244140625,100.44999694824219,100.43448638916016,552842400.0,451.3500061035156,483.4800109863281,450.79998779296875,475.7300109863281,474.8935546875,21396200.0,141.16000366210938,141.39999389648438,137.50999450683594,139.49000549316406,139.49000549316406,1935900.0,122.16000366210938,139.13999938964844,121.83000183105469,134.82000732421875,134.82000732421875,76089400,199.08999633789062,213.5,196.0,209.27000427246094,208.5690155029297,119548600.0,13.869999885559082,14.710000038146973,13.779999732971191,14.399999618530273,14.399999618530273,35572300.0,798.0,810.8200073242188,793.0,801.8300170898438,799.8822021484375,2820900.0
2024-08-06,27.049999237060547,27.420000076293945,25.56999969482422,26.59000015258789,26.59000015258789,99622700.0,103.83999633789062,107.70999908447266,100.55000305175781,104.25,104.23390197753906,409012100.0,479.0,502.55999755859375,478.6499938964844,494.0899963378906,493.22125244140625,20955000.0,139.35000610351562,141.47000122070312,138.99000549316406,140.11000061035156,140.11000061035156,1599900.0,135.14999389648438,136.44000244140625,129.10000610351562,130.17999267578125,130.17999267578125,64455600,205.3000030517578,209.99000549316406,201.07000732421875,207.22999572753906,206.5358428955078,69660500.0,14.449999809265137,15.039999961853027,14.4399995803833,14.539999961853027,14.539999961853027,32738600.0,805.0599975585938,833.0900268554688,805.0599975585938,816.8800048828125,814.8956298828125,2476300.0
2024-08-07,27.06999969482422,28.360000610351562,26.239999771118164,26.31999969482422,26.31999969482422,75975400.0,107.80999755859375,108.80000305175781,98.69000244140625,98.91000366210938,98.89472961425781,411440400.0,503.1300048828125,510.1499938964844,486.8599853515625,488.9200134277344,488.06036376953125,20105300.0,141.0,141.44000244140625,135.61000061035156,135.6699981689453,135.6699981689453,2707300.0,133.75,136.24000549316406,128.3699951171875,128.6699981689453,128.6699981689453,54676500,206.89999389648438,213.63999938964844,206.38999938964844,209.82000732421875,209.11717224121094,63516400.0,14.800000190734863,14.84000015258789,13.949999809265137,14.010000228881836,14.010000228881836,29573300.0,824.1099853515625,833.8300170898438,809.260009765625,810.2999877929688,808.3316040039062,1702000.0
2024-08-08,27.040000915527344,29.375,26.690000534057617,29.280000686645508,29.280000686645508,96892900.0,102.0,105.5,97.5199966430664,104.97000122070312,104.95378875732422,391910000.0,497.5,509.9599914550781,494.7200012207031,509.6300048828125,508.73394775390625,16156800.0,136.8300018310547,138.8699951171875,135.24000549316406,138.77999877929688,138.77999877929688,2622100.0,131.97000122070312,136.47999572753906,128.94000244140625,136.32000732421875,136.32000732421875,49037500,213.11000061035156,214.1999969482422,208.8300018310547,213.30999755859375,212.59547424316406,47161100.0,14.109999656677246,14.550000190734863,14.079999923706055,14.489999771118164,14.489999771118164,24132100.0,821.5,842.760009765625,820.4500122070312,839.4299926757812,837.390869140625,2345000.0
2024-08-09,29.280000686645508,30.360000610351562,29.100000381469727,30.010000228881836,30.010000228881836,88131100.0,105.63999938964844,106.5999984741211,103.43000030517578,104.75,104.73382568359375,290844200.0,507.7099914550781,518.3400268554688,505.70001220703125,517.77001953125,516.859619140625,13696600.0,142.13999938964844,145.6999969482422,141.33999633789062,144.82000732421875,144.82000732421875,3996300.0,134.69000244140625,135.5,132.44000244140625,134.27000427246094,134.27000427246094,40583000,212.10000610351562,216.77999877929688,211.97000122070312,216.24000549316406,215.51568603515625,42201600.0,14.489999771118164,14.850000381469727,14.489999771118164,14.770000457763672,14.770000457763672,26030000.0,838.5,857.77001953125,837.6300048828125,854.9299926757812,852.8531494140625,1710600.0
2024-08-12,30.219999313354492,31.200000762939453,29.270000457763672,29.3799991607666,29.3799991607666,67890300.0,106.31999969482422,111.06999969482422,106.26000213623047,109.0199966430664,109.00315856933594,325559900.0,516.8599853515625,518.02001953125,509.1000061035156,515.9500122070312,515.0428466796875,9767400.0,145.88999938964844,149.5,145.25999450683594,147.2899932861328,147.2899932861328,2585200.0,134.44000244140625,137.99000549316406,133.22999572753906,136.77000427246094,136.77000427246094,39724300,216.07000732421875,219.50999450683594,215.60000610351562,217.52999877929688,217.0522918701172,38028100.0,14.789999961853027,14.850000381469727,14.489999771118164,14.600000381469727,14.600000381469727,19250800.0,857.25,870.25,852.4000244140625,863.5700073242188,861.4722290039062,1748200.0
2024-08-13,29.788999557495117,30.850000381469727,29.559999465942383,30.389999389648438,30.389999389648438,57294200.0,112.44000244140625,116.2300033569336,111.58000183105469,116.13999938964844,116.12206268310547,312646700.0,520.010009765625,531.5,518.1500244140625,528.5399780273438,527.6106567382812,13743800.0,147.30999755859375,147.80999755859375,144.6999969482422,144.8800048828125,144.8800048828125,1575400.0,138.1199951171875,141.19000244140625,137.52000427246094,141.1300048828125,141.1300048828125,42218000,219.00999450683594,221.88999938964844,219.00999450683594,221.27000427246094,220.78408813476562,44155300.0,14.800000190734863,14.90999984741211,14.5600004196167,14.869999885559082,14.869999885559082,18842800.0,864.9199829101562,868.0499877929688,856.1599731445312,864.8200073242188,862.7191772460938,1484100.0
2024-08-14,30.6200008392334,31.3700008392334,30.329999923706055,31.0,31.0,49885600.0,118.52999877929688,118.5999984741211,114.06999969482422,118.08000183105469,118.061767578125,339246400.0,528.0599975585938,534.0,523.1300048828125,526.760009765625,525.8338012695312,11444200.0,144.6300048828125,145.91000366210938,143.1699981689453,144.91000366210938,144.91000366210938,954200.0,143.0,143.25,137.63999938964844,140.75,140.75,35506400,220.57000732421875,223.02999877929688,219.6999969482422,221.72000122070312,221.23309326171875,41960600.0,14.899999618530273,15.079999923706055,14.529999732971191,14.760000228881836,14.760000228881836,23097000.0,864.8699951171875,866.72998046875,858.5,862.7100219726562,860.6143188476562,1341500.0
2024-08-15,31.309999465942383,31.4950008392334,30.829999923706055,31.219999313354492,31.219999313354492,43407600.0,118.76000213623047,123.23999786376953,117.47000122070312,122.86000061035156,122.84103393554688,318086700.0,531.7899780273438,539.77001953125,526.7000122070312,537.3300170898438,536.38525390625,13482100.0,145.89999389648438,148.0500030517578,145.5,146.3800048828125,146.3800048828125,1129900.0,143.0,147.9600067138672,141.80999755859375,147.36000061035156,147.36000061035156,43582400,224.60000610351562,225.35000610351562,222.75999450683594,224.72000122070312,224.22650146484375,46414000.0,15.0600004196167,15.789999961853027,15.039999961853027,15.739999771118164,15.739999771118164,32425400.0,872.8699951171875,880.3300170898438,869.0,877.3499755859375,875.2186889648438,1923800.0
2024-08-16,31.040000915527344,32.75,30.979999542236328,32.08000183105469,32.08000183105469,64870600.0,121.94000244140625,125.0,121.18000030517578,124.58000183105469,124.56076049804688,302589900.0,531.9000244140625,533.6599731445312,524.6599731445312,527.4199829101562,526.4926147460938,14776700.0,146.4600067138672,151.10000610351562,146.38999938964844,149.94000244140625,149.94000244140625,1901100.0,145.6999969482422,149.3699951171875,145.1999969482422,148.55999755859375,148.55999755859375,31123900,223.9199981689453,226.8300018310547,223.64999389648438,226.0500030517578,225.5535888671875,44340200.0,15.649999618530273,15.670000076293945,15.3100004196167,15.460000038146973,15.460000038146973,23514000.0,877.3499755859375,877.3499755859375,868.6199951171875,870.5900268554688,868.4751586914062,1516300.0
2024-08-19,32.41999816894531,32.59000015258789,31.81399917602539,32.5,32.5,52353600.0,124.27999877929688,130.0,123.41999816894531,130.0,129.97991943359375,318333600.0,526.8699951171875,531.6599731445312,522.760009765625,529.280029296875,528.3494262695312,9879700.0,150.0,150.86000061035156,148.60000610351562,150.5,150.5,1078300.0,148.42999267578125,155.3699951171875,147.72000122070312,155.27999877929688,155.27999877929688,60766900,225.72000122070312,225.99000549316406,223.0399932861328,225.88999938964844,225.3939208984375,40687800.0,15.489999771118164,15.670000076293945,15.420000076293945,15.600000381469727,15.600000381469727,17931300.0,870.5900268554688,873.6300048828125,868.7000122070312,872.3499755859375,870.2308349609375,1318400.0
2024-08-20,32.5,32.720001220703125,31.6299991607666,32.31999969482422,32.31999969482422,40783000.0,128.39999389648438,129.8800048828125,125.88999938964844,127.25,127.2303466796875,300087400.0,528.3499755859375,531.0900268554688,525.8800048828125,526.72998046875,525.8038330078125,7944400.0,150.72999572753906,155.63999938964844,149.97999572753906,154.80999755859375,154.80999755859375,2750600.0,156.49000549316406,162.0399932861328,154.50999450683594,156.39999389648438,156.39999389648438,76851200,225.77000427246094,227.1699981689453,225.4499969482422,226.50999450683594,226.0125732421875,30299000.0,15.529999732971191,15.529999732971191,15.279999732971191,15.319999694824219,15.319999694824219,20241900.0,872.0,876.760009765625,871.1699829101562,876.2000122070312,874.071533203125,1104600.0
2024-08-21,32.31999969482422,32.66999816894531,31.969999313354492,32.540000915527344,32.540000915527344,38147600.0,127.31999969482422,129.35000610351562,126.66000366210938,128.5,128.48016357421875,257883600.0,527.1500244140625,539.4000244140625,526.9299926757812,535.1599731445312,534.218994140625,13423300.0,156.6199951171875,161.3699951171875,156.49000549316406,160.07000732421875,160.07000732421875,1849400.0,156.1199951171875,158.64999389648438,155.07000732421875,157.80999755859375,157.80999755859375,42791200,226.52000427246094,227.97999572753906,225.0500030517578,226.39999389648438,225.90281677246094,34765500.0,15.40999984741211,15.609999656677246,15.300000190734863,15.489999771118164,15.489999771118164,13809500.0,880.739990234375,891.1199951171875,877.219970703125,881.4199829101562,879.27880859375,1465500.0
2024-08-22,32.54999923706055,33.125,31.850000381469727,31.920000076293945,31.920000076293945,43522200.0,130.02000427246094,130.75,123.0999984741211,123.73999786376953,123.72089385986328,376189100.0,537.0,544.22998046875,528.5900268554688,531.9299926757812,530.9946899414062,15708300.0,160.0,161.82000732421875,158.52000427246094,158.6999969482422,158.6999969482422,1221900.0,158.8699951171875,159.83999633789062,151.00999450683594,151.6999969482422,151.6999969482422,45737300,227.7899932861328,228.33999633789062,223.89999389648438,224.52999877929688,224.0369110107422,43695300.0,15.65999984741211,15.670000076293945,15.319999694824219,15.449999809265137,15.449999809265137,18683600.0,882.2999877929688,884.0,873.1799926757812,877.5599975585938,875.42822265625,1440900.0
2024-08-23,31.989999771118164,32.54999923706055,31.621999740600586,31.780000686645508,31.780000686645508,34121200.0,125.86000061035156,129.60000610351562,125.22000122070312,129.3699951171875,129.3500213623047,323230300.0,536.9199829101562,539.8699951171875,525.0599975585938,528.0,527.0716552734375,11323900.0,160.1999969482422,160.89999389648438,158.8000030517578,159.38999938964844,159.38999938964844,1076200.0,153.60000610351562,156.39999389648438,151.8300018310547,154.97999572753906,154.97999572753906,43694600,225.66000366210938,228.22000122070312,224.3300018310547,226.83999633789062,226.3418426513672,38677300.0,15.520000457763672,16.75,15.470000267028809,16.610000610351562,16.610000610351562,42378900.0,882.489990234375,884.5599975585938,871.6699829101562,879.2100219726562,877.07421875,1305800.0
2024-08-26,31.43000030517578,31.739999771118164,30.790000915527344,30.850000381469727,30.850000381469727,35283600.0,129.57000732421875,131.25999450683594,124.37000274658203,126.45999908447266,126.44046783447266,331964700.0,527.5999755859375,528.0,514.9500122070312,521.1199951171875,520.2037353515625,9584000.0,159.94000244140625,161.1999969482422,159.7100067138672,160.3800048828125,160.3800048828125,805600.0,154.6999969482422,158.27999877929688,148.91000366210938,149.99000549316406,149.99000549316406,49893300,226.75999450683594,227.27999877929688,223.88999938964844,227.17999267578125,226.68109130859375,30602200.0,16.600000381469727,16.709999084472656,16.40999984741211,16.600000381469727,16.600000381469727,21673600.0,883.1699829101562,893.25,881.4400024414062,892.510009765625,890.3419189453125,1737000.0
2024-08-27,30.549999237060547,31.1200008392334,30.3799991607666,30.84000015258789,30.84000015258789,23541300.0,125.05000305175781,129.1999969482422,123.87999725341797,128.3000030517578,128.2801971435547,303134600.0,518.97998046875,524.010009765625,515.3099975585938,519.0999755859375,518.187255859375,6282700.0,160.30999755859375,161.9199981689453,160.16000366210938,160.77999877929688,160.77999877929688,783900.0,150.1300048828125,151.6999969482422,148.44000244140625,150.5,150.5,35102700,226.0,228.85000610351562,224.88999938964844,228.02999877929688,227.52923583984375,35934600.0,16.549999237060547,17.3700008392334,16.510000228881836,17.040000915527344,17.040000915527344,30136600.0,892.6900024414062,918.9299926757812,887.0700073242188,908.9000244140625,906.6920776367188,2098900.0
2024-08-28,30.6200008392334,30.799999237060547,29.75,30.360000610351562,30.360000610351562,33961400.0,128.1199951171875,128.3300018310547,122.63999938964844,125.61000061035156,125.59060668945312,448101100.0,517.6699829101562,521.0900268554688,512.4500122070312,516.780029296875,515.8713989257812,9106100.0,160.88999938964844,161.14999389648438,158.1300048828125,159.0,159.0,1153700.0,149.39999389648438,150.42999267578125,144.72000122070312,146.36000061035156,146.36000061035156,34075800,227.9199981689453,229.86000061035156,225.67999267578125,226.49000549316406,225.99261474609375,38052200.0,16.93000030517578,17.020000457763672,16.489999771118164,16.6299991607666,16.6299991607666,24878400.0,910.9600219726562,912.219970703125,881.6599731445312,888.0499877929688,885.8927001953125,1668400.0
2024-08-29,30.649999618530273,31.81999969482422,30.483999252319336,31.0,31.0,39733000.0,121.36000061035156,124.43000030517578,116.70999908447266,117.58999633789062,117.57183837890625,453023300.0,519.0499877929688,527.2000122070312,515.6799926757812,518.219970703125,517.3087768554688,8317400.0,160.47999572753906,162.97999572753906,160.16000366210938,160.5,160.5,929600.0,146.58999633789062,149.49000549316406,144.47000122070312,145.49000549316406,145.49000549316406,31602100,230.10000610351562,232.9199981689453,228.8800048828125,229.7899932861328,229.28536987304688,51906300.0,16.790000915527344,16.8700008392334,16.510000228881836,16.540000915527344,16.540000915527344,22800000.0,891.0,900.4600219726562,885.1699829101562,886.6300048828125,884.4761962890625,1709900.0
2024-08-30,31.049999237060547,31.5,30.700000762939453,31.479999542236328,31.479999542236328,42388000.0,119.52999877929688,121.75,117.22000122070312,119.37000274658203,119.35157012939453,333751600.0,521.3499755859375,523.5399780273438,515.2000122070312,521.3099975585938,520.3933715820312,9157500.0,161.05999755859375,162.1199951171875,160.42999267578125,161.7100067138672,161.7100067138672,1206500.0,147.52000427246094,148.99000549316406,145.25,148.55999755859375,148.55999755859375,31169100,230.19000244140625,230.39999389648438,227.47999572753906,229.0,228.49710083007812,52990800.0,16.6200008392334,16.790000915527344,16.25,16.5,16.5,20664200.0,890.5,896.3300170898438,883.0999755859375,892.3800048828125,890.2122192382812,1933500.0
2024-09-03,31.350000381469727,31.589000701904297,30.165000915527344,30.510000228881836,30.510000228881836,34531600.0,116.01000213623047,116.20999908447266,107.29000091552734,108.0,107.98332214355469,477155100.0,519.6400146484375,525.489990234375,508.6199951171875,511.760009765625,510.86016845703125,12459100.0,160.75,161.47999572753906,154.6199951171875,155.89999389648438,155.89999389648438,1581700.0,146.41000366210938,146.49000549316406,136.10000610351562,136.94000244140625,136.94000244140625,42172700,228.5500030517578,229.0,221.1699981689453,222.77000427246094,222.28079223632812,50190600.0,16.299999237060547,16.790000915527344,16.200000762939453,16.34000015258789,16.34000015258789,23606100.0,896.6799926757812,896.8900146484375,874.4400024414062,878.5700073242188,876.435791015625,1784200.0
2024-09-04,30.0,30.850000381469727,29.309999465942383,30.59000015258789,30.59000015258789,33419500.0,105.41000366210938,113.2699966430664,104.12000274658203,106.20999908447266,106.19359588623047,372470300.0,506.07000732421875,516.5900268554688,504.07000732421875,512.739990234375,511.83843994140625,8335200.0,155.6300048828125,159.1300048828125,155.6300048828125,158.0399932861328,158.0399932861328,990100.0,140.50999450683594,143.3699951171875,138.50999450683594,140.8699951171875,140.8699951171875,42130600,221.66000366210938,221.77999877929688,217.47999572753906,220.85000610351562,220.36500549316406,43840200.0,16.229999542236328,16.520000457763672,15.989999771118164,16.149999618530273,16.149999618530273,18999300.0,877.4500122070312,891.760009765625,876.5900268554688,890.02001953125,887.8579711914062,1425200.0
2024-09-05,30.239999771118164,30.739999771118164,30.010000228881836,30.15999984741211,30.15999984741211,24012300.0,104.98999786376953,109.6500015258789,104.76000213623047,107.20999908447266,107.19344329833984,306850700.0,511.7200012207031,521.6300048828125,511.1499938964844,516.8599853515625,515.9512329101562,8640900.0,158.60000610351562,159.05999755859375,156.77999877929688,157.05999755859375,157.05999755859375,1021700.0,138.1999969482422,141.7100067138672,137.8300018310547,139.44000244140625,139.44000244140625,25023000,221.6300048828125,225.47999572753906,221.52000427246094,222.3800048828125,221.8916473388672,36615400.0,16.299999237060547,16.59000015258789,16.06999969482422,16.149999618530273,16.149999618530273,15078900.0,888.6300048828125,888.6300048828125,868.7000122070312,885.97998046875,883.8277587890625,1998800.0
2024-09-06,30.600000381469727,31.040000915527344,29.5,30.329999923706055,30.329999923706055,50946800.0,108.04000091552734,108.1500015258789,100.94999694824219,102.83000183105469,102.81411743164062,413638100.0,521.8800048828125,524.5800170898438,498.25,500.2699890136719,499.390380859375,14744500.0,157.75999450683594,159.42999267578125,156.52000427246094,156.61000061035156,156.61000061035156,1246000.0,138.6999969482422,139.1300048828125,132.11000061035156,134.35000610351562,134.35000610351562,39993500,223.9499969482422,225.24000549316406,219.77000427246094,220.82000732421875,220.33506774902344,48423000.0,16.209999084472656,16.459999084472656,15.5,15.670000076293945,15.670000076293945,24505600.0,891.260009765625,893.2000122070312,871.0,876.6799926757812,874.5503540039062,2074600.0
2024-09-09,32.70000076293945,34.70000076293945,32.470001220703125,34.599998474121094,34.599998474121094,140582500.0,104.87999725341797,106.55000305175781,103.69000244140625,106.47000122070312,106.45355987548828,273912000.0,506.1600036621094,511.3299865722656,502.0799865722656,504.7900085449219,503.9024353027344,11047800.0,155.44000244140625,156.4199981689453,149.86000061035156,156.32000732421875,156.32000732421875,2107800.0,136.10000610351562,138.4499969482422,134.86000061035156,138.14999389648438,138.14999389648438,27194500,220.82000732421875,221.27000427246094,216.7100067138672,220.91000366210938,220.4248809814453,67180000.0,15.880000114440918,16.200000762939453,15.850000381469727,16.030000686645508,16.030000686645508,21478400.0,884.739990234375,898.8300170898438,881.7000122070312,896.489990234375,894.312255859375,1954000.0
2024-09-10,34.810001373291016,35.20000076293945,33.709999084472656,34.7599983215332,34.7599983215332,91721000.0,107.80999755859375,109.4000015258789,104.94999694824219,108.0999984741211,108.08330535888672,268283700.0,508.1600036621094,514.1799926757812,500.0299987792969,504.7900085449219,503.9024353027344,9899000.0,157.10000610351562,157.42999267578125,153.97999572753906,154.85000610351562,154.85000610351562,853200.0,139.05999755859375,143.0800018310547,137.25,142.83999633789062,142.83999633789062,37217500,218.9199981689453,221.47999572753906,216.72999572753906,220.11000061035156,219.62661743164062,51591000.0,16.1299991607666,16.170000076293945,15.489999771118164,16.139999389648438,16.139999389648438,17919700.0,892.5999755859375,900.6900024414062,887.52001953125,894.2899780273438,892.1176147460938,1360800.0
2024-09-11,34.0099983215332,34.869998931884766,33.619998931884766,34.849998474121094,34.849998474121094,68302300.0,109.38999938964844,117.19000244140625,107.41999816894531,116.91000366210938,116.8919448852539,441422400.0,507.010009765625,513.1199951171875,495.6000061035156,511.8299865722656,510.9300231933594,10782500.0,153.77000427246094,153.83999633789062,150.19000244140625,152.33999633789062,152.33999633789062,1720800.0,145.32000732421875,150.16000366210938,140.7100067138672,149.86000061035156,149.86000061035156,50935400,221.4600067138672,223.08999633789062,217.88999938964844,222.66000366210938,222.17103576660156,44587100.0,16.110000610351562,16.549999237060547,15.880000114440918,16.540000915527344,16.540000915527344,31864300.0,895.0,902.0,877.8699951171875,900.4000244140625,898.2127685546875,1796100.0
2024-09-12,34.86000061035156,35.400001525878906,34.53099822998047,34.90999984741211,34.90999984741211,54391800.0,116.83999633789062,120.79000091552734,115.37999725341797,119.13999938964844,119.13179016113281,367100500.0,517.0499877929688,526.7100219726562,515.219970703125,525.5999755859375,524.67578125,11993300.0,152.77000427246094,154.75999450683594,152.27999877929688,153.61000061035156,153.61000061035156,1194200.0,148.42999267578125,151.5399932861328,147.64999389648438,150.77000427246094,150.77000427246094,29286200,222.5,223.5500030517578,219.82000732421875,222.77000427246094,222.28079223632812,37498200.0,16.639999389648438,17.170000076293945,16.610000610351562,16.920000076293945,16.920000076293945,27610400.0,900.4199829101562,915.7000122070312,896.510009765625,915.030029296875,912.8072509765625,1868700.0
2024-09-13,34.970001220703125,36.0099983215332,34.88999938964844,35.59000015258789,35.59000015258789,49727200.0,119.08000183105469,119.95999908447266,117.5999984741211,119.0999984741211,119.09178924560547,238358300.0,520.3400268554688,527.5800170898438,517.1099853515625,524.6199951171875,523.6975708007812,10321400.0,153.82000732421875,154.89999389648438,152.07000732421875,152.17999267578125,152.17999267578125,1223400.0,152.32000732421875,153.02999877929688,150.6999969482422,152.30999755859375,152.30999755859375,25117200,223.5800018310547,224.0399932861328,221.91000366210938,222.5,222.01136779785156,36766600.0,17.010000228881836,17.489999771118164,17.0,17.260000228881836,17.260000228881836,23340800.0,913.6300048828125,923.8300170898438,909.3599853515625,916.0,913.7748413085938,1327500.0
2024-09-16,35.779998779296875,36.91999816894531,35.560001373291016,36.310001373291016,36.310001373291016,74767300.0,116.79000091552734,118.18000030517578,114.36000061035156,116.77999877929688,116.7719497680664,248772300.0,524.5399780273438,534.0999755859375,517.4000244140625,533.280029296875,532.8502197265625,9527600.0,152.4499969482422,153.0500030517578,150.91000366210938,152.4499969482422,152.4499969482422,1320600.0,151.6999969482422,154.44000244140625,150.91000366210938,152.0800018310547,152.0800018310547,27677800,216.5399932861328,217.22000122070312,213.9199981689453,216.32000732421875,215.84495544433594,59357400.0,17.3700008392334,17.940000534057617,17.270000457763672,17.829999923706055,17.829999923706055,27539900.0,922.0,922.6300048828125,905.3499755859375,907.8699951171875,905.6646118164062,1661000.0
2024-09-17,37.0,37.04999923706055,35.869998931884766,36.45000076293945,36.45000076293945,64461800.0,118.16999816894531,118.80000305175781,114.83000183105469,115.58999633789062,115.58203125,231925900.0,537.5999755859375,542.0999755859375,530.5700073242188,536.3200073242188,535.8877563476562,11690800.0,152.47999572753906,155.8300018310547,151.0399932861328,152.7100067138672,152.7100067138672,1534300.0,153.5500030517578,154.0399932861328,149.22999572753906,150.82000732421875,150.82000732421875,29889000,215.75,216.89999389648438,214.5,216.7899932861328,216.31390380859375,45519300.0,18.040000915527344,18.18000030517578,17.8700008392334,18.030000686645508,18.030000686645508,24716400.0,908.4299926757812,908.5999755859375,895.4500122070312,897.27001953125,895.0903930664062,1387000.0
2024-09-18,35.900001525878906,37.11000061035156,35.87099838256836,36.380001068115234,36.380001068115234,66279800.0,115.88999938964844,117.69999694824219,113.22000122070312,113.37000274658203,113.36219024658203,310318900.0,537.0700073242188,544.2000122070312,533.9000244140625,537.9500122070312,537.5164184570312,10323500.0,152.9499969482422,155.16000366210938,151.42999267578125,153.3300018310547,153.3300018310547,1449600.0,150.89999389648438,152.82000732421875,148.00999450683594,148.2899932861328,148.2899932861328,26320100,217.5500030517578,222.7100067138672,217.5399932861328,220.69000244140625,220.20535278320312,59894900.0,18.1299991607666,18.739999771118164,18.1299991607666,18.360000610351562,18.360000610351562,30907100.0,899.9400024414062,904.97998046875,890.9500122070312,892.52001953125,890.3519287109375,1338200.0
2024-09-19,37.0,37.349998474121094,36.20000076293945,36.83000183105469,36.83000183105469,59882000.0,117.3499984741211,119.66000366210938,117.25,117.87000274658203,117.86187744140625,293506400.0,550.0,562.0700073242188,546.52001953125,559.0999755859375,558.6493530273438,15647000.0,156.22000122070312,158.11000061035156,153.52000427246094,153.66000366210938,153.66000366210938,1971000.0,153.80999755859375,159.25,152.77000427246094,156.74000549316406,156.74000549316406,44500000,224.99000549316406,229.82000732421875,224.6300048828125,228.8699951171875,228.3673858642578,66781300.0,18.93000030517578,18.989999771118164,18.6200008392334,18.760000228881836,18.760000228881836,25872300.0,904.260009765625,905.1300048828125,895.5,900.739990234375,898.5518798828125,1747500.0
2024-09-20,36.0099983215332,37.290000915527344,35.709999084472656,37.20000076293945,37.20000076293945,450290500.0,117.05999755859375,118.62000274658203,115.38999938964844,116.0,115.99200439453125,382462400.0,560.0,564.5,556.2999877929688,561.3499755859375,560.8975219726562,22066800.0,152.52000427246094,152.94000244140625,147.22999572753906,148.77999877929688,148.77999877929688,5624000.0,156.0,157.4499969482422,152.47000122070312,155.9499969482422,155.9499969482422,40248200,229.97000122070312,233.08999633789062,227.6199951171875,228.1999969482422,227.6988525390625,318679900.0,18.700000762939453,19.09000015258789,18.549999237060547,19.0,19.0,36581200.0,901.5700073242188,907.8099975585938,895.7000122070312,906.97998046875,904.7767333984375,4658200.0
2024-09-23,36.86000061035156,38.189998626708984,36.56999969482422,37.95000076293945,37.95000076293945,79460700.0,116.55000305175781,116.98999786376953,114.86000061035156,116.26000213623047,116.25199127197266,206228500.0,569.5,573.97998046875,562.4099731445312,564.4099731445312,563.955078125,12830700.0,149.5800018310547,150.75,148.05999755859375,149.72999572753906,149.72999572753906,1495700.0,156.4499969482422,157.19000244140625,154.97000122070312,156.75,156.75,21728500,227.33999633789062,229.4499969482422,225.80999755859375,226.47000122070312,225.97265625,54146000.0,19.0,19.020000457763672,18.709999084472656,18.969999313354492,18.969999313354492,27346800.0,906.97998046875,919.5,900.780029296875,917.0800170898438,914.8522338867188,1697600.0
2024-09-24,37.970001220703125,37.97999954223633,36.43000030517578,36.900001525878906,36.900001525878906,79519200.0,116.5199966430664,121.80000305175781,115.37999725341797,120.87000274658203,120.8616714477539,354966800.0,566.6799926757812,567.75,554.1900024414062,563.3300170898438,562.8759765625,12993000.0,149.6300048828125,151.11000061035156,147.94000244140625,150.89999389648438,150.89999389648438,1190500.0,157.4600067138672,159.63999938964844,154.5800018310547,158.32000732421875,158.32000732421875,27531200,228.64999389648438,229.35000610351562,225.72999572753906,227.3699951171875,226.8706817626953,43556100.0,19.0,19.010000228881836,18.3700008392334,18.729999542236328,18.729999542236328,32022100.0,912.010009765625,912.77001953125,897.530029296875,901.5399780273438,899.3499145507812,2432600.0
2024-09-25,36.88999938964844,37.18000030517578,36.382999420166016,37.119998931884766,37.119998931884766,46511700.0,122.0199966430664,124.94000244140625,121.61000061035156,123.51000213623047,123.50149536132812,284692900.0,564.0499877929688,576.8800048828125,563.719970703125,568.3099975585938,567.8519287109375,16543400.0,150.64999389648438,150.89999389648438,149.66000366210938,150.77000427246094,150.77000427246094,841600.0,158.5,162.9499969482422,158.17999267578125,162.02000427246094,162.02000427246094,35233300,224.92999267578125,227.2899932861328,224.02000427246094,226.3699951171875,225.8728790283203,42308700.0,18.670000076293945,18.68000030517578,17.989999771118164,18.040000915527344,18.040000915527344,32886900.0,903.0,910.3599853515625,901.1300048828125,908.4199829101562,906.2132568359375,1728100.0
2024-09-26,37.2599983215332,37.439998626708984,36.599998474121094,37.099998474121094,37.099998474121094,48602000.0,126.80000305175781,127.66999816894531,121.80000305175781,124.04000091552734,124.03145599365234,302582900.0,575.72998046875,577.4000244140625,562.3499755859375,567.8400268554688,567.3823852539062,14400800.0,152.2899932861328,152.5,150.44000244140625,151.69000244140625,151.69000244140625,1485400.0,167.05999755859375,168.67999267578125,164.0500030517578,167.49000549316406,167.49000549316406,38044900,227.3000030517578,228.5,225.41000366210938,227.52000427246094,227.02035522460938,36636700.0,18.43000030517578,18.899999618530273,18.3799991607666,18.68000030517578,18.68000030517578,31889000.0,905.2999877929688,909.239990234375,898.1300048828125,901.4400024414062,899.2501831054688,2738600.0
2024-09-27,36.90999984741211,37.470001220703125,36.59000015258789,36.84000015258789,36.84000015258789,43219100.0,123.97000122070312,124.02999877929688,119.26000213623047,121.4000015258789,121.39163970947266,271009200.0,570.0999755859375,570.8400268554688,564.510009765625,567.3599853515625,566.9027099609375,9398400.0,152.49000549316406,153.80999755859375,152.1999969482422,153.0500030517578,153.0500030517578,1371000.0,167.47999572753906,168.72999572753906,163.74000549316406,164.35000610351562,164.35000610351562,27876000,228.4600067138672,229.52000427246094,227.3000030517578,227.7899932861328,227.2897491455078,34026000.0,18.799999237060547,18.8700008392334,18.479999542236328,18.540000915527344,18.540000915527344,34530800.0,893.260009765625,893.489990234375,874.0,885.6199951171875,883.4686279296875,3459100.0
2024-09-30,36.58000183105469,37.31999969482422,36.150001525878906,37.20000076293945,37.20000076293945,42110200.0,118.30999755859375,121.5,118.1500015258789,121.44000244140625,121.43163299560547,226553700.0,567.7000122070312,574.6799926757812,564.7999877929688,572.4400024414062,571.9786376953125,12792300.0,153.07000732421875,154.85000610351562,152.25999450683594,153.7100067138672,153.7100067138672,1343700.0,163.10000610351562,165.0800018310547,162.17999267578125,164.0800018310547,164.0800018310547,21881600,230.0399932861328,233.0,229.64999389648438,233.0,232.48831176757812,54541900.0,18.670000076293945,18.719999313354492,17.329999923706055,18.479999542236328,18.479999542236328,68527300.0,891.3699951171875,910.0,881.4099731445312,886.52001953125,884.366455078125,2142900.0
2024-10-01,37.209999084472656,37.560001373291016,36.04999923706055,36.459999084472656,36.459999084472656,52858000.0,121.7699966430664,122.44000244140625,115.79000091552734,117.0,116.99193572998047,302094500.0,577.97998046875,583.0399780273438,570.0999755859375,576.469970703125,576.00537109375,15259300.0,153.07000732421875,153.07000732421875,149.50999450683594,150.47999572753906,150.47999572753906,1379100.0,164.47999572753906,165.39999389648438,158.0800018310547,159.75,159.75,31831900,229.52000427246094,229.64999389648438,223.74000549316406,226.2100067138672,225.71322631835938,63285000.0,18.700000762939453,18.81999969482422,17.6200008392334,18.020000457763672,18.020000457763672,45154300.0,885.25,886.989990234375,872.75,877.3800048828125,875.2486572265625,1836700.0
2024-10-02,36.29999923706055,37.68000030517578,36.14500045776367,37.4900016784668,37.4900016784668,34988900.0,116.44000244140625,119.37999725341797,115.13999938964844,118.8499984741211,118.84181213378906,221845900.0,574.8599853515625,576.0,569.3400268554688,572.8099975585938,572.3483276367188,6524700.0,150.32000732421875,151.6699981689453,148.92999267578125,151.3699951171875,151.3699951171875,1178200.0,159.30999755859375,163.10000610351562,158.6699981689453,159.77999877929688,159.77999877929688,24630400,225.88999938964844,227.3699951171875,223.02000427246094,226.77999877929688,226.28196716308594,32880600.0,17.709999084472656,17.860000610351562,17.479999542236328,17.709999084472656,17.709999084472656,29643700.0,874.6500244140625,881.22998046875,867.1599731445312,878.530029296875,876.3959350585938,1317100.0
2024-10-03,37.45000076293945,39.290000915527344,37.369998931884766,39.2400016784668,39.2400016784668,57196400.0,120.91999816894531,124.36000061035156,120.33999633789062,122.8499984741211,122.84153747558594,277118000.0,570.1500244140625,583.3599853515625,568.72998046875,582.77001953125,582.30029296875,11581000.0,149.91000366210938,151.19000244140625,146.75999450683594,147.66000366210938,147.66000366210938,1462100.0,159.7100067138672,166.7899932861328,159.39999389648438,162.85000610351562,162.85000610351562,29598800,225.13999938964844,226.80999755859375,223.32000732421875,225.6699981689453,225.17440795898438,34044200.0,17.43000030517578,17.700000762939453,17.110000610351562,17.34000015258789,17.34000015258789,31611000.0,874.4400024414062,881.1799926757812,872.6699829101562,875.6699829101562,873.5427856445312,1451900.0
2024-10-04,39.650001525878906,40.290000915527344,39.400001525878906,40.0099983215332,40.0099983215332,62532500.0,124.94000244140625,125.04000091552734,121.83000183105469,124.91999816894531,124.91139221191406,243678100.0,583.72998046875,596.8499755859375,581.4299926757812,595.9400024414062,595.459716796875,14169500.0,149.0,152.1199951171875,147.77999877929688,151.69000244140625,151.69000244140625,1768100.0,166.52999877929688,171.2100067138672,164.4199981689453,170.89999389648438,170.89999389648438,44556500,227.89999389648438,228.0,224.1300048828125,226.8000030517578,226.30194091796875,37245100.0,17.68000030517578,18.149999618530273,17.549999237060547,18.020000457763672,18.020000457763672,31705200.0,877.989990234375,884.2899780273438,875.6699829101562,883.1099853515625,880.9647216796875,1516400.0
2024-10-07,39.900001525878906,40.150001525878906,38.775001525878906,38.88999938964844,38.88999938964844,44124800.0,124.98999786376953,130.63999938964844,124.94999694824219,127.72000122070312,127.7112045288086,346250200.0,598.219970703125,602.9500122070312,584.0399780273438,584.780029296875,584.3087158203125,12014200.0,151.42999267578125,152.5500030517578,150.4499969482422,152.2100067138672,152.2100067138672,1041500.0,171.0800018310547,172.41000366210938,168.2100067138672,170.97000122070312,170.97000122070312,38379900,224.5,225.69000244140625,221.3300018310547,221.69000244140625,221.2031707763672,39505400.0,17.989999771118164,18.420000076293945,17.829999923706055,18.010000228881836,18.010000228881836,31436400.0,881.5999755859375,887.7100219726562,872.3300170898438,873.5900268554688,871.4678955078125,1963200.0
2024-10-08,39.290000915527344,41.4900016784668,39.01499938964844,41.45000076293945,41.45000076293945,62542900.0,130.25999450683594,133.47999572753906,129.4199981689453,132.88999938964844,132.88084411621094,285722500.0,589.6900024414062,593.5599975585938,585.969970703125,592.8900146484375,592.4121704101562,7857400.0,152.27000427246094,153.0800018310547,151.32000732421875,152.94000244140625,152.94000244140625,757000.0,171.75,173.60000610351562,170.0,172.8000030517578,172.8000030517578,34730200,224.3000030517578,225.97999572753906,223.25,225.77000427246094,225.27420043945312,31855700.0,18.079999923706055,18.989999771118164,18.06999969482422,18.8700008392334,18.8700008392334,35723400.0,876.7000122070312,891.3099975585938,876.7000122070312,890.4199829101562,888.2570190429688,1697900.0
2024-10-09,41.54999923706055,43.34000015258789,41.209999084472656,43.130001068115234,43.130001068115234,86404700.0,134.11000061035156,134.52000427246094,131.3800048828125,132.64999389648438,132.64085388183594,246191600.0,593.989990234375,594.3900146484375,581.6099853515625,590.510009765625,590.0340576171875,9529700.0,153.0,155.3000030517578,152.75999450683594,153.86000061035156,153.86000061035156,880000.0,174.0500030517578,174.0500030517578,169.5500030517578,171.02000427246094,171.02000427246094,33890700,225.22999572753906,229.75,224.8300018310547,229.5399932861328,229.03591918945312,33591100.0,19.149999618530273,20.450000762939453,19.09000015258789,20.200000762939453,20.200000762939453,70901700.0,892.239990234375,910.0,887.8699951171875,909.0999755859375,906.8916015625,1956500.0
2024-10-10,42.91999816894531,43.87799835205078,42.40999984741211,43.52000045776367,43.52000045776367,62516300.0,131.91000366210938,135.0,131.0,134.80999755859375,134.8007049560547,242311300.0,587.5700073242188,590.22998046875,582.52001953125,583.8300170898438,583.3594360351562,7740400.0,152.33999633789062,154.0399932861328,152.27000427246094,153.49000549316406,153.49000549316406,912100.0,169.75999450683594,172.00999450683594,162.0,164.17999267578125,164.17999267578125,75113600,227.77999877929688,229.5,227.1699981689453,229.0399932861328,228.53700256347656,28183500.0,19.860000610351562,20.5,19.719999313354492,20.389999389648438,20.389999389648438,38703100.0,910.0,910.0,891.8400268554688,893.6300048828125,891.4591674804688,1765800.0
2024-10-11,43.400001525878906,44.380001068115234,42.619998931884766,43.5099983215332,43.5099983215332,66206900.0,134.00999450683594,135.77999877929688,133.66000366210938,134.8000030517578,134.79071044921875,170209500.0,584.8300170898438,591.2100219726562,582.7100219726562,589.9500122070312,589.4745483398438,8587100.0,153.05999755859375,156.47999572753906,153.05999755859375,155.08999633789062,155.08999633789062,1311700.0,164.19000244140625,169.35000610351562,163.00999450683594,167.88999938964844,167.88999938964844,42136200,229.3000030517578,229.41000366210938,227.33999633789062,227.5500030517578,227.05029296875,31759200.0,20.459999084472656,20.809999465942383,20.360000610351562,20.43000030517578,20.43000030517578,28855400.0,894.5,894.5,885.5,889.030029296875,886.8704223632812,1527300.0
2024-10-14,43.720001220703125,44.38999938964844,43.279998779296875,43.400001525878906,43.400001525878906,41010900.0,136.47000122070312,139.60000610351562,136.3000030517578,138.07000732421875,138.0605010986328,232347700.0,594.219970703125,600.0999755859375,589.9600219726562,590.4199829101562,589.944091796875,8252000.0,155.50999450683594,156.49000549316406,154.69000244140625,155.42999267578125,155.42999267578125,725100.0,167.77000427246094,168.89999389648438,165.14999389648438,165.27000427246094,165.27000427246094,31757200,228.6999969482422,231.72999572753906,228.60000610351562,231.3000030517578,230.79205322265625,39882100.0,20.329999923706055,20.43000030517578,19.969999313354492,20.209999084472656,20.209999084472656,27465900.0,892.4500122070312,895.1699829101562,886.260009765625,889.760009765625,887.5985717773438,1431500.0
2024-10-15,43.474998474121094,43.68000030517578,41.51499938964844,42.43000030517578,42.43000030517578,48297000.0,137.8699951171875,138.57000732421875,128.74000549316406,131.60000610351562,131.5909423828125,377831000.0,590.1599731445312,590.6099853515625,580.1400146484375,586.27001953125,585.7974853515625,9564200.0,155.36000061035156,157.50999450683594,154.99000549316406,156.0500030517578,156.0500030517578,1310200.0,163.2100067138672,164.1300048828125,155.74000549316406,156.63999938964844,156.63999938964844,50768000,233.61000061035156,237.49000549316406,232.3699951171875,233.85000610351562,233.33645629882812,64751400.0,20.780000686645508,21.799999237060547,20.760000228881836,21.549999237060547,21.549999237060547,46916700.0,892.0900268554688,900.6500244140625,889.5499877929688,894.6099853515625,892.4368286132812,1613900.0
2024-10-16,42.400001525878906,42.4900016784668,40.36000061035156,41.93000030517578,41.93000030517578,59157900.0,133.97999572753906,136.6199951171875,131.5800018310547,135.72000122070312,135.7106475830078,264879700.0,581.4000244140625,582.0800170898438,574.030029296875,576.7899780273438,576.3250732421875,11268400.0,155.88999938964844,155.97000122070312,154.27999877929688,154.91000366210938,154.91000366210938,766300.0,158.07000732421875,158.27999877929688,154.9199981689453,156.1300048828125,156.1300048828125,30575800,231.60000610351562,232.1199951171875,229.83999633789062,231.77999877929688,231.27099609375,34082200.0,21.56999969482422,21.670000076293945,21.290000915527344,21.399999618530273,21.399999618530273,22859800.0,889.9199829101562,891.3300170898438,879.5,887.3800048828125,885.2244262695312,1475500.0
2024-10-17,42.150001525878906,42.70000076293945,41.61000061035156,42.0,42.0,34028400.0,139.33999633789062,140.88999938964844,136.8699951171875,136.92999267578125,136.92056274414062,306435900.0,583.3300170898438,584.969970703125,575.2000122070312,576.9299926757812,576.4650268554688,8701200.0,155.97000122070312,156.52999877929688,154.02999877929688,154.7899932861328,154.7899932861328,816400.0,160.0,160.44000244140625,156.1999969482422,156.25,156.25,29491900,233.42999267578125,233.85000610351562,230.52000427246094,232.14999389648438,231.6401824951172,32993800.0,21.6200008392334,21.780000686645508,21.229999542236328,21.40999984741211,21.40999984741211,20065300.0,891.5599975585938,895.3300170898438,882.7999877929688,885.2899780273438,883.139404296875,1321500.0
2024-10-18,42.01499938964844,42.9900016784668,41.650001525878906,42.970001220703125,42.970001220703125,33969000.0,138.6699981689453,138.89999389648438,137.27999877929688,138.0,137.99049377441406,176090200.0,581.0999755859375,583.969970703125,575.25,576.469970703125,576.00537109375,7694300.0,154.41000366210938,155.8000030517578,154.14999389648438,155.27000427246094,155.27000427246094,976800.0,157.41000366210938,158.00999450683594,155.55999755859375,155.97000122070312,155.97000122070312,23823000,236.17999267578125,236.17999267578125,234.00999450683594,235.0,234.4839324951172,46431500.0,21.360000610351562,21.420000076293945,21.049999237060547,21.31999969482422,21.31999969482422,17996300.0,885.760009765625,890.6099853515625,883.75,889.5599975585938,887.3990478515625,1654000.0
2024-10-21,42.86000061035156,43.400001525878906,42.40999984741211,42.70000076293945,42.70000076293945,30719800.0,138.1300048828125,143.7100067138672,138.0,143.7100067138672,143.70010375976562,264554500.0,576.030029296875,577.239990234375,569.1099853515625,575.1599731445312,574.6964111328125,8171900.0,154.47000122070312,156.92999267578125,154.1300048828125,156.8800048828125,156.8800048828125,1129100.0,155.75999450683594,158.0,154.14999389648438,157.89999389648438,157.89999389648438,25781200,234.4499969482422,236.85000610351562,234.4499969482422,236.47999572753906,235.96067810058594,36254500.0,21.25,21.3799991607666,21.030000686645508,21.280000686645508,21.280000686645508,17595600.0,889.0,891.4000244140625,883.7000122070312,886.77001953125,884.6159057617188,1184900.0
2024-10-22,42.689998626708984,43.4900016784668,42.29999923706055,42.939998626708984,42.939998626708984,27830700.0,142.91000366210938,144.4199981689453,141.77999877929688,143.58999633789062,143.58010864257812,226311600.0,574.2899780273438,583.530029296875,572.1199951171875,582.010009765625,581.5409545898438,8544500.0,156.99000549316406,160.30999755859375,156.52999877929688,160.02000427246094,160.02000427246094,1697000.0,156.60000610351562,156.74000549316406,151.91000366210938,154.08999633789062,154.08999633789062,34997400,233.88999938964844,236.22000122070312,232.60000610351562,235.86000061035156,235.342041015625,38846600.0,21.170000076293945,21.559999465942383,20.780000686645508,21.450000762939453,21.450000762939453,19644100.0,890.97998046875,894.8900146484375,884.3099975585938,893.489990234375,891.3195190429688,1189700.0
2024-10-23,42.849998474121094,43.68000030517578,42.05500030517578,42.59000015258789,42.59000015258789,35647000.0,142.02999877929688,142.42999267578125,137.4600067138672,139.55999755859375,139.55038452148438,285930000.0,579.969970703125,585.0,562.5,563.6900024414062,563.2356567382812,14248400.0,160.0,161.2899932861328,159.22999572753906,161.00999450683594,161.00999450683594,1694800.0,153.0,153.4499969482422,150.52000427246094,152.91000366210938,152.91000366210938,26095900,234.0800018310547,235.13999938964844,227.75999450683594,230.75999450683594,230.25323486328125,52287000.0,21.280000686645508,21.399999618530273,20.81999969482422,21.0,21.0,15934800.0,896.02001953125,905.6799926757812,894.989990234375,899.1699829101562,896.9857177734375,2193500.0
2024-10-24,42.88999938964844,43.72999954223633,42.65999984741211,43.560001373291016,43.560001373291016,34079600.0,140.82000732421875,141.35000610351562,138.4600067138672,140.41000366210938,140.40032958984375,172354900.0,567.1300048828125,568.8800048828125,561.52001953125,567.780029296875,567.3223876953125,7184700.0,161.6199951171875,163.07000732421875,159.9600067138672,161.25999450683594,161.25999450683594,1218900.0,154.74000549316406,155.19000244140625,152.35000610351562,153.44000244140625,153.44000244140625,22877000,229.97999572753906,230.82000732421875,228.41000366210938,230.57000732421875,230.06365966796875,31109500.0,21.049999237060547,21.25,20.610000610351562,20.90999984741211,20.90999984741211,15605400.0,901.5,903.5,888.260009765625,893.4199829101562,891.2496337890625,1649600.0
2024-10-25,43.849998474121094,45.06999969482422,43.64500045776367,44.86000061035156,44.86000061035156,50416500.0,140.92999267578125,144.1300048828125,140.8000030517578,141.5399932861328,141.53024291992188,205122100.0,573.9299926757812,581.2899780273438,571.719970703125,573.25,572.7879638671875,11337900.0,162.39999389648438,163.85000610351562,161.14999389648438,161.7899932861328,161.7899932861328,1040800.0,155.39999389648438,158.91000366210938,155.0500030517578,156.22999572753906,156.22999572753906,29758500,229.74000549316406,233.22000122070312,229.57000732421875,231.41000366210938,230.9018096923828,38802300.0,20.979999542236328,21.059999465942383,20.739999771118164,20.90999984741211,20.90999984741211,16284000.0,895.6500244140625,901.6199951171875,890.0,891.219970703125,889.0549926757812,1425800.0
2024-10-28,45.04999923706055,45.13999938964844,44.68000030517578,44.970001220703125,44.970001220703125,36729700.0,143.0,143.13999938964844,140.0500030517578,140.52000427246094,140.51031494140625,173586700.0,582.0,583.75,574.1199951171875,578.1599731445312,577.6939697265625,10925100.0,162.0,162.13999938964844,160.00999450683594,160.75,160.75,1395700.0,158.5,160.27999877929688,157.0399932861328,159.9199981689453,159.9199981689453,36010100,233.32000732421875,234.72999572753906,232.5500030517578,233.39999389648438,232.88743591308594,36087100.0,21.719999313354492,22.389999389648438,21.549999237060547,21.920000076293945,21.920000076293945,32073400.0,895.989990234375,895.989990234375,890.0,890.9600219726562,888.7957153320312,912500.0
2024-10-29,44.900001525878906,45.06999969482422,44.040000915527344,44.93000030517578,44.93000030517578,26154700.0,140.2899932861328,142.25999450683594,138.89999389648438,141.25,141.24026489257812,157593600.0,580.1500244140625,593.6699829101562,575.4000244140625,593.280029296875,592.8018798828125,13019100.0,160.38999938964844,163.5399932861328,158.64999389648438,162.27999877929688,162.27999877929688,1603500.0,161.10000610351562,167.50999450683594,158.94000244140625,166.25,166.25,71896000,233.10000610351562,234.3300018310547,232.32000732421875,233.6699981689453,233.15684509277344,35417200.0,21.469999313354492,22.350000381469727,21.43000030517578,22.100000381469727,22.100000381469727,27969800.0,890.0,891.1699829101562,874.0900268554688,886.989990234375,884.8353271484375,1361700.0
2024-10-30,44.58000183105469,44.79999923706055,43.61000061035156,43.689998626708984,43.689998626708984,31309200.0,139.5399932861328,140.3300018310547,136.80999755859375,139.33999633789062,139.3303985595703,179418100.0,600.97998046875,601.2000122070312,589.3800048828125,591.7999877929688,591.322998046875,26864900.0,162.1999969482422,164.67999267578125,160.6199951171875,162.88999938964844,162.88999938964844,1659300.0,153.00999450683594,153.1199951171875,148.10000610351562,148.60000610351562,148.60000610351562,87701700,232.61000061035156,233.47000122070312,229.5500030517578,230.10000610351562,229.59469604492188,47070900.0,21.920000076293945,22.299999237060547,21.719999313354492,22.15999984741211,22.15999984741211,23747300.0,886.3800048828125,886.5700073242188,877.3699951171875,879.0900268554688,876.9545288085938,1412200.0
2024-10-31,42.790000915527344,43.31999969482422,40.900001525878906,41.560001373291016,41.560001373291016,50973400.0,137.60000610351562,137.61000061035156,132.11000061035156,132.75999450683594,132.7508544921875,270039600.0,585.0,589.9000244140625,563.010009765625,567.5800170898438,567.12255859375,26838400.0,162.75,164.4600067138672,161.27999877929688,161.72000122070312,161.72000122070312,1414000.0,147.8000030517578,148.67999267578125,143.3300018310547,144.07000732421875,144.07000732421875,44386600,229.33999633789062,229.8300018310547,225.3699951171875,225.91000366210938,225.4138946533203,64370100.0,22.489999771118164,23.049999237060547,21.90999984741211,22.0,22.0,32433300.0,877.2000122070312,877.6500244140625,868.6500244140625,874.1799926757812,872.056396484375,1771900.0
2024-11-01,41.93000030517578,42.56999969482422,41.59000015258789,41.91999816894531,41.91999816894531,33722500.0,134.6999969482422,137.30999755859375,134.57000732421875,135.39999389648438,135.3906707763672,207127800.0,567.6099853515625,573.6699829101562,562.5599975585938,567.1599731445312,566.702880859375,15303200.0,161.1199951171875,164.39999389648438,160.8300018310547,163.77999877929688,163.77999877929688,1457800.0,144.44000244140625,144.5399932861328,141.32000732421875,141.86000061035156,141.86000061035156,39027400,220.97000122070312,225.35000610351562,220.27000427246094,222.91000366210938,222.4204864501953,65276700.0,22.0,22.149999618530273,21.75,21.899999618530273,21.899999618530273,23499000.0,874.27001953125,879.4099731445312,867.3400268554688,877.3099975585938,876.3417358398438,1625200.0
2024-11-04,41.08000183105469,42.040000915527344,41.03200149536133,41.40999984741211,41.40999984741211,75413300.0,137.2100067138672,138.9600067138672,135.57000732421875,136.0500030517578,136.04063415527344,187528200.0,564.0999755859375,568.6900024414062,557.8900146484375,560.6799926757812,560.2280883789062,12064600.0,164.22000122070312,164.6999969482422,161.02000427246094,162.92999267578125,162.92999267578125,1829600.0,141.6999969482422,143.63999938964844,139.72000122070312,140.7100067138672,140.7100067138672,29117400,220.99000549316406,222.7899932861328,219.7100067138672,222.00999450683594,221.52244567871094,44944500.0,21.799999237060547,22.209999084472656,21.549999237060547,21.90999984741211,21.90999984741211,16784900.0,881.3400268554688,887.0,876.72998046875,886.0700073242188,885.092041015625,1576700.0
2024-11-05,47.86000061035156,51.57500076293945,46.86000061035156,51.130001068115234,51.130001068115234,208868200.0,137.4499969482422,140.3699951171875,137.3300018310547,139.91000366210938,139.90036010742188,160537400.0,567.2999877929688,573.47998046875,566.6699829101562,572.4299926757812,571.9686279296875,9775400.0,163.64999389648438,165.49000549316406,162.8000030517578,164.02999877929688,164.02999877929688,1303500.0,141.94000244140625,143.0800018310547,140.8000030517578,141.66000366210938,141.66000366210938,27067300,221.8000030517578,223.9499969482422,221.13999938964844,223.4499969482422,222.95928955078125,28111300.0,21.940000534057617,22.670000076293945,21.940000534057617,22.450000762939453,22.450000762939453,17652300.0,888.0,895.5800170898438,886.7999877929688,890.1699829101562,889.1875,1622300.0
2024-11-06,53.439998626708984,55.689998626708984,51.61000061035156,55.529998779296875,55.529998779296875,114255900.0,142.9600067138672,146.49000549316406,141.9600067138672,145.61000061035156,145.59996032714844,242043900.0,562.75,573.0,555.1699829101562,572.0499877929688,571.5889282226562,18305400.0,166.49000549316406,169.0399932861328,165.35000610351562,166.6199951171875,166.6199951171875,3089300.0,144.9499969482422,145.6300048828125,141.52000427246094,145.10000610351562,145.10000610351562,32911500,222.61000061035156,226.07000732421875,221.19000244140625,222.72000122070312,222.23089599609375,54561100.0,23.6299991607666,24.34000015258789,23.510000228881836,24.229999542236328,24.229999542236328,48011000.0,898.280029296875,899.9000244140625,886.280029296875,899.25,898.2575073242188,2437400.0
2024-11-07,55.81999969482422,56.470001220703125,53.54999923706055,55.880001068115234,55.880001068115234,121591200.0,146.38999938964844,148.92999267578125,146.1699981689453,148.8800048828125,148.8697509765625,207323300.0,576.8900146484375,594.7999877929688,575.2100219726562,591.7000122070312,591.22314453125,14653700.0,174.0,180.52999877929688,171.39999389648438,179.1699981689453,179.1699981689453,3777500.0,146.67999267578125,150.1199951171875,145.66000366210938,149.82000732421875,149.82000732421875,30326400,224.6300048828125,227.8800048828125,224.57000732421875,227.47999572753906,226.98043823242188,42137700.0,23.829999923706055,24.190000534057617,23.68000030517578,23.68000030517578,23.68000030517578,24617800.0,898.6199951171875,919.47998046875,894.3699951171875,913.9299926757812,912.9212646484375,2145500.0
2024-11-08,55.56999969482422,58.47999954223633,55.29999923706055,58.38999938964844,58.38999938964844,84124000.0,148.77000427246094,149.77000427246094,146.25999450683594,147.6300048828125,147.6198272705078,175665800.0,591.5399780273438,593.0999755859375,584.52001953125,589.3400268554688,588.8650512695312,9415700.0,179.1699981689453,179.33999633789062,173.1999969482422,177.89999389648438,177.89999389648438,2225700.0,149.38999938964844,150.7100067138672,147.52999877929688,147.9499969482422,147.9499969482422,27560300,227.1699981689453,228.66000366210938,226.41000366210938,226.9600067138672,226.7107391357422,38328800.0,23.700000762939453,24.40999984741211,23.670000076293945,24.06999969482422,24.06999969482422,18979500.0,914.0,962.0,913.75,943.7999877929688,942.75830078125,3277100.0
2024-11-11,60.132999420166016,62.08000183105469,58.689998626708984,60.2400016784668,60.2400016784668,108357800.0,148.67999267578125,148.85000610351562,143.57000732421875,145.25999450683594,145.24998474121094,182325600.0,586.3599853515625,587.0,576.510009765625,583.1699829101562,582.699951171875,10209100.0,178.44000244140625,180.50999450683594,178.1199951171875,179.38999938964844,179.38999938964844,2134000.0,147.3800048828125,148.57000732421875,144.91000366210938,147.35000610351562,147.35000610351562,29868100,225.0,225.6999969482422,221.5,224.22999572753906,223.98373413085938,42005600.0,24.5,24.729999542236328,24.010000228881836,24.600000381469727,24.600000381469727,20466800.0,943.7999877929688,951.280029296875,931.4400024414062,932.8800048828125,931.8504028320312,2181800.0
2024-11-12,59.0099983215332,60.09000015258789,58.56999969482422,59.849998474121094,59.849998474121094,59061300.0,146.77999877929688,149.64999389648438,146.00999450683594,148.2899932861328,148.27976989746094,198634700.0,588.5399780273438,599.6599731445312,580.3800048828125,584.8200073242188,584.3486328125,16287700.0,178.66000366210938,180.6699981689453,177.1699981689453,180.5500030517578,180.5500030517578,1115100.0,147.0,147.4499969482422,141.5500030517578,143.6300048828125,143.6300048828125,33560300,224.5500030517578,225.58999633789062,223.36000061035156,224.22999572753906,223.98373413085938,40398300.0,24.219999313354492,24.780000686645508,24.209999084472656,24.59000015258789,24.59000015258789,18197400.0,935.9500122070312,939.5599975585938,927.0,932.3800048828125,931.3509521484375,1691400.0
2024-11-13,61.52000045776367,63.38999938964844,59.849998474121094,60.70000076293945,60.70000076293945,85937400.0,149.07000732421875,149.3300018310547,145.89999389648438,146.27000427246094,146.25991821289062,191903300.0,582.6099853515625,585.6400146484375,575.1699829101562,580.0,579.5325317382812,10757600.0,180.2899932861328,182.6199951171875,180.10000610351562,181.8699951171875,181.8699951171875,1074400.0,142.86000061035156,144.49000549316406,139.07000732421875,139.3000030517578,139.3000030517578,35146600,224.00999450683594,226.64999389648438,222.75999450683594,225.1199951171875,224.8727569580078,48566200.0,24.579999923706055,24.829999923706055,24.31999969482422,24.549999237060547,24.549999237060547,17563900.0,930.0,937.5900268554688,923.2000122070312,933.72998046875,932.6994018554688,1757600.0
2024-11-14,61.04999923706055,61.16999816894531,58.529998779296875,59.18000030517578,59.18000030517578,59968200.0,147.63999938964844,149.0,145.5500030517578,146.75999450683594,146.7498779296875,194463300.0,577.0,580.760009765625,573.010009765625,577.1599731445312,576.69482421875,11053700.0,181.0,182.35000610351562,179.2899932861328,181.47999572753906,181.47999572753906,1071500.0,140.33999633789062,141.39999389648438,138.55999755859375,138.83999633789062,138.83999633789062,31681400,225.02000427246094,228.8699951171875,225.0,228.22000122070312,227.9693603515625,44923900.0,24.56999969482422,24.989999771118164,24.260000228881836,24.309999465942383,24.309999465942383,20945300.0,927.0,931.1500244140625,922.1699829101562,923.8900146484375,922.8703002929688,1859900.0
2024-11-15,61.0099983215332,66.0,60.90999984741211,65.7699966430664,65.7699966430664,155280400.0,144.8699951171875,145.24000549316406,140.0800018310547,141.97999572753906,141.97021484375,250132900.0,571.219970703125,572.5700073242188,551.5,554.0800170898438,553.6334228515625,17712900.0,181.0,181.0,176.67999267578125,177.6199951171875,177.6199951171875,1349600.0,136.57000732421875,137.35000610351562,133.64999389648438,134.89999389648438,134.89999389648438,44217500,226.39999389648438,226.9199981689453,224.27000427246094,225.0,224.7528839111328,47923700.0,24.010000228881836,24.40999984741211,23.920000076293945,24.309999465942383,24.309999465942383,18241900.0,917.739990234375,920.5499877929688,905.5599975585938,907.0700073242188,906.06884765625,2269900.0
2024-11-18,64.91999816894531,64.91999816894531,58.849998474121094,61.2599983215332,61.2599983215332,137877600.0,139.5,141.5500030517578,137.14999389648438,140.14999389648438,140.1403350830078,221866000.0,557.0399780273438,559.9000244140625,550.0900268554688,554.4000244140625,553.9531860351562,14346700.0,178.13999938964844,183.36000061035156,177.08999633789062,182.92999267578125,182.92999267578125,1255500.0,138.19000244140625,140.89999389648438,137.2100067138672,138.92999267578125,138.92999267578125,38782400,225.25,229.74000549316406,225.1699981689453,228.02000427246094,227.7695770263672,44686000.0,24.219999313354492,24.639999389648438,23.950000762939453,24.510000228881836,24.510000228881836,24156000.0,910.6400146484375,925.9400024414062,907.1099853515625,919.510009765625,918.4951171875,1797800.0
2024-11-19,59.5099983215332,63.0099983215332,59.26499938964844,62.97999954223633,62.97999954223633,75557800.0,141.32000732421875,147.1300048828125,140.99000549316406,147.00999450683594,146.99986267089844,227834900.0,551.8599853515625,561.4299926757812,550.5999755859375,561.0900268554688,560.6378173828125,9522400.0,182.1199951171875,186.3000030517578,181.05999755859375,186.00999450683594,186.00999450683594,1535800.0,137.41000366210938,139.75,137.13999938964844,139.38999938964844,139.38999938964844,23131400,226.97999572753906,230.16000366210938,226.66000366210938,228.27999877929688,228.02928161621094,36211800.0,24.0,25.219999313354492,23.860000610351562,25.1299991607666,25.1299991607666,27670700.0,928.0,934.0,916.3599853515625,930.1500244140625,929.1234130859375,1690500.0
2024-11-20,62.59000015258789,63.08000183105469,59.959999084472656,62.119998931884766,62.119998931884766,59182200.0,147.41000366210938,147.55999755859375,142.72999572753906,145.88999938964844,145.87994384765625,309871700.0,562.9299926757812,566.3499755859375,554.2000122070312,565.52001953125,565.064208984375,9797300.0,186.07000732421875,186.75,184.1999969482422,185.5,185.5,1364500.0,138.9600067138672,140.77000427246094,135.47999572753906,137.60000610351562,137.60000610351562,28843100,228.05999755859375,229.92999267578125,225.88999938964844,229.0,228.7484893798828,35169600.0,25.18000030517578,25.450000762939453,24.889999389648438,25.079999923706055,25.079999923706055,14496000.0,925.0800170898438,928.7999877929688,916.5,928.0800170898438,927.0557250976562,1452100.0
2024-11-21,62.040000915527344,63.400001525878906,60.89500045776367,61.36000061035156,61.36000061035156,56336700.0,149.35000610351562,152.88999938964844,140.6999969482422,146.6699981689453,146.65989685058594,400946600.0,569.52001953125,570.0,549.0499877929688,563.0900268554688,562.6361694335938,11154700.0,187.30999755859375,187.30999755859375,184.91000366210938,186.5800018310547,186.5800018310547,1168900.0,138.8699951171875,140.27999877929688,134.92999267578125,137.49000549316406,137.49000549316406,29311400,228.8800048828125,230.16000366210938,225.7100067138672,228.52000427246094,228.26902770996094,42108300.0,25.1299991607666,25.600000381469727,25.0,25.350000381469727,25.350000381469727,19109500.0,935.0,958.489990234375,930.0,955.6500244140625,954.5952758789062,2320500.0
2024-11-22,61.599998474121094,64.44000244140625,61.369998931884766,64.3499984741211,64.3499984741211,61381700.0,145.92999267578125,147.16000366210938,141.10000610351562,141.9499969482422,141.94021606445312,236406200.0,563.5499877929688,563.8300170898438,554.5900268554688,559.1400146484375,558.6893920898438,9164000.0,187.0,188.4499969482422,185.8699951171875,188.14999389648438,188.14999389648438,1081900.0,137.35000610351562,139.1300048828125,137.0399932861328,138.35000610351562,138.35000610351562,21784700,228.05999755859375,230.72000122070312,228.05999755859375,229.8699951171875,229.61753845214844,38168300.0,25.350000381469727,25.579999923706055,24.850000381469727,24.899999618530273,24.899999618530273,32540400.0,962.739990234375,976.2999877929688,958.52001953125,964.010009765625,962.946044921875,2078700.0
2024-11-25,66.9000015258789,67.87999725341797,64.08000183105469,64.6500015258789,64.6500015258789,80640500.0,141.99000549316406,142.0500030517578,135.82000732421875,136.02000427246094,136.01063537597656,344941900.0,562.0999755859375,572.5900268554688,556.3900146484375,565.1099853515625,564.654541015625,13599800.0,189.75999450683594,190.42999267578125,187.47000122070312,187.6199951171875,187.6199951171875,2501800.0,140.49000549316406,142.35000610351562,139.0500030517578,141.1300048828125,141.1300048828125,30923100,231.4600067138672,233.25,229.74000549316406,232.8699951171875,232.61424255371094,90152800.0,25.200000762939453,25.440000534057617,25.049999237060547,25.190000534057617,25.190000534057617,24680900.0,975.0,975.0,949.6900024414062,960.8900146484375,959.8294677734375,3240900.0
2024-11-26,64.56999969482422,65.8499984741211,63.88999938964844,65.73999786376953,65.73999786376953,46923600.0,137.6999969482422,139.3000030517578,135.6699981689453,136.9199981689453,136.9105682373047,190287700.0,566.0,577.5,565.2000122070312,573.5399780273438,573.0776977539062,10356600.0,188.19000244140625,189.27999877929688,187.13999938964844,187.85000610351562,187.85000610351562,1788200.0,142.5500030517578,142.8000030517578,136.6199951171875,137.72000122070312,137.72000122070312,32092400,233.3300018310547,235.57000732421875,233.3300018310547,235.05999755859375,234.8018341064453,45986200.0,25.079999923706055,25.799999237060547,24.969999313354492,25.34000015258789,25.34000015258789,20993100.0,964.0,974.3699951171875,960.8900146484375,971.5,970.427734375,1438000.0
2024-11-27,66.23999786376953,67.55999755859375,64.23999786376953,66.05000305175781,66.05000305175781,53839900.0,135.00999450683594,137.22000122070312,131.8000030517578,135.33999633789062,135.33067321777344,226370900.0,574.8900146484375,574.97998046875,564.0999755859375,569.2000122070312,568.7412719726562,7200200.0,188.22999572753906,188.55999755859375,185.35000610351562,185.55999755859375,185.55999755859375,1235800.0,137.1999969482422,137.94000244140625,132.9600067138672,136.24000549316406,136.24000549316406,30175300,234.47000122070312,235.69000244140625,233.80999755859375,234.92999267578125,234.67198181152344,33498400.0,25.350000381469727,25.520000457763672,25.139999389648438,25.139999389648438,25.139999389648438,9131300.0,971.4600219726562,972.2899780273438,958.5900268554688,961.5499877929688,960.4887084960938,1499500.0
2024-11-29,65.88999938964844,67.16000366210938,65.47000122070312,67.08000183105469,67.08000183105469,30104000.0,136.77999877929688,139.35000610351562,136.0500030517578,138.25,138.240478515625,141863200.0,569.0,578.4600219726562,566.9000244140625,574.3200073242188,573.8571166992188,7130500.0,186.2100067138672,189.30999755859375,186.2100067138672,188.3800048828125,188.3800048828125,679600.0,136.24000549316406,138.58999633789062,135.77999877929688,137.17999267578125,137.17999267578125,16085700,234.80999755859375,237.80999755859375,233.97000122070312,237.3300018310547,237.06935119628906,28481400.0,25.270000457763672,25.579999923706055,25.260000228881836,25.43000030517578,25.43000030517578,8047700.0,968.0900268554688,973.27001953125,962.469970703125,971.8800048828125,970.8073120117188,1095900.0
2024-12-02,67.44000244140625,67.87999725341797,65.95999908447266,66.38999938964844,66.38999938964844,46405000.0,138.8300018310547,140.4499969482422,137.82000732421875,138.6300048828125,138.62045288085938,171682800.0,577.5,594.5,575.5700073242188,592.8300170898438,592.3522338867188,12522400.0,188.36000061035156,188.6300048828125,187.0,187.9499969482422,187.9499969482422,1257300.0,137.9199981689453,142.82000732421875,137.8000030517578,142.05999755859375,142.05999755859375,33102400,237.27000427246094,240.7899932861328,237.16000366210938,239.58999633789062,239.3268585205078,48137100.0,25.670000076293945,26.65999984741211,25.6299991607666,25.989999771118164,25.989999771118164,21179700.0,971.3599853515625,976.5,964.760009765625,975.0,973.9238891601562,1955800.0
2024-12-03,66.41000366210938,71.37000274658203,66.1500015258789,70.95999908447266,70.95999908447266,100751400.0,138.25999450683594,140.5399932861328,137.9499969482422,140.25999450683594,140.25033569335938,164414000.0,595.0,614.2000122070312,591.25,613.6500244140625,613.1554565429688,14907200.0,187.39999389648438,188.3800048828125,186.94000244140625,188.05999755859375,188.05999755859375,926700.0,142.5800018310547,143.4499969482422,141.0800018310547,141.97999572753906,141.97999572753906,22665300,239.80999755859375,242.75999450683594,238.89999389648438,242.64999389648438,242.3834991455078,38861000.0,26.09000015258789,26.56999969482422,25.93000030517578,26.110000610351562,26.110000610351562,19172800.0,974.6900024414062,983.0,970.760009765625,982.1500244140625,981.0660400390625,1653900.0
2024-12-04,71.12999725341797,71.18000030517578,67.27999877929688,69.8499984741211,69.8499984741211,86284800.0,142.0,145.7899932861328,140.2899932861328,145.13999938964844,145.1300048828125,231224300.0,612.9600219726562,617.780029296875,605.0999755859375,613.780029296875,613.2853393554688,14697000.0,188.5,188.8800048828125,187.25,188.1999969482422,188.1999969482422,1431300.0,142.9600067138672,144.1199951171875,141.17999267578125,143.99000549316406,143.99000549316406,25942700,242.8699951171875,244.11000061035156,241.25,243.00999450683594,242.74310302734375,44383900.0,26.260000228881836,26.790000915527344,26.260000228881836,26.780000686645508,26.780000686645508,19191500.0,982.0,991.1500244140625,977.5499877929688,990.9199829101562,989.8262939453125,1784700.0
2024-12-05,70.11000061035156,72.9800033569336,69.88999938964844,71.87000274658203,71.87000274658203,66585800.0,145.11000061035156,146.5399932861328,143.9499969482422,145.05999755859375,145.05999755859375,172621200.0,617.0800170898438,619.9000244140625,607.0499877929688,608.9299926757812,608.439208984375,8081200.0,189.35000610351562,191.6300048828125,188.0,190.02999877929688,190.02999877929688,1976700.0,143.67999267578125,143.9499969482422,140.3800048828125,141.36000061035156,141.36000061035156,29576900,243.99000549316406,244.5399932861328,242.1300048828125,243.0399932861328,242.7730712890625,40033900.0,26.989999771118164,27.170000076293945,26.420000076293945,26.450000762939453,26.450000762939453,21657700.0,986.6599731445312,990.1300048828125,978.2000122070312,982.260009765625,981.1759033203125,2089400.0
2024-12-06,72.94999694824219,76.81999969482422,72.27999877929688,76.33999633789062,76.33999633789062,93640900.0,144.60000610351562,145.6999969482422,141.30999755859375,142.44000244140625,142.44000244140625,188505600.0,610.0999755859375,629.7899780273438,608.530029296875,623.77001953125,623.2672729492188,16935500.0,190.36000061035156,191.91000366210938,188.1699981689453,189.7100067138672,189.7100067138672,1500800.0,141.47999572753906,142.7899932861328,137.39999389648438,138.58999633789062,138.58999633789062,33576800,242.91000366210938,244.6300048828125,242.0800018310547,242.83999633789062,242.5732879638672,36870600.0,26.489999771118164,26.649999618530273,25.889999389648438,26.610000610351562,26.610000610351562,18633200.0,982.260009765625,997.7100219726562,982.260009765625,992.6099853515625,991.5144653320312,1737300.0
2024-12-09,80.58000183105469,80.91000366210938,71.05000305175781,72.45999908447266,72.45999908447266,168134800.0,138.97000122070312,139.9499969482422,137.1300048828125,138.80999755859375,138.80999755859375,189308600.0,623.9199829101562,626.4000244140625,606.1699829101562,613.5700073242188,613.0755004882812,11426000.0,188.97000122070312,191.02000427246094,187.6699981689453,187.89999389648438,187.89999389648438,1420500.0,135.7100067138672,135.77000427246094,130.0,130.8699951171875,130.8699951171875,57055600,241.8300018310547,247.24000549316406,241.75,246.75,246.47900390625,44649200.0,26.559999465942383,26.600000381469727,25.329999923706055,25.389999389648438,25.389999389648438,19616000.0,997.010009765625,997.010009765625,980.5,987.8599853515625,986.7697143554688,1855500.0
2024-12-10,71.98999786376953,75.55999755859375,70.7300033569336,70.88999938964844,70.88999938964844,89672500.0,139.00999450683594,141.82000732421875,133.7899932861328,135.07000732421875,135.07000732421875,210020900.0,617.5599975585938,625.5900268554688,612.739990234375,619.3200073242188,618.8208618164062,10938900.0,186.7100067138672,188.24000549316406,184.7100067138672,185.36000061035156,185.36000061035156,1153900.0,131.55999755859375,131.55999755859375,127.06999969482422,127.73999786376953,127.73999786376953,38907200,246.88999938964844,248.2100067138672,245.33999633789062,247.77000427246094,247.4978790283203,36914800.0,25.959999084472656,26.360000610351562,25.639999389648438,25.829999923706055,25.829999923706055,18652700.0,989.72998046875,994.989990234375,985.8800048828125,993.4000244140625,992.3035888671875,1556800.0
2024-12-11,72.9800033569336,73.0,68.06999969482422,72.51000213623047,72.51000213623047,89477700.0,137.36000061035156,140.1699981689453,135.2100067138672,139.30999755859375,139.30999755859375,184905200.0,623.3699951171875,638.4000244140625,621.530029296875,632.6799926757812,632.1700439453125,10837200.0,188.8800048828125,191.25999450683594,186.0500030517578,190.4600067138672,190.4600067138672,1489200.0,128.52000427246094,131.2100067138672,126.22000122070312,130.14999389648438,130.14999389648438,45588100,247.9600067138672,250.8000030517578,246.25999450683594,246.49000549316406,246.2192840576172,45205800.0,25.93000030517578,26.6200008392334,25.93000030517578,26.610000610351562,26.610000610351562,15172100.0,995.0,1007.7999877929688,993.5900268554688,994.6900024414062,993.5921630859375,1903600.0
2024-12-12,72.30000305175781,75.37999725341797,71.9000015258789,73.19999694824219,73.19999694824219,73859700.0,137.0800018310547,138.44000244140625,135.8000030517578,137.33999633789062,137.33999633789062,159211400.0,631.5,636.6599731445312,627.2100219726562,630.7899780273438,630.2815551757812,7474700.0,189.3300018310547,190.5399932861328,188.27000427246094,189.63999938964844,189.63999938964844,796900.0,130.0,132.32000732421875,129.07000732421875,130.60000610351562,130.60000610351562,34267100,246.88999938964844,248.74000549316406,245.67999267578125,247.9600067138672,247.68768310546875,32777500.0,26.5,26.780000686645508,26.18000030517578,26.18000030517578,26.18000030517578,15743800.0,1001.6799926757812,1002.469970703125,987.2100219726562,988.3900146484375,987.2991333007812,2344300.0
2024-12-13,73.48999786376953,76.0999984741211,72.44999694824219,76.06999969482422,76.06999969482422,76172800.0,138.94000244140625,139.60000610351562,132.5399932861328,134.25,134.25,231514900.0,627.219970703125,631.0800170898438,616.8900146484375,620.3499755859375,619.8499755859375,8453300.0,188.3000030517578,188.64999389648438,184.6999969482422,185.47999572753906,185.47999572753906,1327900.0,131.3000030517578,131.3000030517578,124.7699966430664,126.91000366210938,126.91000366210938,67544700,247.82000732421875,249.2899932861328,246.24000549316406,248.1300048828125,247.85748291015625,33155300.0,26.290000915527344,26.40999984741211,25.780000686645508,25.899999618530273,25.899999618530273,13799100.0,981.0,1006.6799926757812,965.72998046875,989.3499755859375,988.258056640625,2951900.0
2024-12-16,75.05999755859375,77.81999969482422,71.16000366210938,75.75,75.75,126099600.0,134.17999267578125,134.39999389648438,130.4199981689453,132.0,132.0,237951100.0,629.97998046875,631.1500244140625,618.5800170898438,624.239990234375,624.239990234375,10885600.0,185.9199981689453,188.77999877929688,185.32000732421875,187.17999267578125,187.17999267578125,1847000.0,126.01000213623047,127.76000213623047,123.12000274658203,126.69000244140625,126.69000244140625,42090300,247.99000549316406,251.3800048828125,247.64999389648438,251.0399932861328,250.7642822265625,51694800.0,26.280000686645508,26.459999084472656,25.850000381469727,25.90999984741211,25.90999984741211,15710900.0,989.0499877929688,1008.25,986.3699951171875,992.8699951171875,991.774169921875,2581300.0
2024-12-17,73.27999877929688,75.31999969482422,71.69999694824219,74.38999938964844,74.38999938964844,75469400.0,129.08999633789062,131.58999633789062,126.86000061035156,130.38999938964844,130.38999938964844,259410300.0,626.1699829101562,632.3699951171875,616.5399780273438,619.4400024414062,619.4400024414062,12897800.0,186.63999938964844,187.32000732421875,185.85000610351562,185.92999267578125,185.92999267578125,1372700.0,124.44999694824219,127.08000183105469,123.1500015258789,125.0199966430664,125.0199966430664,43314900,250.0800018310547,253.8300018310547,249.77999877929688,253.47999572753906,253.20159912109375,51356400.0,25.8700008392334,25.989999771118164,25.399999618530273,25.719999313354492,25.719999313354492,17328000.0,994.0,996.9199829101562,980.760009765625,982.0800170898438,980.99609375,2050200.0
2024-12-18,74.30000305175781,77.5999984741211,70.2699966430664,71.51000213623047,71.51000213623047,109643400.0,133.86000061035156,136.6999969482422,128.27999877929688,128.91000366210938,128.91000366210938,277444500.0,621.0,627.3599853515625,596.3200073242188,597.1900024414062,597.1900024414062,17075500.0,186.52000427246094,188.39999389648438,181.63999938964844,181.89999389648438,181.89999389648438,2022500.0,125.43000030517578,127.75,120.43000030517578,121.41000366210938,121.41000366210938,49724400,252.16000366210938,254.27999877929688,247.74000549316406,248.0500030517578,247.77757263183594,56774100.0,26.110000610351562,26.190000534057617,24.549999237060547,24.81999969482422,24.81999969482422,21896700.0,982.0,985.5999755859375,964.0,964.739990234375,963.6752319335938,2725300.0
2024-12-19,73.98999786376953,76.58999633789062,73.37000274658203,74.20999908447266,74.20999908447266,99524300.0,131.75999450683594,134.02999877929688,129.5500030517578,130.67999267578125,130.67999267578125,209719200.0,610.3900146484375,611.52001953125,595.0,595.5700073242188,595.5700073242188,14958100.0,183.5,184.49000549316406,181.16000366210938,181.3800048828125,181.3800048828125,1570300.0,122.16000366210938,123.37999725341797,118.44999694824219,118.87999725341797,118.87999725341797,46160700,247.5,252.0,247.08999633789062,249.7899932861328,249.51565551757812,60882300.0,25.0,25.450000762939453,24.770000457763672,25.18000030517578,25.18000030517578,21381700.0,974.510009765625,974.6400146484375,953.510009765625,954.7999877929688,953.7461547851562,2610800.0
2024-12-20,72.63999938964844,80.66000366210938,71.5,80.55000305175781,80.55000305175781,281230800.0,129.80999755859375,135.27999877929688,128.22000122070312,134.6999969482422,134.6999969482422,306528600.0,590.5800170898438,603.1099853515625,580.0,585.25,585.25,48989400.0,180.0,184.1999969482422,179.0,181.97000122070312,181.97000122070312,3579400.0,118.0,121.86000061035156,117.9000015258789,119.20999908447266,119.20999908447266,53591200,248.0399932861328,255.0,245.69000244140625,254.49000549316406,254.21051025390625,147495300.0,25.780000686645508,27.139999389648438,25.440000534057617,26.799999237060547,26.799999237060547,61015000.0,949.3900146484375,961.9400024414062,943.0499877929688,954.0700073242188,953.0170288085938,5373800.0
2024-12-23,80.6500015258789,82.0199966430664,77.41000366210938,80.69000244140625,80.69000244140625,93819500.0,136.27999877929688,139.7899932861328,135.1199951171875,139.6699981689453,139.6699981689453,176053500.0,589.5999755859375,601.0900268554688,586.25,599.8499755859375,599.8499755859375,10205800.0,181.08999633789062,183.3699951171875,181.08999633789062,183.22000122070312,183.22000122070312,1198400.0,120.70999908447266,126.33999633789062,120.47000122070312,124.5999984741211,124.5999984741211,47777900,254.77000427246094,255.64999389648438,253.4499969482422,255.27000427246094,254.98965454101562,40858800.0,26.520000457763672,26.540000915527344,25.260000228881836,25.729999542236328,25.729999542236328,35169600.0,953.8800048828125,954.260009765625,937.0,949.9099731445312,948.861572265625,1856800.0
2024-12-24,81.08999633789062,84.7969970703125,81.0,82.37999725341797,82.37999725341797,64983300.0,140.0,141.89999389648438,138.64999389648438,140.22000122070312,140.22000122070312,105157000.0,602.719970703125,607.989990234375,599.280029296875,607.75,607.75,4726100.0,184.0,185.82000732421875,183.6300048828125,185.38999938964844,185.38999938964844,461100.0,127.51000213623047,127.51000213623047,124.66000366210938,126.29000091552734,126.29000091552734,24829600,255.49000549316406,258.2099914550781,255.2899932861328,258.20001220703125,257.91644287109375,23234700.0,26.0,26.049999237060547,25.420000076293945,25.790000915527344,25.790000915527344,10234900.0,950.739990234375,959.3800048828125,945.4500122070312,958.8200073242188,957.7617797851562,939000.0
2024-12-26,83.16000366210938,83.48999786376953,81.30000305175781,82.13999938964844,82.13999938964844,60377100.0,139.6999969482422,140.85000610351562,137.72999572753906,139.92999267578125,139.92999267578125,116205600.0,605.47998046875,606.2999877929688,598.9400024414062,603.3499755859375,603.3499755859375,6081400.0,184.75,187.55999755859375,184.7100067138672,187.16000366210938,187.16000366210938,733500.0,125.5199966430664,127.30000305175781,125.05000305175781,125.05999755859375,125.05999755859375,24998200,258.19000244140625,260.1000061035156,257.6300048828125,259.0199890136719,258.7355041503906,27237100.0,25.479999542236328,25.829999923706055,25.3700008392334,25.65999984741211,25.65999984741211,12363700.0,956.8200073242188,959.4099731445312,954.0,956.1400146484375,955.084716796875,969000.0
2024-12-27,81.41999816894531,82.0,77.93000030517578,79.08000183105469,79.08000183105469,66975900.0,138.5500030517578,139.02000427246094,134.7100067138672,137.00999450683594,137.00999450683594,170582600.0,599.4099731445312,601.8499755859375,589.7999877929688,599.8099975585938,599.8099975585938,8084200.0,187.42999267578125,188.36000061035156,184.6999969482422,186.42999267578125,186.42999267578125,1010700.0,124.37000274658203,126.18000030517578,122.26000213623047,125.19000244140625,125.19000244140625,32924000,257.8299865722656,258.70001220703125,253.05999755859375,255.58999633789062,255.30929565429688,42355300.0,25.40999984741211,25.540000915527344,24.889999389648438,25.079999923706055,25.079999923706055,14967400.0,948.719970703125,950.4500122070312,932.0,939.7000122070312,938.662841796875,1943400.0
2024-12-30,77.04000091552734,79.23999786376953,76.11000061035156,77.18000030517578,77.18000030517578,60850900.0,134.8300018310547,140.27000427246094,134.02000427246094,137.49000549316406,137.49000549316406,167734700.0,588.75,596.9400024414062,585.5800170898438,591.239990234375,591.239990234375,7025900.0,184.19000244140625,185.92999267578125,182.0,184.5399932861328,184.5399932861328,1317100.0,123.55999755859375,124.0999984741211,122.3499984741211,122.44000244140625,122.44000244140625,30501600,252.22999572753906,253.5,250.75,252.1999969482422,251.9230194091797,35557500.0,24.540000915527344,25.350000381469727,24.309999465942383,25.049999237060547,25.049999237060547,15497600.0,931.0,934.1699829101562,915.5,922.2100219726562,921.1921997070312,1881200.0
2024-12-31,77.58000183105469,77.9800033569336,73.6500015258789,75.62999725341797,75.62999725341797,56267900.0,138.02999877929688,138.07000732421875,133.8300018310547,134.2899932861328,134.2899932861328,155659200.0,592.27001953125,593.969970703125,583.8499755859375,585.510009765625,585.510009765625,6019500.0,184.77000427246094,185.77000427246094,183.64999389648438,184.0800018310547,184.0800018310547,1106900.0,123.0999984741211,123.55000305175781,120.13999938964844,120.79000091552734,120.79000091552734,30203400,252.44000244140625,253.27999877929688,249.42999267578125,250.4199981689453,250.1449737548828,39480700.0,24.860000610351562,25.3799991607666,24.860000610351562,24.920000076293945,24.920000076293945,10363500.0,923.6500244140625,924.739990234375,912.5399780273438,916.27001953125,915.2587280273438,1742900.0
2025-01-02,76.19999694824219,76.52999877929688,72.41999816894531,75.19000244140625,75.19000244140625,72217200.0,136.0,138.8800048828125,134.6300048828125,138.30999755859375,138.30999755859375,198247200.0,589.719970703125,604.9099731445312,587.8200073242188,599.239990234375,599.239990234375,12682300.0,184.66000366210938,185.10000610351562,180.8699951171875,183.07000732421875,183.07000732421875,1437600.0,122.29000091552734,123.13999938964844,119.44000244140625,120.62999725341797,120.62999725341797,34256200,248.92999267578125,249.10000610351562,241.82000732421875,243.85000610351562,243.5821990966797,55740700.0,25.1299991607666,25.399999618530273,24.600000381469727,25.010000228881836,25.010000228881836,26418700.0,915.0,925.77001953125,902.0,909.8099975585938,908.8058471679688,1765100.0
2025-01-03,75.38999938964844,79.9800033569336,75.19000244140625,79.88999938964844,79.88999938964844,62415000.0,140.00999450683594,144.89999389648438,139.72999572753906,144.47000122070312,144.47000122070312,229322500.0,604.760009765625,609.5,596.4099731445312,604.6300048828125,604.6300048828125,11436800.0,184.60000610351562,189.17999267578125,184.1999969482422,188.75,188.75,1452700.0,121.6500015258789,125.55999755859375,121.41999816894531,125.37000274658203,125.37000274658203,36785300,243.36000061035156,244.17999267578125,241.88999938964844,243.36000061035156,243.0927276611328,40244100.0,25.030000686645508,25.100000381469727,23.93000030517578,24.3799991607666,24.3799991607666,20575500.0,914.3300170898438,924.2100219726562,911.0,916.5800170898438,915.568359375,1612200.0
2025-01-06,78.69000244140625,80.05999755859375,74.61000061035156,75.91999816894531,75.91999816894531,105619500.0,148.58999633789062,152.16000366210938,147.82000732421875,149.42999267578125,149.42999267578125,265377400.0,611.8300170898438,630.989990234375,605.6199951171875,630.2000122070312,630.2000122070312,14560800.0,190.63999938964844,192.13999938964844,188.30999755859375,188.97999572753906,188.97999572753906,1233400.0,129.07000732421875,130.72999572753906,127.36000061035156,129.5500030517578,129.5500030517578,48020200,244.30999755859375,247.3300018310547,243.1999969482422,245.0,244.73092651367188,45045600.0,24.649999618530273,24.739999771118164,24.059999465942383,24.1299991607666,24.1299991607666,20057300.0,917.97998046875,927.4099731445312,913.27001953125,922.7100219726562,921.691650390625,1970400.0
2025-01-07,75.19999694824219,75.38999938964844,69.75,69.98999786376953,69.98999786376953,91727300.0,153.02999877929688,153.1300048828125,140.00999450683594,140.13999938964844,140.13999938964844,351782200.0,631.7000122070312,632.0999755859375,608.22998046875,617.8900146484375,617.8900146484375,12071500.0,188.08999633789062,188.7100067138672,180.8800048828125,181.75,181.75,2250900.0,130.50999450683594,131.7100067138672,126.8499984741211,127.33000183105469,127.33000183105469,39220400,242.97999572753906,245.5500030517578,241.35000610351562,242.2100067138672,241.94400024414062,40856000.0,24.079999923706055,24.170000076293945,23.270000457763672,23.84000015258789,23.84000015258789,23142500.0,923.8400268554688,931.3099975585938,916.4299926757812,921.3699951171875,920.3530883789062,1888000.0
2025-01-08,68.12000274658203,69.52999877929688,66.51000213623047,68.2300033569336,68.2300033569336,91349500.0,142.5800018310547,143.9499969482422,137.55999755859375,140.11000061035156,140.11000061035156,227349900.0,613.4000244140625,616.4400024414062,602.7899780273438,610.719970703125,610.719970703125,10085800.0,181.58999633789062,183.91000366210938,180.1699981689453,183.74000549316406,183.74000549316406,1976300.0,124.51000213623047,125.30000305175781,120.12000274658203,121.83999633789062,121.83999633789062,46723100,241.9199981689453,243.7100067138672,240.0500030517578,242.6999969482422,242.43344116210938,37628900.0,23.510000228881836,24.270000457763672,23.399999618530273,24.18000030517578,24.18000030517578,18531000.0,922.97998046875,930.5,915.4199829101562,927.3699951171875,926.346435546875,1774800.0
2025-01-10,66.01000213623047,68.19999694824219,65.04000091552734,67.26000213623047,67.26000213623047,78148600.0,137.4499969482422,139.9199981689453,134.22000122070312,135.91000366210938,135.91000366210938,207602500.0,610.030029296875,629.9099731445312,597.3400268554688,615.8599853515625,615.8599853515625,19256600.0,181.89999389648438,182.8800048828125,177.35000610351562,178.61000061035156,178.61000061035156,1420400.0,118.18000030517578,118.70999908447266,114.44999694824219,116.04000091552734,116.04000091552734,59415600,240.00999450683594,240.16000366210938,233.0,236.85000610351562,236.58987426757812,61710900.0,23.549999237060547,24.520000457763672,23.34000015258789,24.270000457763672,24.270000457763672,20698600.0,933.3599853515625,944.280029296875,923.5,936.9400024414062,935.9058837890625,2765800.0
2025-01-13,64.29000091552734,65.68000030517578,63.400001525878906,64.9800033569336,64.9800033569336,69046300.0,129.99000549316406,133.49000549316406,129.50999450683594,133.22999572753906,133.22999572753906,204808900.0,607.0999755859375,608.969970703125,598.4500122070312,608.3300170898438,608.3300170898438,10785000.0,178.61000061035156,179.97999572753906,177.92999267578125,178.75999450683594,178.75999450683594,957500.0,115.27999877929688,117.4800033569336,114.41000366210938,117.31999969482422,117.31999969482422,39128900,233.52999877929688,234.6699981689453,229.72000122070312,234.39999389648438,234.14256286621094,49630700.0,23.729999542236328,24.18000030517578,23.559999465942383,23.889999389648438,23.889999389648438,16174100.0,934.0,934.989990234375,921.0,924.7000122070312,923.679443359375,1693800.0
2025-01-14,67.18000030517578,68.2300033569336,65.19000244140625,65.91000366210938,65.91000366210938,56814900.0,136.0500030517578,136.3800048828125,130.0500030517578,131.75999450683594,131.75999450683594,195590500.0,605.0700073242188,605.489990234375,588.5499877929688,594.25,594.25,13598000.0,178.91000366210938,181.52999877929688,178.64999389648438,180.02999877929688,180.02999877929688,876200.0,118.0,118.66000366210938,114.5,116.08999633789062,116.08999633789062,37005300,234.75,236.1199951171875,232.47000122070312,233.27999877929688,233.02378845214844,39435300.0,24.079999923706055,24.59000015258789,23.829999923706055,24.510000228881836,24.510000228881836,16470100.0,924.2999877929688,927.760009765625,909.9199829101562,917.22998046875,916.2176513671875,1683800.0
2025-01-15,68.55000305175781,68.8499984741211,67.08000183105469,68.13999938964844,68.13999938964844,56025800.0,133.64999389648438,136.4499969482422,131.2899932861328,136.24000549316406,136.24000549316406,185217300.0,610.2100219726562,622.4600219726562,606.5,617.1199951171875,617.1199951171875,15524300.0,183.39999389648438,183.8000030517578,179.5800018310547,181.32000732421875,181.32000732421875,1332000.0,117.55000305175781,120.41999816894531,117.45999908447266,119.95999908447266,119.95999908447266,38185800,234.63999938964844,238.9600067138672,234.42999267578125,237.8699951171875,237.60874938964844,39832000.0,25.219999313354492,25.280000686645508,24.670000076293945,24.940000534057617,24.940000534057617,27603600.0,927.260009765625,932.8699951171875,918.2999877929688,923.5,922.480712890625,1839400.0
2025-01-16,69.08000183105469,71.43000030517578,68.36000061035156,69.23999786376953,69.23999786376953,62908700.0,138.63999938964844,138.75,133.49000549316406,133.57000732421875,133.57000732421875,209235600.0,611.5,616.25,609.7100219726562,611.2999877929688,611.2999877929688,8355300.0,182.27000427246094,184.4600067138672,181.25999450683594,183.3699951171875,183.3699951171875,1282200.0,120.23999786376953,121.08999633789062,118.25,118.44000244140625,118.44000244140625,29414100,237.35000610351562,238.00999450683594,228.02999877929688,228.25999450683594,228.00930786132812,71759100.0,24.90999984741211,25.110000610351562,24.59000015258789,25.049999237060547,25.049999237060547,14694700.0,924.72998046875,927.4000244140625,917.8200073242188,919.75,918.73486328125,1353000.0
2025-01-17,70.9000015258789,72.33999633789062,69.94999694824219,71.7699966430664,71.7699966430664,54754000.0,136.69000244140625,138.5,135.4600067138672,137.7100067138672,137.7100067138672,201188800.0,624.0499877929688,624.969970703125,603.6699829101562,612.77001953125,612.77001953125,17280600.0,186.9499969482422,186.9499969482422,184.82000732421875,186.41000366210938,186.41000366210938,1443700.0,120.77999877929688,122.73999786376953,120.55000305175781,121.45999908447266,121.45999908447266,35765900,232.1199951171875,232.2899932861328,228.47999572753906,229.97999572753906,229.7274169921875,68488300.0,25.200000762939453,26.110000610351562,25.170000076293945,25.850000381469727,25.850000381469727,21345400.0,930.0,943.7999877929688,924.5700073242188,943.1900024414062,942.1489868164062,2375000.0
2025-01-21,73.23999786376953,73.63600158691406,70.60099792480469,73.06999969482422,73.06999969482422,56229000.0,139.16000366210938,141.8300018310547,137.08999633789062,140.8300018310547,140.8300018310547,197749000.0,617.8300170898438,621.5,609.010009765625,616.4600219726562,616.4600219726562,11674000.0,187.5500030517578,189.0399932861328,184.42999267578125,185.13999938964844,185.13999938964844,1611200.0,122.38999938964844,123.75,121.12000274658203,122.27999877929688,122.27999877929688,31578800,224.0,224.4199981689453,219.3800048828125,222.63999938964844,222.39547729492188,98070400.0,26.440000534057617,26.770000457763672,25.530000686645508,25.600000381469727,25.600000381469727,30257400.0,945.25,956.5499877929688,943.5,947.72998046875,946.6839599609375,2042400.0
2025-01-22,74.5,77.16000366210938,73.80000305175781,76.87000274658203,76.87000274658203,66876400.0,144.66000366210938,147.7899932861328,143.6699981689453,147.07000732421875,147.07000732421875,237651400.0,623.2999877929688,633.7000122070312,619.4299926757812,623.5,623.5,12274000.0,185.36000061035156,188.17999267578125,183.5399932861328,187.99000549316406,187.99000549316406,1548500.0,123.08000183105469,125.6500015258789,121.91000366210938,123.75,123.75,35023800,219.7899932861328,224.1199951171875,219.7899932861328,223.8300018310547,223.58416748046875,64126500.0,25.8700008392334,25.920000076293945,25.110000610351562,25.25,25.25,16706300.0,951.22998046875,951.9400024414062,939.239990234375,944.7000122070312,943.6573486328125,2155000.0
2025-01-23,76.04000091552734,79.0,75.83999633789062,78.9800033569336,78.9800033569336,55937900.0,145.0500030517578,147.22999572753906,143.72000122070312,147.22000122070312,147.22000122070312,155915500.0,627.3599853515625,636.5999755859375,621.1500244140625,636.4500122070312,636.4500122070312,9910200.0,183.27999877929688,184.69000244140625,179.61000061035156,183.82000732421875,183.82000732421875,2066900.0,121.43000030517578,123.70999908447266,120.62999725341797,123.04000091552734,123.04000091552734,24921100,224.74000549316406,227.02999877929688,222.3000030517578,223.66000366210938,223.41436767578125,60234800.0,25.25,25.649999618530273,24.950000762939453,25.610000610351562,25.610000610351562,15381900.0,941.6900024414062,943.3900146484375,936.489990234375,942.1599731445312,941.1201171875,1352400.0
2025-01-24,79.05000305175781,82.23999786376953,78.44000244140625,78.9800033569336,78.9800033569336,77931900.0,148.3699951171875,148.97000122070312,141.8800048828125,142.6199951171875,142.6199951171875,234657600.0,636.4000244140625,652.0,634.2000122070312,647.489990234375,647.489990234375,19065300.0,184.0,185.6300048828125,182.57000732421875,185.49000549316406,185.49000549316406,1638800.0,124.55000305175781,125.25,122.2300033569336,122.83999633789062,122.83999633789062,31570300,224.77999877929688,225.6300048828125,221.41000366210938,222.77999877929688,222.5353240966797,54697900.0,25.520000457763672,25.739999771118164,25.350000381469727,25.420000076293945,25.420000076293945,17631700.0,942.1599731445312,946.0399780273438,933.5599975585938,939.6799926757812,938.6428833007812,1562400.0
2025-01-27,74.06999969482422,76.72000122070312,72.66999816894531,75.44000244140625,75.44000244140625,76093300.0,124.80000305175781,128.39999389648438,116.69999694824219,118.41999816894531,118.41999816894531,818830900.0,626.6099853515625,663.8699951171875,625.0999755859375,659.8800048828125,659.8800048828125,28399200.0,185.0500030517578,190.5800018310547,184.17999267578125,187.8699951171875,187.8699951171875,2335500.0,117.80000305175781,118.08000183105469,112.80000305175781,115.01000213623047,115.01000213623047,61067900,224.02000427246094,232.14999389648438,223.97999572753906,229.86000061035156,229.6075439453125,94863400.0,25.010000228881836,25.8700008392334,24.8799991607666,25.68000030517578,25.68000030517578,17600300.0,930.0,966.989990234375,927.1799926757812,965.25,964.1846313476562,3044700.0
2025-01-28,75.54000091552734,80.73999786376953,74.04000091552734,80.2300033569336,80.2300033569336,65916700.0,121.80999755859375,129.0,116.25,128.99000549316406,128.99000549316406,579666400.0,666.0,682.5800170898438,659.469970703125,674.3300170898438,674.3300170898438,20950100.0,186.85000610351562,189.6999969482422,185.72999572753906,187.13999938964844,187.13999938964844,1616100.0,115.18000030517578,116.1500015258789,112.94999694824219,114.16999816894531,114.16999816894531,40554800,230.85000610351562,240.19000244140625,230.80999755859375,238.25999450683594,237.99832153320312,75707600.0,25.790000915527344,27.81999969482422,25.760000228881836,27.770000457763672,27.770000457763672,37778500.0,961.8300170898438,965.7100219726562,954.0700073242188,958.6699829101562,957.6118774414062,2166400.0
2025-01-29,79.94999694824219,80.81999969482422,77.80999755859375,79.76000213623047,79.76000213623047,49262200.0,126.5,126.88999938964844,120.05000305175781,123.69999694824219,123.69999694824219,467120600.0,675.0,681.0499877929688,665.6699829101562,676.489990234375,676.489990234375,21377800.0,186.9199981689453,191.61000061035156,186.9199981689453,190.08999633789062,190.08999633789062,1430400.0,115.7699966430664,118.5199966430664,114.95999908447266,117.3499984741211,117.3499984741211,40199100,234.1199951171875,239.86000061035156,234.00999450683594,239.36000061035156,239.0971221923828,45486100.0,27.770000457763672,28.1200008392334,27.3700008392334,27.90999984741211,27.90999984741211,39258100.0,957.7999877929688,968.260009765625,955.0,964.02001953125,962.9560546875,1713700.0
2025-01-30,80.0199966430664,81.83000183105469,79.37999725341797,81.22000122070312,81.22000122070312,46067500.0,123.0999984741211,125.0,118.0999984741211,124.6500015258789,124.6500015258789,392925500.0,696.8200073242188,710.7899780273438,676.0999755859375,687.0,687.0,29322900.0,190.91000366210938,192.5,189.8800048828125,191.22999572753906,191.22999572753906,1213100.0,118.52999877929688,120.44000244140625,117.08999633789062,118.86000061035156,118.86000061035156,29788400,238.6699981689453,240.7899932861328,237.2100067138672,237.58999633789062,237.3290557861328,55658300.0,28.15999984741211,28.5,28.010000228881836,28.489999771118164,28.489999771118164,19956000.0,970.2999877929688,986.75,970.0999755859375,979.010009765625,977.9295043945312,1788200.0
2025-01-31,81.0,85.22000122070312,80.87000274658203,82.48999786376953,82.48999786376953,79000200.0,123.77999877929688,127.8499984741211,119.19000244140625,120.06999969482422,120.06999969482422,390372900.0,691.0,705.2999877929688,685.5800170898438,689.1799926757812,689.1799926757812,19331700.0,190.07000732421875,190.92999267578125,185.38999938964844,185.50999450683594,185.50999450683594,1680700.0,119.13999938964844,119.56999969482422,115.33000183105469,115.94999694824219,115.94999694824219,40533600,247.19000244140625,247.19000244140625,233.44000244140625,236.0,235.74081420898438,101075100.0,28.530000686645508,28.719999313354492,27.600000381469727,27.670000076293945,27.670000076293945,18068000.0,976.239990234375,991.0,975.780029296875,979.8800048828125,978.7985229492188,1875700.0
2025-02-03,80.125,84.25,78.47000122070312,83.73999786376953,83.73999786376953,126592700.0,114.75,118.56999969482422,113.01000213623047,116.66000366210938,116.66000366210938,371235700.0,675.9099731445312,704.0,675.25,697.4600219726562,697.4600219726562,21415700.0,184.6199951171875,187.58999633789062,182.88999938964844,186.07000732421875,186.07000732421875,1741400.0,113.87999725341797,115.16000366210938,112.9800033569336,114.2699966430664,114.2699966430664,34586100,229.99000549316406,231.8300018310547,225.6999969482422,228.00999450683594,227.75958251953125,73063300.0,26.520000457763672,27.530000686645508,26.270000457763672,27.049999237060547,27.049999237060547,18261600.0,972.3900146484375,1009.6099853515625,968.9400024414062,1005.8300170898438,1004.7199096679688,2751000.0
2025-02-04,102.80000305175781,106.91000366210938,100.51000213623047,103.83000183105469,103.83000183105469,230806800.0,116.95999908447266,121.19999694824219,116.69999694824219,118.6500015258789,118.6500015258789,256550000.0,702.5,707.7100219726562,691.6099853515625,704.1900024414062,704.1900024414062,13826300.0,186.13999938964844,186.61000061035156,182.66000366210938,183.5399932861328,183.5399932861328,1661200.0,115.44999694824219,119.8499984741211,114.79000091552734,119.5,119.5,69412100,227.25,233.1300048828125,226.64999389648438,232.8000030517578,232.54432678222656,45067300.0,27.18000030517578,27.34000015258789,26.610000610351562,27.09000015258789,27.09000015258789,18287100.0,1005.4000244140625,1024.3499755859375,999.6500244140625,1021.8599853515625,1020.732177734375,2001600.0
2025-02-05,101.77999877929688,103.56999969482422,99.31999969482422,101.36000061035156,101.36000061035156,90628300.0,121.76000213623047,125.0,120.76000213623047,124.83000183105469,124.83000183105469,262230800.0,703.5499877929688,718.1400146484375,699.010009765625,704.8699951171875,704.8699951171875,17778200.0,185.10000610351562,186.1699981689453,182.9199981689453,184.9199981689453,184.9199981689453,1697800.0,107.61000061035156,112.08999633789062,106.5,112.01000213623047,112.01000213623047,110385200,228.52999877929688,232.6699981689453,228.27000427246094,232.47000122070312,232.21469116210938,39620300.0,27.290000915527344,27.59000015258789,26.739999771118164,27.190000534057617,27.190000534057617,13072200.0,1020.0,1043.0899658203125,1020.0,1042.8800048828125,1041.72900390625,2047600.0
2025-02-06,101.08999633789062,111.54499816894531,100.26000213623047,111.27999877929688,111.27999877929688,128217500.0,127.41999816894531,128.77000427246094,125.20999908447266,128.67999267578125,128.67999267578125,251483600.0,705.8800048828125,718.9000244140625,703.5,711.989990234375,711.989990234375,13080700.0,184.0800018310547,184.52999877929688,181.86000061035156,183.0800018310547,183.0800018310547,2779700.0,110.93000030517578,112.55999755859375,109.0199966430664,110.16000366210938,110.16000366210938,50426600,231.2899932861328,233.8000030517578,230.42999267578125,233.22000122070312,232.9638671875,29925300.0,27.280000686645508,27.56999969482422,26.940000534057617,27.440000534057617,27.440000534057617,14071200.0,1050.0,1063.0,1044.199951171875,1050.989990234375,1049.8299560546875,2218000.0
2025-02-07,111.66000366210938,116.30000305175781,110.44999694824219,110.8499984741211,110.8499984741211,143795400.0,129.22000122070312,130.3699951171875,125.0,129.83999633789062,129.83999633789062,228186300.0,716.7999877929688,725.010009765625,711.75,714.52001953125,714.52001953125,16427100.0,198.0,212.8800048828125,195.97000122070312,208.77000427246094,208.77000427246094,6798600.0,109.12999725341797,109.91999816894531,106.79000091552734,107.55999755859375,107.55999755859375,46082500,232.60000610351562,234.0,227.25999450683594,227.6300048828125,227.3800048828125,39707200.0,27.540000915527344,27.81999969482422,26.670000076293945,26.75,26.75,15149200.0,1047.0,1056.7099609375,1035.510009765625,1043.81005859375,1043.81005859375,1632900.0
2025-02-10,112.02999877929688,116.76000213623047,108.72000122070312,116.6500015258789,116.6500015258789,99938100.0,130.08999633789062,135.0,129.9600067138672,133.57000732421875,133.57000732421875,216989100.0,718.5599975585938,721.2000122070312,711.3300170898438,717.4000244140625,717.4000244140625,12904300.0,210.00999450683594,215.83999633789062,206.27999877929688,212.50999450683594,212.50999450683594,3454100.0,108.44000244140625,111.4000015258789,108.1500015258789,110.4800033569336,110.4800033569336,34905400,229.57000732421875,230.58999633789062,227.1999969482422,227.64999389648438,227.64999389648438,33115600.0,26.75,26.93000030517578,26.010000228881836,26.100000381469727,26.100000381469727,14713100.0,1052.0,1063.0,1046.0,1061.9200439453125,1061.9200439453125,2036900.0
2025-02-11,116.5,118.66000366210938,112.0999984741211,112.62000274658203,112.62000274658203,93927900.0,132.5800018310547,134.47999572753906,131.02000427246094,132.8000030517578,132.8000030517578,178355800.0,713.3200073242188,723.6599731445312,710.0399780273438,719.7999877929688,719.7999877929688,12982600.0,212.27000427246094,214.0399932861328,208.3800048828125,209.94000244140625,209.94000244140625,1783200.0,108.9800033569336,113.06999969482422,108.94000244140625,111.0999984741211,111.0999984741211,34956300,228.1999969482422,235.22999572753906,228.1300048828125,232.6199951171875,232.6199951171875,53677600.0,25.799999237060547,25.850000381469727,25.329999923706055,25.610000610351562,25.610000610351562,14030500.0,1059.9100341796875,1066.0,1049.0400390625,1058.3399658203125,1058.3399658203125,1747800.0
